participant,session,window_id,DU.key1.key1_median,DU.key1.key2_median,unique_key1_count,unique_transition_count,consecutive_key1_repetition_rate,backspace_rate,productivity_score
p001,1,0,0.095,0.3045,20,38,0.0,0.0,64.12791912791913
p001,1,1,0.0865,0.3335,18,41,0.0204081632653061,0.0,59.95212245212246
p001,1,2,0.0945,0.3395,19,41,0.0204081632653061,0.0,59.82771232771233
p001,1,3,0.0895,0.2665,19,41,0.0612244897959183,0.08,56.15618365618366
p001,1,4,0.103,0.293,22,44,0.0408163265306122,0.0,71.06661606661608
p001,1,5,0.0975,0.285,15,40,0.0612244897959183,0.0,51.382068882068886
p001,1,6,0.0905,0.311,19,38,0.0204081632653061,0.0,59.78679228679229
p001,1,7,0.087,0.266,18,41,0.0,0.0,68.97078397078397
p001,1,8,0.09,0.2885,21,44,0.0,0.0,76.99325699325699
p001,1,9,0.103,0.313,19,41,0.0,0.0,62.83750783750784
p001,1,10,0.094,0.3265,20,45,0.0,0.02,69.28631928631928
p001,1,11,0.097,0.267,17,31,0.1020408163265306,0.14,30.26669526669525
p001,1,12,0.096,0.2535,17,36,0.1020408163265306,0.12,36.27209627209627
p001,1,13,0.0955,0.2875,19,41,0.0204081632653061,0.0,64.7948222948223
p001,1,14,0.083,0.264,21,43,0.0,0.0,79.83032483032483
p001,1,15,0.083,0.2765,18,42,0.0408163265306122,0.0,65.39226039226038
p001,1,16,0.088,0.292,19,40,0.1836734693877551,0.22,33.8956538956539
p001,1,17,0.088,0.3025,19,41,0.0612244897959183,0.0,60.31713031713033
p001,1,18,0.1025,0.271,21,44,0.0,0.02,73.91696641696643
p001,1,19,0.09,0.2765,20,41,0.1020408163265306,0.06,54.50703450703451
p001,1,20,0.087,0.272,19,39,0.0204081632653061,0.02,63.95422895422896
p001,1,21,0.087,0.249,21,47,0.0204081632653061,0.02,81.27484627484627
p001,1,22,0.081,0.2655,17,39,0.0,0.0,65.5043505043505
p001,1,23,0.0875,0.3035,19,42,0.0,0.0,68.76098626098626
p001,1,24,0.0925,0.2955,17,41,0.0816326530612244,0.06,47.24798974798976
p001,1,25,0.1005,0.292,20,43,0.0,0.02,68.62805112805113
p001,1,26,0.088,0.2995,20,38,0.0,0.0,66.2950862950863
p001,1,27,0.087,0.268,19,43,0.0204081632653061,0.0,71.33468633468632
p001,1,28,0.09,0.308,19,41,0.0,0.0,66.43324643324642
p001,1,29,0.0955,0.291,17,42,0.0,0.0,63.34557084557085
p001,1,30,0.0965,0.301,21,45,0.0408163265306122,0.08,63.30712580712582
p001,1,31,0.092,0.287,17,41,0.0204081632653061,0.0,60.91630091630092
p001,1,32,0.092,0.2695,19,44,0.0204081632653061,0.0,71.27611127611128
p001,1,33,0.0875,0.2685,18,42,0.0204081632653061,0.0,67.50258500258501
p001,1,34,0.0935,0.2925,20,43,0.0,0.0,72.0965195965196
p001,1,35,0.0854999999999999,0.2635,21,38,0.0816326530612244,0.1,54.09181159181162
p001,1,36,0.094,0.2645,18,47,0.0204081632653061,0.02,70.9137709137709
p001,1,37,0.087,0.2685,17,39,0.0816326530612244,0.12,43.14055814055814
p001,1,38,0.0885,0.271,21,39,0.0408163265306122,0.0,67.92999042999044
p001,1,39,0.095,0.271,17,41,0.0,0.0,64.18456918456918
p001,1,40,0.087,0.304,23,49,0.0408163265306122,0.02,78.15029315029315
p001,1,41,0.0875,0.251,18,38,0.0204081632653061,0.0,64.12613162613162
p001,1,42,0.0875,0.277,26,43,0.0204081632653061,0.06,74.28299178299177
p001,1,43,0.088,0.2515,25,47,0.0,0.0,89.78120978120978
p001,1,44,0.08,0.3145,20,42,0.0204081632653061,0.0,69.44559944559946
p001,2,0,0.095,0.264,18,44,0.0408163265306122,0.08,58.94306394306394
p001,2,1,0.0955,0.287,21,43,0.0408163265306122,0.06,64.23437173437173
p001,2,2,0.0955,0.295,20,48,0.0204081632653061,0.04,70.41362791362792
p001,2,3,0.098,0.272,22,44,0.0,0.0,79.12109912109912
p001,2,4,0.0965,0.2785,19,39,0.0816326530612244,0.1,46.491408991409
p001,2,5,0.098,0.2955,23,43,0.0,0.0,77.86764786764788
p001,2,6,0.107,0.306,18,41,0.0,0.0,60.20487520487521
p001,2,7,0.097,0.2605,15,31,0.1836734693877551,0.2,20.070785070785067
p001,2,8,0.1035,0.2605,18,39,0.0408163265306122,0.1,49.00749650749651
p001,2,9,0.112,0.2755,19,40,0.0204081632653061,0.0,60.78540078540078
p001,2,10,0.103,0.262,17,40,0.0816326530612244,0.12,41.26373626373627
p001,2,11,0.104,0.327,17,40,0.0204081632653061,0.02,50.92125092125093
p001,2,12,0.1035,0.3115,21,43,0.0,0.0,70.19461769461769
p001,2,13,0.098,0.301,19,37,0.0204081632653061,0.0,57.72002772002772
p001,2,14,0.112,0.313,21,44,0.0,0.02,67.45085745085746
p001,2,15,0.104,0.3205,24,48,0.0,0.0,79.06477906477907
p001,2,16,0.107,0.304,18,40,0.0408163265306122,0.06,48.80556380556381
p001,2,17,0.1035,0.3005,19,35,0.3265306122448979,0.3,22.944070444070444
p001,2,18,0.1015,0.295,20,42,0.0,0.02,66.80760430760431
p001,2,19,0.095,0.315,22,45,0.0408163265306122,0.04,68.34752334752334
p001,2,20,0.095,0.294,19,41,0.0204081632653061,0.04,60.55951555951555
p001,2,21,0.096,0.3385,20,40,0.0204081632653061,0.02,58.81771881771882
p001,2,22,0.0985,0.2815,22,43,0.0408163265306122,0.0,72.0071445071445
p001,2,23,0.1025,0.311,20,41,0.1020408163265306,0.0,53.63294613294613
p001,2,24,0.103,0.278,17,31,0.0408163265306122,0.0,47.84284284284285
p001,2,25,0.11,0.272,21,41,0.0,0.0,70.03685003685004
p001,2,26,0.1095,0.331,17,37,0.0408163265306122,0.06,39.280516780516784
p001,2,27,0.1025,0.272,22,44,0.0,0.02,76.1978186978187
p001,2,28,0.0975,0.2955,23,44,0.0204081632653061,0.02,75.03594253594254
p001,2,29,0.1045,0.2935,19,42,0.0,0.0,65.71436821436822
p001,2,30,0.104,0.307,23,45,0.0,0.0,77.85202785202786
p001,2,31,0.103,0.279,20,39,0.1020408163265306,0.1,44.89373989373989
p001,2,32,0.1015,0.2835,20,41,0.0204081632653061,0.0,66.14760364760365
p001,2,33,0.1,0.291,22,46,0.0408163265306122,0.06,68.989648989649
p001,2,34,0.095,0.287,19,38,0.1224489795918367,0.14,36.25004125004124
p001,2,35,0.104,0.28,21,43,0.0408163265306122,0.08,61.05941105941107
p001,2,36,0.108,0.297,23,43,0.0816326530612244,0.08,58.40532840532842
p001,2,37,0.104,0.2795,22,39,0.0,0.0,70.53152053152053
p001,2,38,0.1045,0.3425,20,37,0.0,0.0,56.78015928015928
p001,2,39,0.104,0.271,17,40,0.0204081632653061,0.0,58.37870837870838
p001,2,40,0.1005,0.2925,18,42,0.0408163265306122,0.04,55.92028842028842
p001,2,41,0.1105,0.301,21,41,0.0204081632653061,0.02,62.78209528209529
p001,2,42,0.0995,0.286,17,39,0.0612244897959183,0.0,51.904679404679406
p001,2,43,0.0995,0.291,21,41,0.0,0.0,70.63494813494813
p001,2,44,0.099,0.28,19,42,0.0408163265306122,0.0,63.61333861333861
p001,2,45,0.098,0.2795,20,39,0.0204081632653061,0.0,64.81723481723482
p001,2,46,0.11,0.2825,21,40,0.0612244897959183,0.04,56.85718685718687
p001,2,47,0.1035,0.3255,21,42,0.0,0.0,67.511165011165
p001,2,48,0.098,0.2815,20,42,0.0204081632653061,0.0,68.46318846318846
p002,1,0,0.081,0.2135,20,38,0.0204081632653061,0.02,72.33755733755733
p002,1,1,0.08,0.208,17,45,0.0612244897959183,0.08,64.64024464024465
p002,1,2,0.08,0.229,18,43,0.0204081632653061,0.04,70.82060082060083
p002,1,3,0.087,0.2135,21,38,0.0,0.02,75.67089067089067
p002,1,4,0.075,0.2085,19,40,0.1428571428571428,0.14,49.05295405295405
p002,1,5,0.079,0.215,20,41,0.1224489795918367,0.14,53.49387849387849
p002,1,6,0.0845,0.216,17,38,0.1020408163265306,0.08,49.03175153175152
p002,1,7,0.08,0.2355,16,33,0.0816326530612244,0.12,39.31931931931933
p002,1,8,0.084,0.204,17,35,0.1428571428571428,0.18,32.23443223443223
p002,1,9,0.0845,0.2135,19,41,0.0,0.0,77.2022297022297
p002,1,10,0.08,0.2255,22,43,0.0408163265306122,0.08,74.61010461010461
p002,1,11,0.081,0.2305,19,42,0.0,0.0,77.61591261591262
p002,1,12,0.0765,0.2145,18,43,0.0204081632653061,0.06,71.25353375353374
p002,1,13,0.0835,0.2329999999999999,21,41,0.0,0.02,78.39842589842591
p002,1,14,0.082,0.2225,20,41,0.0,0.02,77.42566742566741
p002,1,15,0.0805,0.221,21,45,0.0204081632653061,0.04,81.20931370931372
p002,1,16,0.085,0.21,20,35,0.0204081632653061,0.02,67.8893728893729
p002,1,17,0.0854999999999999,0.2235,17,44,0.0204081632653061,0.0,72.6664301664302
p002,1,18,0.085,0.213,18,36,0.1020408163265306,0.1,47.178002178002174
p002,1,19,0.082,0.206,20,44,0.0204081632653061,0.0,82.34432234432235
p002,1,20,0.0745,0.2015,18,43,0.1224489795918367,0.08,58.77391127391128
p002,1,21,0.085,0.231,18,38,0.0612244897959183,0.12,50.85035585035585
p002,1,22,0.086,0.238,21,39,0.0408163265306122,0.0,71.82853182853184
p002,1,23,0.085,0.2125,15,37,0.0612244897959183,0.1,48.51010351010351
p002,1,24,0.0865,0.2285,23,45,0.0,0.02,88.02470052470052
p002,1,25,0.09,0.2355,17,36,0.0,0.0,62.518342518342514
p002,1,26,0.086,0.238,17,44,0.0612244897959183,0.04,62.630322630322645
p002,1,27,0.085,0.201,20,41,0.0,0.0,80.16483516483517
p002,1,28,0.089,0.2395,20,40,0.0,0.02,72.77524777524778
p002,1,29,0.085,0.2145,18,42,0.0204081632653061,0.0,73.5032285032285
p002,1,30,0.0825,0.2295,19,44,0.0,0.02,78.07112057112056
p002,1,31,0.085,0.231,19,45,0.0,0.0,80.45963545963546
p002,1,32,0.0845,0.2235,19,41,0.0,0.02,74.34937684937684
p002,1,33,0.08,0.243,16,43,0.1224489795918367,0.14,43.493273493273485
p002,1,34,0.0875,0.24,20,45,0.0612244897959183,0.06,68.64603614603615
p002,1,35,0.088,0.216,18,41,0.0204081632653061,0.0,71.35674135674135
p002,1,36,0.0875,0.228,21,43,0.0,0.0,82.36249986249986
p002,1,37,0.0885,0.235,20,40,0.0408163265306122,0.06,64.87913737913739
p002,1,38,0.087,0.2525,18,47,0.0408163265306122,0.04,69.54883454883455
p002,1,39,0.0854999999999999,0.2205,20,44,0.0,0.0,82.49053999054001
p002,1,40,0.0755,0.2305,19,43,0.0204081632653061,0.0,77.82653532653532
p002,1,41,0.089,0.218,18,39,0.0,0.0,70.73529573529574
p002,1,42,0.0805,0.255,17,38,0.2040816326530612,0.22,32.05906455906456
p002,1,43,0.0805,0.215,21,39,0.0204081632653061,0.02,75.96945846945847
p002,1,44,0.0854999999999999,0.2385,27,46,0.0,0.02,88.54384604384607
p002,1,45,0.083,0.2155,23,47,0.0408163265306122,0.06,84.25782925782926
p002,1,46,0.086,0.2205,21,45,0.0204081632653061,0.0,83.65354365354365
p002,1,47,0.085,0.235,15,34,0.0408163265306122,0.08,46.644501644501645
p002,1,48,0.085,0.226,18,42,0.1224489795918367,0.18,43.78064878064878
p002,2,0,0.0805,0.2055,17,39,0.0408163265306122,0.06,61.21184371184372
p002,2,1,0.081,0.1915,21,43,0.0204081632653061,0.02,81.82946682946684
p002,2,2,0.081,0.218,19,46,0.0816326530612244,0.04,70.76785576785578
p002,2,3,0.0825,0.2675,25,47,0.0,0.02,87.63728013728013
p002,2,4,0.084,0.218,24,46,0.0,0.04,89.1011891011891
p002,2,5,0.081,0.2265,23,43,0.0,0.04,85.11847011847011
p002,2,6,0.0825,0.2065,21,43,0.0204081632653061,0.04,79.62047212047212
p002,2,7,0.089,0.21,17,38,0.0,0.04,64.16938916938918
p002,2,8,0.087,0.208,20,36,0.0,0.02,71.27638627638628
p002,2,9,0.0825,0.204,19,39,0.0612244897959183,0.1,59.41290191290192
p002,2,10,0.0805,0.2115,17,38,0.0,0.02,67.8949003949004
p002,2,11,0.089,0.2305,16,40,0.0204081632653061,0.0,63.62323862323863
p002,2,12,0.08,0.2255,22,46,0.0204081632653061,0.08,80.83721083721083
p002,2,13,0.089,0.2425,18,39,0.0204081632653061,0.08,58.4944834944835
p002,2,14,0.0905,0.2015,20,45,0.0,0.0,83.98351648351648
p002,2,15,0.0815,0.243,21,46,0.0204081632653061,0.06,78.1992156992157
p002,2,16,0.088,0.2545,21,45,0.0612244897959183,0.08,67.60463760463762
p002,2,17,0.087,0.226,22,42,0.0408163265306122,0.02,77.16689216689217
p002,2,18,0.0845,0.22,21,43,0.0408163265306122,0.06,73.56012606012607
p002,2,19,0.084,0.224,21,44,0.0204081632653061,0.02,80.64548064548065
p002,2,20,0.0854999999999999,0.2,17,34,0.0612244897959183,0.1,47.52645502645506
p002,2,21,0.083,0.215,21,45,0.0204081632653061,0.0,84.91837991837991
p002,2,22,0.085,0.2235,22,43,0.0612244897959183,0.04,74.94257994257994
p002,2,23,0.083,0.2475,19,40,0.0612244897959183,0.02,63.87920887920888
p002,2,24,0.085,0.228,17,29,0.0612244897959183,0.0,54.75260975260975
p002,2,25,0.084,0.2275,19,42,0.0408163265306122,0.08,65.03261503261504
p002,2,26,0.0875,0.232,19,41,0.0408163265306122,0.08,62.46677996677996
p002,2,27,0.0815,0.227,22,44,0.0612244897959183,0.08,73.0039105039105
p002,2,28,0.081,0.2285,18,36,0.0816326530612244,0.12,47.10793210793212
p002,2,29,0.0875,0.2165,20,43,0.0204081632653061,0.0,78.75174625174624
p002,2,30,0.086,0.236,18,38,0.0,0.06,62.810172810172816
p002,2,31,0.089,0.218,20,42,0.0,0.0,79.34335434335435
p002,2,32,0.084,0.251,21,39,0.0612244897959183,0.04,64.91876491876492
p002,2,33,0.082,0.2155,20,44,0.1020408163265306,0.14,58.95664895664896
p002,2,34,0.0854999999999999,0.228,23,46,0.0612244897959183,0.08,76.89648439648442
p002,2,35,0.0825,0.2095,21,42,0.0408163265306122,0.06,73.80531630531631
p002,2,36,0.0854999999999999,0.2255,21,43,0.0408163265306122,0.02,76.47518397518401
p002,2,37,0.0815,0.216,24,46,0.0204081632653061,0.02,89.36752686752686
p002,2,38,0.084,0.2175,19,35,0.0612244897959183,0.12,50.974600974600975
p002,2,39,0.086,0.231,21,39,0.0408163265306122,0.08,65.12182512182513
p002,2,40,0.0795,0.207,17,39,0.0204081632653061,0.02,67.48454498454498
p002,2,41,0.084,0.216,17,44,0.0612244897959183,0.08,61.60501160501162
p002,2,42,0.0805,0.2615,18,41,0.0408163265306122,0.1,56.94768944768945
p002,2,43,0.0775,0.2125,19,43,0.0612244897959183,0.0,74.39024189024188
p002,2,44,0.086,0.2305,21,42,0.0,0.04,77.4836374836375
p002,2,45,0.091,0.218,19,38,0.0204081632653061,0.0,68.97705397705398
p002,2,46,0.0785,0.216,20,44,0.0408163265306122,0.04,76.14204864204865
p002,2,47,0.0849999999999999,0.2065,19,42,0.0408163265306122,0.04,70.60032560032563
p002,2,48,0.0805,0.2299999999999999,20,44,0.0408163265306122,0.04,74.26445676445678
p002,2,49,0.081,0.2334999999999999,21,40,0.0408163265306122,0.04,71.04780604780606
p003,1,0,0.0835,0.167,21,38,0.0,0.0,79.05677655677655
p003,1,1,0.076,0.1575,18,42,0.0204081632653061,0.0,76.44688644688644
p003,1,2,0.076,0.155,18,41,0.0204081632653061,0.0,75.16483516483517
p003,1,3,0.0735,0.173,19,38,0.1020408163265306,0.14,51.80809930809931
p003,1,4,0.076,0.159,21,44,0.0408163265306122,0.0,83.77289377289377
p003,1,5,0.0725,0.185,18,40,0.1020408163265306,0.12,54.081196581196586
p003,1,6,0.081,0.163,19,45,0.0408163265306122,0.0,79.1025641025641
p003,1,7,0.0835,0.162,19,42,0.0,0.0,79.42307692307692
p003,1,8,0.076,0.1725,19,42,0.0,0.02,79.35693935693938
p003,1,9,0.084,0.1765,21,43,0.0,0.0,85.34798534798534
p003,1,10,0.0815,0.198,17,31,0.1428571428571428,0.18,31.547619047619047
p003,1,11,0.075,0.16,19,43,0.0,0.04,79.02523402523403
p003,1,12,0.0805,0.1975,18,36,0.0816326530612244,0.12,49.42918192918194
p003,1,13,0.0805,0.1555,18,39,0.0,0.02,72.05840455840455
p003,1,14,0.078,0.177,19,43,0.0204081632653061,0.02,77.78184778184779
p003,1,15,0.0805,0.1655,21,44,0.0204081632653061,0.06,79.52686202686202
p003,1,16,0.0795,0.167,18,42,0.0408163265306122,0.0,73.23260073260072
p003,1,17,0.08,0.1755,20,44,0.0204081632653061,0.0,82.82051282051282
p003,1,18,0.075,0.1585,20,41,0.0204081632653061,0.0,80.16483516483517
p003,1,19,0.0815,0.161,18,40,0.0408163265306122,0.0,70.1923076923077
p003,1,20,0.084,0.168,18,39,0.0204081632653061,0.0,70.6959706959707
p003,1,21,0.078,0.166,22,45,0.0204081632653061,0.0,89.34065934065934
p003,1,22,0.0975,0.1825,18,40,0.0,0.0,71.14468864468864
p003,1,23,0.083,0.173,21,45,0.0,0.04,84.44647944647944
p003,1,24,0.08,0.157,16,38,0.0204081632653061,0.0,65.6043956043956
p003,1,25,0.077,0.1805,17,43,0.0408163265306122,0.06,67.17338217338217
p003,1,26,0.076,0.1805,23,43,0.0,0.02,90.16280016280017
p003,1,27,0.077,0.1674999999999999,20,38,0.0408163265306122,0.06,67.90598290598292
p003,1,28,0.074,0.1595,19,43,0.0204081632653061,0.0,80.5860805860806
p003,1,29,0.0815,0.1775,19,45,0.0,0.02,81.8935693935694
p003,1,30,0.0805,0.1915,19,42,0.1224489795918367,0.06,60.29609279609279
p003,1,31,0.0815,0.1905,22,35,0.1632653061224489,0.06,55.84554334554336
p003,1,32,0.0755,0.184,16,37,0.0408163265306122,0.1,53.75356125356126
p003,1,33,0.0745,0.164,19,46,0.0408163265306122,0.0,81.93223443223444
p003,1,34,0.071,0.1655,19,40,0.0204081632653061,0.0,77.45421245421245
p003,1,35,0.075,0.1735,18,42,0.0,0.0,79.06593406593406
p003,1,36,0.0795,0.1775,22,43,0.0,0.0,88.80036630036629
p003,1,37,0.082,0.1699999999999999,18,44,0.0204081632653061,0.04,73.87871387871388
p003,1,38,0.079,0.174,17,42,0.0204081632653061,0.0,73.35164835164836
p003,1,39,0.082,0.1665,21,39,0.0408163265306122,0.0,75.93406593406593
p003,1,40,0.0815,0.1575,17,41,0.0,0.0,73.85531135531136
p003,1,41,0.078,0.199,22,42,0.1428571428571428,0.1,61.94953194953195
p003,1,42,0.08,0.164,17,37,0.0408163265306122,0.0,64.32234432234432
p003,1,43,0.076,0.165,27,44,0.0,0.02,91.44485144485144
p003,1,44,0.086,0.168,22,45,0.0,0.0,89.81684981684982
p003,1,45,0.078,0.175,19,42,0.0612244897959183,0.06,68.03418803418805
p003,2,0,0.0849999999999999,0.1714999999999999,17,44,0.0408163265306122,0.0,72.10622710622714
p003,2,1,0.08,0.159,19,38,0.0,0.0,75.12820512820512
p003,2,2,0.082,0.1885,22,48,0.0204081632653061,0.04,87.24867724867725
p003,2,3,0.077,0.1525,21,41,0.0,0.0,84.45054945054945
p003,2,4,0.0725,0.158,21,43,0.0,0.0,88.08608058608058
p003,2,5,0.074,0.167,23,44,0.0,0.0,93.77289377289377
p003,2,6,0.081,0.1665,18,40,0.0,0.0,75.07326007326007
p003,2,7,0.074,0.16,19,36,0.0,0.0,73.992673992674
p003,2,8,0.074,0.162,19,41,0.0408163265306122,0.04,71.93732193732193
p003,2,9,0.0735,0.16,18,42,0.0,0.0,79.42307692307692
p003,2,10,0.075,0.161,17,42,0.0816326530612244,0.08,59.75376475376476
p003,2,11,0.0775,0.17,19,39,0.1020408163265306,0.14,52.13776963776963
p003,2,12,0.08,0.176,19,37,0.0408163265306122,0.04,65.38054538054537
p003,2,13,0.077,0.163,18,42,0.0408163265306122,0.06,68.27228327228327
p003,2,14,0.0795,0.1714999999999999,20,45,0.0,0.04,82.89886039886038
p003,2,15,0.084,0.186,22,47,0.0204081632653061,0.06,84.92063492063492
p003,2,16,0.0725,0.1535,22,45,0.0816326530612244,0.06,77.95177045177046
p003,2,17,0.076,0.1689999999999999,20,42,0.0408163265306122,0.06,73.27228327228327
p003,2,18,0.082,0.1694999999999999,21,48,0.0408163265306122,0.06,80.63492063492065
p003,2,19,0.076,0.1535,19,41,0.0,0.02,78.07488807488807
p003,2,20,0.0735,0.1595,19,40,0.0204081632653061,0.0,76.85897435897436
p003,2,21,0.082,0.163,22,44,0.0612244897959183,0.04,78.64061864061864
p003,2,22,0.08,0.1885,19,37,0.1428571428571428,0.1,47.92022792022792
p003,2,23,0.078,0.172,18,37,0.0612244897959183,0.0,64.79853479853479
p003,2,24,0.078,0.153,19,36,0.0204081632653061,0.0,70.65934065934066
p003,2,25,0.076,0.1575,21,41,0.0,0.0,84.68864468864469
p003,2,26,0.074,0.1995,24,41,0.1428571428571428,0.06,67.7045177045177
p003,2,27,0.083,0.162,19,41,0.0,0.0,78.26007326007327
p003,2,28,0.078,0.16,20,45,0.0204081632653061,0.0,84.57875457875457
p003,2,29,0.0795,0.169,19,40,0.0204081632653061,0.04,71.72669922669922
p003,2,30,0.076,0.173,19,42,0.0204081632653061,0.0,78.82783882783885
p003,2,31,0.079,0.178,22,41,0.0204081632653061,0.02,82.12250712250713
p003,2,32,0.0795,0.199,21,32,0.2857142857142857,0.04,54.510582010582006
p003,2,33,0.0845,0.1775,23,48,0.0,0.0,95.11904761904763
p003,2,34,0.08,0.162,20,43,0.0,0.0,83.91941391941391
p003,2,35,0.08,0.169,21,42,0.0204081632653061,0.0,82.63736263736264
p003,2,36,0.0745,0.184,23,42,0.1428571428571428,0.06,68.86752136752138
p003,2,37,0.0755,0.177,20,36,0.0204081632653061,0.04,69.93182743182744
p003,2,38,0.0805,0.162,22,40,0.0204081632653061,0.04,78.63146113146114
p003,2,39,0.086,0.166,19,42,0.0204081632653061,0.0,76.44688644688644
p003,2,40,0.079,0.169,21,45,0.0,0.0,89.1025641025641
p003,2,41,0.082,0.1679999999999999,20,46,0.0408163265306122,0.04,78.82376882376882
p003,2,42,0.084,0.17,20,46,0.0408163265306122,0.04,78.34757834757835
p003,2,43,0.076,0.169,21,41,0.0204081632653061,0.04,78.60398860398861
p003,2,44,0.078,0.1645,19,40,0.0408163265306122,0.0,73.40659340659342
p003,2,45,0.074,0.141,18,41,0.0204081632653061,0.0,75.64102564102564
p003,2,46,0.071,0.1525,19,40,0.0408163265306122,0.0,75.07326007326007
p003,2,47,0.076,0.162,24,46,0.0408163265306122,0.04,87.3951973951974
p004,1,0,0.0,0.03,6,10,0.8367346938775511,0.76,33.333333333333336
p004,1,1,0.0,0.03,1,1,1.0,1.0,33.333333333333336
p004,1,2,0.0,0.03,1,1,1.0,1.0,33.333333333333336
p004,1,3,0.0,0.0305,1,1,1.0,1.0,33.333333333333336
p004,1,4,0.0,0.03,1,1,1.0,1.0,33.333333333333336
p004,1,5,0.0,0.03,1,1,1.0,1.0,33.333333333333336
p004,1,6,0.0,0.03,1,1,1.0,1.0,33.333333333333336
p004,1,7,0.0,0.03,1,1,1.0,1.0,33.333333333333336
p004,1,8,0.0,0.03,1,1,1.0,1.0,33.333333333333336
p004,1,9,0.0,0.03,1,1,1.0,1.0,33.333333333333336
p004,1,10,0.0,0.03,1,1,1.0,1.0,33.333333333333336
p004,1,11,0.0,0.03,1,1,1.0,1.0,33.333333333333336
p004,1,12,0.0,0.03,1,1,1.0,1.0,33.333333333333336
p004,1,13,0.0,0.03,1,1,1.0,1.0,33.333333333333336
p004,1,14,0.0,0.03,1,1,1.0,1.0,33.333333333333336
p004,1,15,0.08,0.2315,19,36,0.0816326530612244,0.04,56.83408683408683
p004,1,16,0.0805,0.252,16,44,0.0408163265306122,0.04,62.53844503844504
p004,1,17,0.08,0.2475,18,41,0.0408163265306122,0.04,64.02369402369403
p004,1,18,0.084,0.2635,23,41,0.0204081632653061,0.08,72.05172205172205
p004,1,19,0.067,0.235,19,42,0.0408163265306122,0.0,75.73689073689073
p004,1,20,0.08,0.2315,23,46,0.0408163265306122,0.04,83.94031394031394
p004,1,21,0.0845,0.2515,18,45,0.0816326530612244,0.1,57.362609862609865
p004,1,22,0.08,0.26,19,44,0.1224489795918367,0.16,48.364628364628366
p004,1,23,0.0865,0.2465,19,43,0.0204081632653061,0.04,69.90218240218239
p004,1,24,0.086,0.2585,18,42,0.0408163265306122,0.08,59.07236907236908
p004,1,25,0.08,0.2645,21,46,0.0612244897959183,0.1,67.93859793859794
p004,1,26,0.086,0.279,20,37,0.1020408163265306,0.18,38.969848969848975
p004,1,27,0.0839999999999999,0.263,20,42,0.0612244897959183,0.14,55.92350592350596
p004,1,28,0.064,0.264,19,39,0.0204081632653061,0.08,64.67566467566468
p004,1,29,0.0854999999999999,0.2545,19,40,0.0,0.0,71.57797907797911
p004,1,30,0.0865,0.251,17,43,0.0204081632653061,0.0,68.3935308935309
p004,1,31,0.088,0.26,18,34,0.2040816326530612,0.26,27.025597025597023
p004,1,32,0.08,0.248,19,42,0.0408163265306122,0.0,71.34035134035135
p004,1,33,0.087,0.287,20,47,0.0408163265306122,0.08,67.15358215358215
p004,1,34,0.08,0.264,21,43,0.0408163265306122,0.0,75.78270578270579
p004,1,35,0.085,0.239,21,42,0.0408163265306122,0.04,72.1089771089771
p004,1,36,0.086,0.267,19,41,0.0408163265306122,0.02,64.87597487597488
p004,1,37,0.086,0.253,19,41,0.0816326530612244,0.14,50.40436040436041
p004,1,38,0.088,0.264,19,44,0.0612244897959183,0.06,62.46158246158246
p004,1,39,0.0825,0.278,17,38,0.0816326530612244,0.16,38.27528077528077
p004,1,40,0.0875,0.252,20,47,0.0,0.0,82.70735020735022
p004,1,41,0.087,0.2905,17,40,0.0408163265306122,0.0,58.0934230934231
p004,1,42,0.081,0.2475,17,39,0.0,0.0,67.3061523061523
p004,1,43,0.0839999999999999,0.3355,22,44,0.0,0.04,72.39437239437241
p004,1,44,0.082,0.2585,18,37,0.0816326530612244,0.12,45.14888514888515
p004,1,45,0.087,0.26,17,40,0.0816326530612244,0.12,45.27346027346028
p004,1,46,0.087,0.27,19,44,0.1224489795918367,0.16,45.6969606969607
p004,1,47,0.086,0.2635,17,41,0.0,0.0,67.07817707817709
p004,1,48,0.086,0.2565,22,41,0.0816326530612244,0.14,57.1968671968672
p004,1,49,0.08,0.2465,18,43,0.0204081632653061,0.04,69.06884906884908
p004,1,50,0.0675,0.2455,18,45,0.0612244897959183,0.04,69.94733744733745
p004,1,51,0.08,0.2665,21,41,0.0408163265306122,0.08,65.56094556094557
p004,1,52,0.0695,0.2555,20,45,0.0204081632653061,0.04,77.99395549395548
p004,1,53,0.086,0.2715,21,45,0.0204081632653061,0.08,71.14103114103115
p004,1,54,0.088,0.307,22,43,0.0408163265306122,0.1,62.695332695332695
p004,1,55,0.08,0.264,18,43,0.1020408163265306,0.18,44.83032483032483
p004,1,56,0.086,0.2555,18,38,0.1020408163265306,0.16,39.694199694199696
p004,1,57,0.0625,0.18,17,27,0.4489795918367347,0.46,35.714285714285715
p004,1,58,0.08,0.255,18,38,0.0816326530612244,0.16,43.55377355377356
p004,1,59,0.08,0.248,18,41,0.0612244897959183,0.08,57.88898788898791
p004,1,60,0.087,0.2665,19,40,0.1020408163265306,0.16,43.30005830005829
p004,1,61,0.088,0.2915,20,43,0.0816326530612244,0.06,58.42677842677844
p004,1,62,0.086,0.2665,22,44,0.0204081632653061,0.0,80.14784014784014
p004,1,63,0.0865,0.2475,23,38,0.0816326530612244,0.12,58.365370865370885
p004,1,64,0.0,0.03,4,5,0.9183673469387756,0.92,33.333333333333336
p004,1,65,0.0,0.03,5,6,0.8979591836734694,0.92,33.333333333333336
p004,1,66,0.0,0.03,1,1,1.0,1.0,33.333333333333336
p004,1,67,0.0,0.03,1,1,1.0,1.0,33.333333333333336
p004,1,68,0.0,0.03,1,1,1.0,1.0,33.333333333333336
p004,1,69,0.0,0.03,1,1,1.0,1.0,33.333333333333336
p004,1,70,0.0,0.03,1,1,1.0,1.0,33.333333333333336
p004,1,71,0.0,0.0445,5,7,0.8775510204081632,0.92,33.333333333333336
p004,1,72,0.0,0.03,1,1,1.0,1.0,33.333333333333336
p004,1,73,0.0,0.03,1,1,1.0,1.0,33.333333333333336
p004,1,74,0.0,0.03,1,1,1.0,1.0,33.333333333333336
p004,1,75,0.0,0.03,1,1,1.0,1.0,33.333333333333336
p004,1,76,0.0,0.03,1,1,1.0,1.0,33.333333333333336
p004,1,77,0.0,0.03,1,1,1.0,1.0,33.333333333333336
p004,1,78,0.0,0.03,7,9,0.8367346938775511,0.86,33.333333333333336
p004,1,79,0.0,0.03,1,1,1.0,1.0,33.333333333333336
p004,1,80,0.0,0.03,1,1,1.0,1.0,33.333333333333336
p004,1,81,0.0,0.03,1,1,1.0,1.0,33.333333333333336
p004,1,82,0.0,0.03,1,1,1.0,1.0,33.333333333333336
p005,1,0,0.096,0.317,18,41,0.0816326530612244,0.2,35.53234553234554
p005,1,1,0.103,0.303,17,38,0.1428571428571428,0.2,21.897116897116906
p005,1,2,0.096,0.324,17,41,0.0816326530612244,0.22,32.45069245069245
p005,1,3,0.096,0.2995,16,36,0.1428571428571428,0.28,18.96907896907897
p005,1,4,0.104,0.3,18,37,0.1224489795918367,0.22,25.439175439175436
p005,1,5,0.102,0.3675,19,43,0.1224489795918367,0.26,29.23186923186923
p005,1,6,0.096,0.3315,17,41,0.0612244897959183,0.18,34.08089408089408
p005,1,7,0.1035,0.296,20,43,0.0816326530612244,0.1,50.58214808214809
p005,1,8,0.104,0.392,21,45,0.0612244897959183,0.1,50.08140008140009
p005,1,9,0.1035,0.371,18,47,0.0816326530612244,0.14,39.73723723723724
p005,1,10,0.104,0.431,23,47,0.0612244897959183,0.14,53.70370370370372
p005,1,11,0.1115,0.359,16,40,0.0816326530612244,0.16,23.44556094556096
p005,1,12,0.111,0.372,18,43,0.0612244897959183,0.14,35.10417010417011
p005,1,13,0.1115,0.364,21,45,0.0204081632653061,0.06,57.66219516219517
p005,1,14,0.1075,0.3675,19,39,0.0612244897959183,0.2,29.93699743699744
p005,1,15,0.104,0.4555,21,44,0.0816326530612244,0.24,39.01098901098902
p005,1,16,0.1035,0.428,20,43,0.0408163265306122,0.16,42.08078958078959
p005,1,17,0.1035,0.4034999999999999,19,39,0.0816326530612244,0.18,27.957875457875463
p005,1,18,0.111,0.3515,16,40,0.0816326530612244,0.18,22.46350746350747
p005,1,19,0.112,0.3994999999999999,22,45,0.0408163265306122,0.1,52.93854293854295
p005,1,20,0.0915,0.475,16,40,0.0816326530612244,0.24,24.954212454212463
p005,1,21,0.096,0.4635,20,43,0.1224489795918367,0.18,32.49084249084249
p005,1,22,0.0915,0.368,22,39,0.2653061224489796,0.12,36.87107437107438
p005,1,23,0.1,0.396,14,34,0.3469387755102041,0.14,11.798941798941796
p005,1,24,0.112,0.4675,18,44,0.0612244897959183,0.16,34.196174196174205
p005,1,25,0.119,0.4115,18,39,0.0408163265306122,0.04,39.61131461131462
p005,1,26,0.096,0.3915,23,45,0.0612244897959183,0.12,54.89621489621491
p005,1,27,0.104,0.3515,19,41,0.1020408163265306,0.2,30.174130174130173
p005,1,28,0.1075,0.372,17,40,0.0816326530612244,0.08,32.8850003850004
p005,1,29,0.104,0.32,18,40,0.0612244897959183,0.12,39.98173998173999
p005,1,30,0.104,0.3955,22,48,0.0204081632653061,0.02,67.19576719576719
p005,1,31,0.119,0.4075,19,37,0.0,0.02,46.04192104192104
p005,1,32,0.1115,0.3755,21,49,0.0204081632653061,0.06,59.32539682539684
p005,1,33,0.1035,0.4,17,34,0.1632653061224489,0.28,9.642857142857146
p005,1,34,0.112,0.3395,16,43,0.0408163265306122,0.0,48.7013387013387
p005,1,35,0.104,0.328,22,41,0.0,0.06,62.68521268521268
p005,1,36,0.11,0.48,20,42,0.0,0.1,49.56857956857957
p005,1,37,0.1115,0.359,19,43,0.0,0.08,51.36578886578887
p005,1,38,0.104,0.3315,17,40,0.0612244897959183,0.08,40.15334015334016
p005,1,39,0.096,0.295,18,40,0.0204081632653061,0.12,49.150909150909165
p005,1,40,0.103,0.374,19,44,0.1020408163265306,0.14,35.80993080993081
p005,1,41,0.104,0.372,23,46,0.0408163265306122,0.12,56.754556754556766
p005,1,42,0.0995,0.3635,17,41,0.0408163265306122,0.14,36.12901362901363
p005,1,43,0.1035,0.383,19,43,0.0408163265306122,0.0,54.51465201465202
p005,1,44,0.111,0.3675,19,41,0.0408163265306122,0.08,43.30797830797832
p005,1,45,0.112,0.347,18,42,0.0,0.0,56.1923461923462
p005,1,46,0.1115,0.4395,21,44,0.0,0.12,52.30463980463981
p005,1,47,0.104,0.3875,21,44,0.0204081632653061,0.1,53.56125356125356
p005,1,48,0.096,0.343,17,45,0.0612244897959183,0.12,43.61350361350362
p005,1,49,0.104,0.364,21,47,0.0204081632653061,0.12,56.45645645645647
p005,1,50,0.104,0.3355,19,42,0.0816326530612244,0.14,39.14243914243915
p005,1,51,0.1115,0.344,17,40,0.0816326530612244,0.1,32.883570383570394
p005,1,52,0.112,0.3595,22,46,0.0408163265306122,0.06,59.27564927564928
p005,1,53,0.103,0.3755,23,45,0.0408163265306122,0.12,55.61050061050062
p005,1,54,0.0995,0.3045,21,44,0.0408163265306122,0.08,60.96043846043847
p005,1,55,0.0915,0.428,25,44,0.0,0.08,65.53215303215303
p005,1,56,0.104,0.368,26,47,0.0204081632653061,0.08,64.52166452166453
p005,1,57,0.104,0.3795,18,43,0.0612244897959183,0.1,40.374440374440375
p005,2,0,0.096,0.2955,14,35,0.1632653061224489,0.3,18.08742808742809
p005,2,1,0.108,0.3555,20,44,0.0612244897959183,0.08,49.06961906961908
p005,2,2,0.104,0.3715,20,41,0.0,0.06,53.56895356895358
p005,2,3,0.1035,0.356,22,47,0.0204081632653061,0.06,65.31281281281281
p005,2,4,0.104,0.32,20,42,0.0612244897959183,0.1,49.15959915959917
p005,2,5,0.096,0.316,20,43,0.0408163265306122,0.08,56.97961697961697
p005,2,6,0.096,0.4235,22,44,0.0408163265306122,0.22,48.05860805860807
p005,2,7,0.1035,0.376,21,45,0.0,0.1,57.34330484330485
p005,2,8,0.0995,0.3515,20,41,0.0612244897959183,0.08,47.64767514767516
p005,2,9,0.104,0.356,20,41,0.0204081632653061,0.04,54.5914045914046
p005,2,10,0.104,0.328,21,44,0.0408163265306122,0.1,55.684805684805696
p005,2,11,0.092,0.2795,20,43,0.0612244897959183,0.16,51.7972917972918
p005,2,12,0.096,0.3515,19,44,0.0408163265306122,0.14,46.77160677160677
p005,2,13,0.1115,0.3275,17,46,0.0816326530612244,0.08,44.07938157938159
p005,2,14,0.08,0.324,19,40,0.1428571428571428,0.26,32.5972125972126
p005,2,15,0.0915,0.344,21,39,0.0816326530612244,0.22,38.47982597982599
p005,2,16,0.104,0.3399999999999999,18,40,0.0204081632653061,0.08,46.44534644534645
p005,2,17,0.0915,0.3075,19,44,0.0408163265306122,0.08,57.802995302995306
p005,2,18,0.104,0.328,21,45,0.0,0.02,69.13616913616914
p005,2,19,0.088,0.296,22,47,0.0612244897959183,0.16,60.98813098813099
p005,2,20,0.096,0.315,21,43,0.0612244897959183,0.1,55.22786522786523
p005,2,21,0.088,0.284,18,42,0.0408163265306122,0.12,52.339922339922346
p005,2,22,0.096,0.3755,20,43,0.0816326530612244,0.22,37.25274725274726
p005,2,23,0.104,0.388,20,48,0.0408163265306122,0.08,54.4973544973545
p005,2,24,0.088,0.28,17,37,0.0408163265306122,0.18,38.39355839355839
p005,2,25,0.096,0.324,20,40,0.0204081632653061,0.0,62.12102212102212
p005,2,26,0.1035,0.319,23,45,0.0408163265306122,0.02,70.15611765611764
p005,2,27,0.0915,0.304,19,40,0.1020408163265306,0.06,47.73413523413524
p005,2,28,0.0915,0.356,19,39,0.0816326530612244,0.2,32.51672001672002
p005,2,29,0.096,0.312,21,36,0.0408163265306122,0.0,58.19401819401819
p005,2,30,0.088,0.295,17,46,0.0204081632653061,0.08,60.07073007073007
p005,2,31,0.103,0.3155,18,41,0.0,0.06,54.65074965074965
p005,2,32,0.096,0.3595,22,46,0.0408163265306122,0.14,55.67776567776568
p005,2,33,0.096,0.312,22,44,0.0204081632653061,0.04,69.50862950862951
p005,2,34,0.0915,0.308,21,46,0.0204081632653061,0.12,63.75620125620126
p005,2,35,0.096,0.3075,18,40,0.0,0.04,57.68801768801769
p005,2,36,0.0995,0.364,19,36,0.1224489795918367,0.26,21.203098703098703
p005,2,37,0.104,0.3635,21,44,0.0816326530612244,0.12,45.517495517495526
p005,2,38,0.088,0.356,19,39,0.0816326530612244,0.22,33.35005335005336
p005,2,39,0.111,0.3915,22,45,0.0816326530612244,0.2,41.00732600732601
p005,2,40,0.104,0.348,20,43,0.0816326530612244,0.16,39.70233970233971
p005,2,41,0.104,0.3914999999999999,22,44,0.0204081632653061,0.1,55.94220594220595
p005,2,42,0.096,0.315,19,41,0.1020408163265306,0.16,37.58439758439758
p005,2,43,0.096,0.336,21,41,0.0204081632653061,0.08,57.17541717541718
p005,2,44,0.0875,0.2915,23,44,0.0612244897959183,0.12,63.7961312961313
p005,2,45,0.095,0.3399999999999999,20,35,0.0204081632653061,0.08,46.93985193985194
p005,2,46,0.0795,0.3,19,40,0.1632653061224489,0.3,35.11866261866262
p005,2,47,0.096,0.3555,21,42,0.0204081632653061,0.16,49.09810909810911
p005,2,48,0.1195,0.36,18,43,0.0408163265306122,0.04,45.92177342177342
p005,2,49,0.088,0.276,20,41,0.1632653061224489,0.26,39.16025916025916
p005,2,50,0.096,0.4,19,40,0.0816326530612244,0.12,36.581196581196586
p005,2,51,0.104,0.3875,20,46,0.0612244897959183,0.12,47.13064713064714
p005,2,52,0.112,0.3125,18,40,0.1020408163265306,0.06,39.62137962137962
p005,2,53,0.103,0.3635,20,43,0.0408163265306122,0.08,50.55819555819557
p005,2,54,0.103,0.308,20,41,0.0612244897959183,0.08,51.16869616869618
p005,2,55,0.0834999999999999,0.276,18,41,0.0816326530612244,0.14,46.316343816343846
p005,2,56,0.08,0.3,16,38,0.1020408163265306,0.16,31.906411906411904
p005,2,57,0.092,0.312,20,45,0.0816326530612244,0.14,50.57904057904059
p005,2,58,0.096,0.376,24,48,0.0204081632653061,0.1,64.07407407407406
p005,2,59,0.088,0.3515,23,42,0.0612244897959183,0.16,51.40327140327141
p005,2,60,0.088,0.272,17,36,0.1020408163265306,0.2,30.769450769450767
p006,1,0,0.08,0.2125,16,33,0.1224489795918367,0.14,35.007865007865
p006,1,1,0.0715,0.2245,16,45,0.0612244897959183,0.08,62.631450131450144
p006,1,2,0.081,0.204,18,38,0.0204081632653061,0.02,68.27635327635328
p006,1,3,0.06,0.148,19,29,0.3877551020408163,0.06,51.58730158730159
p006,1,4,0.064,0.172,19,42,0.1224489795918367,0.08,62.37281237281237
p006,1,5,0.072,0.2,23,46,0.0408163265306122,0.04,88.34757834757835
p006,1,6,0.08,0.208,15,36,0.1020408163265306,0.08,45.95892595892595
p006,1,7,0.0755,0.204,20,41,0.0816326530612244,0.08,65.495522995523
p006,1,8,0.072,0.2045,19,40,0.0612244897959183,0.1,63.1949531949532
p006,1,9,0.08,0.188,19,41,0.0,0.0,78.97435897435898
p006,1,10,0.068,0.216,22,46,0.0204081632653061,0.06,86.4971564971565
p006,1,11,0.079,0.212,17,41,0.0204081632653061,0.08,64.11163911163912
p006,1,12,0.068,0.208,19,44,0.0408163265306122,0.06,75.21004521004521
p006,1,13,0.072,0.2125,19,40,0.0,0.02,77.14461714461714
p006,1,14,0.0795,0.196,18,39,0.0408163265306122,0.08,61.97903947903948
p006,1,15,0.08,0.227,18,44,0.0204081632653061,0.02,74.15470415470416
p006,1,16,0.0725,0.216,23,44,0.0204081632653061,0.04,87.0944295944296
p006,1,17,0.088,0.2075,18,40,0.0612244897959183,0.06,60.60808060808062
p006,1,18,0.0785,0.216,20,40,0.0408163265306122,0.02,72.86569536569537
p006,1,19,0.0725,0.219,18,39,0.0816326530612244,0.14,52.076994576994586
p006,1,20,0.073,0.216,21,42,0.0204081632653061,0.06,77.7975227975228
p006,1,21,0.072,0.208,17,39,0.1428571428571428,0.16,41.92148192148192
p006,1,22,0.088,0.208,19,42,0.0204081632653061,0.0,75.8205458205458
p006,1,23,0.0675,0.223,20,48,0.0408163265306122,0.08,78.20284570284569
p006,1,24,0.088,0.216,17,34,0.0204081632653061,0.04,56.29772629772629
p006,1,25,0.0844999999999999,0.243,21,48,0.0,0.0,86.70348920348924
p006,1,26,0.08,0.22,20,42,0.0612244897959183,0.12,63.03204303204303
p006,1,27,0.0795,0.224,17,43,0.0204081632653061,0.02,70.91104841104841
p006,1,28,0.079,0.224,22,44,0.0,0.0,88.44971344971346
p006,1,29,0.0795,0.212,18,39,0.0204081632653061,0.04,67.513145013145
p006,1,30,0.08,0.2075,17,38,0.0612244897959183,0.08,55.71593571593572
p006,1,31,0.079,0.2435,18,42,0.0816326530612244,0.12,53.77492877492878
p006,1,32,0.0875,0.22,16,42,0.0,0.0,69.97648747648748
p006,1,33,0.08,0.1995,23,43,0.1020408163265306,0.14,66.19454619454619
p006,1,34,0.0725,0.231,18,43,0.0408163265306122,0.04,70.02516252516253
p006,1,35,0.08,0.2085,19,44,0.0408163265306122,0.06,72.30285230285232
p006,1,36,0.08,0.228,20,40,0.0816326530612244,0.1,59.13803913803915
p006,1,37,0.08,0.2085,19,45,0.0408163265306122,0.1,69.88119988119989
p006,1,38,0.08,0.2275,21,44,0.0612244897959183,0.02,76.48560648560648
p006,1,39,0.0675,0.228,20,43,0.0612244897959183,0.16,62.78578028578029
p006,1,40,0.08,0.1835,18,41,0.0408163265306122,0.06,66.27594627594628
p006,1,41,0.088,0.2195,20,45,0.0408163265306122,0.06,72.95999295999296
p006,1,42,0.072,0.22,19,41,0.0408163265306122,0.0,74.76586476586478
p006,1,43,0.08,0.192,18,39,0.0,0.02,72.1774521774522
p006,1,44,0.072,0.259,23,47,0.0612244897959183,0.1,76.43786643786645
p006,1,45,0.08,0.199,19,40,0.0204081632653061,0.02,73.45950345950347
p006,1,46,0.072,0.208,26,45,0.0408163265306122,0.08,83.21167321167322
p006,1,47,0.08,0.236,23,45,0.0612244897959183,0.08,76.12315612315614
p006,1,48,0.072,0.204,20,45,0.0204081632653061,0.0,86.007326007326
p006,2,0,0.0839999999999999,0.184,17,44,0.0408163265306122,0.0,72.34432234432236
p006,2,1,0.0755,0.2,19,37,0.0204081632653061,0.06,66.98107448107449
p006,2,2,0.0705,0.2035,19,47,0.0408163265306122,0.08,76.75925925925927
p006,2,3,0.08,0.212,22,43,0.0204081632653061,0.06,80.1942601942602
p006,2,4,0.0645,0.216,18,43,0.0408163265306122,0.12,66.02401852401853
p006,2,5,0.076,0.208,22,41,0.0204081632653061,0.08,77.13108713108713
p006,2,6,0.08,0.204,20,43,0.0204081632653061,0.06,75.98290598290598
p006,2,7,0.0885,0.196,17,39,0.0204081632653061,0.04,63.53988603988605
p006,2,8,0.072,0.1835,19,37,0.0204081632653061,0.04,69.66625966625965
p006,2,9,0.0645,0.2065,19,40,0.0204081632653061,0.0,79.0018315018315
p006,2,10,0.08,0.212,21,44,0.0,0.04,83.32816332816333
p006,2,11,0.0839999999999999,0.2075,17,43,0.0204081632653061,0.02,71.4912714912715
p006,2,12,0.068,0.2285,20,40,0.0816326530612244,0.18,54.537724537724536
p006,2,13,0.08,0.232,19,35,0.0204081632653061,0.02,64.4966944966945
p006,2,14,0.0885,0.2315,19,43,0.0,0.0,77.01214951214952
p006,2,15,0.08,0.2165,21,43,0.0408163265306122,0.08,73.13005313005313
p006,2,16,0.088,0.224,20,45,0.0816326530612244,0.1,64.04393404393404
p006,2,17,0.064,0.208,20,41,0.0816326530612244,0.12,64.37976437976438
p006,2,18,0.065,0.212,19,42,0.0204081632653061,0.02,79.04448404448404
p006,2,19,0.072,0.2045,21,41,0.1224489795918367,0.14,58.39234839234839
p006,2,20,0.079,0.2155,20,44,0.0,0.02,82.68680768680768
p006,2,21,0.079,0.224,20,40,0.0612244897959183,0.12,60.30563530563531
p006,2,22,0.08,0.208,23,46,0.0204081632653061,0.06,86.82176682176681
p006,2,23,0.0715,0.216,20,38,0.0816326530612244,0.02,67.20635470635472
p006,2,24,0.08,0.224,21,43,0.0816326530612244,0.08,67.61739761739763
p006,2,25,0.064,0.208,18,36,0.0408163265306122,0.1,59.82135982135983
p006,2,26,0.08,0.22,21,40,0.0408163265306122,0.08,68.93354893354892
p006,2,27,0.08,0.248,19,41,0.0,0.02,72.96835296835296
p006,2,28,0.088,0.232,22,44,0.0,0.02,83.65420365420367
p006,2,29,0.081,0.217,21,42,0.0,0.0,83.72916872916873
p006,2,30,0.08,0.212,20,45,0.0204081632653061,0.04,79.84830984830985
p006,2,31,0.08,0.2195,23,45,0.0204081632653061,0.06,84.3885643885644
p006,2,32,0.08,0.2165,21,43,0.0612244897959183,0.12,67.04539704539704
p006,2,33,0.072,0.2235,21,44,0.0204081632653061,0.02,83.55267355267357
p006,2,34,0.0875,0.224,22,46,0.0408163265306122,0.1,74.96884246884247
p006,2,35,0.0795,0.216,17,39,0.0816326530612244,0.18,44.62597212597213
p006,2,36,0.073,0.216,22,44,0.0204081632653061,0.06,82.74257774257774
p006,2,37,0.0839999999999999,0.208,21,41,0.0204081632653061,0.0,80.25278025278028
p006,2,38,0.065,0.208,25,48,0.0408163265306122,0.08,87.44244244244243
p006,2,39,0.079,0.224,18,37,0.0204081632653061,0.04,63.866888866888864
p006,2,40,0.0715,0.2315,22,41,0.0204081632653061,0.08,75.85016335016336
p006,2,41,0.08,0.2075,19,44,0.0204081632653061,0.06,74.78390478390479
p006,2,42,0.072,0.215,22,46,0.0204081632653061,0.02,89.34857934857935
p006,2,43,0.064,0.2314999999999999,19,42,0.1020408163265306,0.16,54.84385484385485
p006,2,44,0.068,0.216,18,44,0.0816326530612244,0.04,69.11823911823912
p006,2,45,0.0805,0.208,21,44,0.0,0.0,87.3132198132198
p006,2,46,0.072,0.208,21,39,0.0612244897959183,0.1,66.52465652465654
p006,2,47,0.0839999999999999,0.203,19,41,0.0408163265306122,0.0,73.26007326007328
p006,2,48,0.064,0.2075,19,44,0.0816326530612244,0.08,69.5987195987196
p006,2,49,0.072,0.2,19,40,0.1020408163265306,0.0,67.6923076923077
p006,2,50,0.0834999999999999,0.236,20,41,0.0204081632653061,0.04,71.48436898436901
p007,1,0,0.075,0.2645,16,31,0.0816326530612244,0.1,39.45874445874447
p007,1,1,0.087,0.2885,17,43,0.0204081632653061,0.02,62.66887766887766
p007,1,2,0.077,0.296,17,41,0.0204081632653061,0.0,63.5868285868286
p007,1,3,0.087,0.274,20,36,0.0,0.0,66.52163152163152
p007,1,4,0.085,0.275,22,44,0.0408163265306122,0.0,77.15413215413216
p007,1,5,0.085,0.273,17,38,0.0816326530612244,0.08,45.58795058795059
p007,1,6,0.089,0.292,20,44,0.0408163265306122,0.02,67.8862928862929
p007,1,7,0.0905,0.282,19,42,0.0,0.0,70.19885269885272
p007,1,8,0.096,0.3045,19,41,0.0,0.02,63.50317350317351
p007,1,9,0.0955,0.302,21,42,0.0,0.02,69.91642741642742
p007,1,10,0.089,0.289,19,42,0.0204081632653061,0.06,61.91878691878693
p007,1,11,0.088,0.288,18,38,0.0,0.0,62.684332684332695
p007,1,12,0.086,0.268,18,37,0.0,0.04,60.17677017677017
p007,1,13,0.086,0.292,20,41,0.0204081632653061,0.0,68.987228987229
p007,1,14,0.0975,0.306,21,44,0.0,0.0,73.45579095579096
p007,1,15,0.0875,0.2745,23,40,0.1020408163265306,0.14,53.75587125587125
p007,1,16,0.091,0.319,18,44,0.0204081632653061,0.02,62.32644732644733
p007,1,17,0.091,0.2985,19,39,0.0408163265306122,0.04,56.11639111639112
p007,1,18,0.086,0.2835,20,45,0.0204081632653061,0.02,73.11443311443311
p007,1,19,0.093,0.308,17,41,0.0612244897959183,0.0,53.81419881419882
p007,1,20,0.0965,0.287,19,39,0.0204081632653061,0.02,60.19082269082269
p007,1,21,0.089,0.2925,21,46,0.0204081632653061,0.0,77.01410201410202
p007,1,22,0.098,0.2725,16,32,0.0,0.0,51.96482196482196
p007,1,23,0.096,0.3105,21,49,0.0204081632653061,0.02,72.97583297583297
p007,1,24,0.092,0.3075,17,42,0.0408163265306122,0.0,57.76534776534777
p007,1,25,0.0925,0.293,19,42,0.0,0.04,64.91785741785742
p007,1,26,0.0915,0.3,21,41,0.0,0.0,71.63880913880915
p007,1,27,0.091,0.2875,20,43,0.0,0.0,73.1922581922582
p007,1,28,0.0875,0.292,17,40,0.0204081632653061,0.02,58.353325853325856
p007,1,29,0.0955,0.3085,17,43,0.0,0.0,62.87587037587037
p007,1,30,0.0835,0.3235,20,44,0.0,0.0,72.65642015642015
p007,1,31,0.086,0.309,17,44,0.0204081632653061,0.04,60.285120285120286
p007,1,32,0.09,0.2764999999999999,18,42,0.0612244897959183,0.06,55.78908578908581
p007,1,33,0.0895,0.2895,19,40,0.0204081632653061,0.02,62.88929038929039
p007,1,34,0.089,0.314,19,46,0.0204081632653061,0.06,64.54448954448955
p007,1,35,0.092,0.279,22,44,0.0,0.02,77.997117997118
p007,1,36,0.085,0.322,21,45,0.0204081632653061,0.04,70.02777502777502
p007,1,37,0.0845,0.2765,15,33,0.0204081632653061,0.0,52.3977548977549
p007,1,38,0.093,0.267,22,42,0.0204081632653061,0.0,75.86702086702086
p007,1,39,0.096,0.289,18,42,0.0408163265306122,0.04,57.34206734206734
p007,1,40,0.0945,0.3205,22,48,0.0204081632653061,0.04,72.86107536107538
p007,1,41,0.0915,0.254,20,38,0.0612244897959183,0.0,62.873450373450375
p007,1,42,0.082,0.2875,26,46,0.0408163265306122,0.12,70.45111045111044
p007,1,43,0.089,0.2715,22,42,0.0204081632653061,0.04,72.66524766524766
p007,1,44,0.081,0.2665,22,42,0.0408163265306122,0.06,70.83770583770585
p007,1,45,0.0854999999999999,0.2735,19,38,0.0204081632653061,0.02,62.8791703791704
p007,2,0,0.0795,0.2525,17,44,0.0204081632653061,0.0,71.19209869209868
p007,2,1,0.09,0.2785,19,37,0.0,0.0,64.25799425799426
p007,2,2,0.0925,0.299,19,44,0.0816326530612244,0.1,51.80199430199431
p007,2,3,0.093,0.2725,23,45,0.0,0.02,82.07267707267705
p007,2,4,0.0955,0.27,19,40,0.0,0.0,67.64547514547515
p007,2,5,0.088,0.2735,25,44,0.0,0.0,83.73285373285371
p007,2,6,0.0895,0.2815,21,40,0.0,0.04,68.98109648109649
p007,2,7,0.099,0.253,17,38,0.0204081632653061,0.04,55.1031801031801
p007,2,8,0.1025,0.3035,20,40,0.0204081632653061,0.04,58.92175142175142
p007,2,9,0.0895,0.2605,20,43,0.0204081632653061,0.0,73.87115137115137
p007,2,10,0.0865,0.2565,20,46,0.0204081632653061,0.04,75.12828762828762
p007,2,11,0.089,0.2855,18,43,0.0204081632653061,0.06,61.17023617023617
p007,2,12,0.0905,0.307,24,45,0.0,0.04,77.36260986260986
p007,2,13,0.094,0.2675,16,36,0.0204081632653061,0.02,51.74900174900174
p007,2,14,0.0875,0.286,21,39,0.0816326530612244,0.12,50.79356829356831
p007,2,15,0.098,0.291,23,49,0.0204081632653061,0.06,75.50979550979551
p007,2,16,0.093,0.275,21,44,0.0204081632653061,0.0,75.24937024937026
p007,2,17,0.0805,0.2545,19,42,0.0408163265306122,0.0,70.57065307065308
p007,2,18,0.0895,0.3349999999999999,20,45,0.0204081632653061,0.0,68.97779647779647
p007,2,19,0.0825,0.287,20,45,0.0,0.0,77.83022033022033
p007,2,20,0.0825,0.3175,21,43,0.0408163265306122,0.06,64.27655677655679
p007,2,21,0.0835,0.2794999999999999,21,45,0.0408163265306122,0.0,75.96192346192346
p007,2,22,0.0825,0.2625,19,39,0.0816326530612244,0.0,60.68560318560319
p007,2,23,0.087,0.2655,20,40,0.0408163265306122,0.0,67.73878273878275
p007,2,24,0.081,0.247,19,33,0.0612244897959183,0.04,54.86128986128986
p007,2,25,0.095,0.273,18,41,0.0,0.0,66.36532136532136
p007,2,26,0.0945,0.2975,22,48,0.0,0.0,81.24803374803375
p007,2,27,0.0875,0.301,20,41,0.0204081632653061,0.0,67.72918522918522
p007,2,28,0.089,0.264,20,43,0.0,0.0,76.02080102080103
p007,2,29,0.094,0.2575,19,39,0.0,0.02,66.11996611996612
p007,2,30,0.0854999999999999,0.272,21,42,0.0408163265306122,0.04,68.68662618662621
p007,2,31,0.0925,0.271,21,41,0.0204081632653061,0.0,71.92266442266443
p007,2,32,0.0905,0.285,22,48,0.0,0.0,83.45166595166594
p007,2,33,0.0854999999999999,0.2765,19,42,0.0,0.04,68.23617573617575
p007,2,34,0.0955,0.2784999999999999,20,43,0.0204081632653061,0.0,70.64077814077815
p007,2,35,0.0955,0.305,24,46,0.0204081632653061,0.0,78.97713647713648
p007,2,36,0.096,0.2905,19,34,0.0,0.02,55.93021593021593
p007,2,37,0.098,0.2945,20,36,0.0,0.0,61.85053185053184
p007,2,38,0.0955,0.264,18,39,0.0204081632653061,0.0,62.202119702119695
p007,2,39,0.0945,0.287,19,47,0.0408163265306122,0.06,64.83876733876735
p007,2,40,0.0885,0.3015,23,43,0.0408163265306122,0.06,69.21149171149172
p007,2,41,0.085,0.278,18,42,0.0816326530612244,0.04,56.30031130031131
p007,2,42,0.097,0.2835,21,41,0.0,0.0,71.98093698093697
p007,2,43,0.089,0.285,19,42,0.0816326530612244,0.1,51.47262647262648
p007,2,44,0.0905,0.2645,21,43,0.0408163265306122,0.02,71.38080388080388
p007,2,45,0.0835,0.24,18,38,0.0204081632653061,0.02,64.32776182776183
p007,2,46,0.084,0.2825,20,44,0.0204081632653061,0.0,74.26052426052428
p007,2,47,0.0875,0.322,22,42,0.0816326530612244,0.18,47.861515361515366
p008,1,0,0.091,0.22,20,37,0.0204081632653061,0.04,66.17205117205117
p008,1,1,0.091,0.22,16,43,0.0612244897959183,0.08,55.87494087494088
p008,1,2,0.0925,0.2295,18,41,0.0612244897959183,0.06,58.61650111650112
p008,1,3,0.09,0.2255,23,44,0.0612244897959183,0.12,69.80749980749981
p008,1,4,0.095,0.2125,19,42,0.0408163265306122,0.0,71.32247632247633
p008,1,5,0.085,0.2334999999999999,22,48,0.0408163265306122,0.02,83.3025883025883
p008,1,6,0.092,0.232,18,47,0.0204081632653061,0.0,76.4950664950665
p008,1,7,0.091,0.229,21,45,0.0,0.0,83.99316899316898
p008,1,8,0.091,0.228,19,41,0.0,0.02,72.35130735130734
p008,1,9,0.0905,0.2155,20,42,0.0,0.0,79.23646173646175
p008,1,10,0.0905,0.2475,19,41,0.0,0.02,70.51840301840302
p008,1,11,0.09,0.213,19,42,0.0,0.04,73.52110352110351
p008,1,12,0.095,0.2215,18,35,0.0,0.02,61.97631697631697
p008,1,13,0.09,0.2255,20,42,0.0204081632653061,0.04,72.26985226985227
p008,1,14,0.0854999999999999,0.2294999999999999,21,46,0.0,0.0,86.53469403469408
p008,1,15,0.0854999999999999,0.2105,17,37,0.0408163265306122,0.0,62.61242011242015
p008,1,16,0.086,0.212,20,46,0.0408163265306122,0.04,77.32083732083733
p008,1,17,0.091,0.2085,21,45,0.0612244897959183,0.04,75.1986601986602
p008,1,18,0.0905,0.209,21,45,0.0204081632653061,0.0,83.73326623326625
p008,1,19,0.09,0.2155,16,41,0.1020408163265306,0.14,43.68192368192368
p008,1,20,0.085,0.2075,18,39,0.0204081632653061,0.0,70.35777535777535
p008,1,21,0.088,0.217,20,44,0.0204081632653061,0.0,79.86469986469986
p008,1,22,0.085,0.2345,17,40,0.0,0.0,68.93712393712394
p008,1,23,0.088,0.228,19,42,0.0,0.0,76.1994961994962
p008,1,24,0.0854999999999999,0.239,16,41,0.0408163265306122,0.0,62.50682000682003
p008,1,25,0.09,0.2115,20,42,0.0,0.04,76.05220605220605
p008,1,26,0.0905,0.225,21,41,0.0,0.02,77.53256003256004
p008,1,27,0.0854999999999999,0.216,17,40,0.0204081632653061,0.0,68.2889757889758
p008,1,28,0.09,0.2355,22,42,0.0,0.02,80.26356026356025
p008,1,29,0.091,0.252,17,40,0.0,0.0,65.75680075680076
p008,1,30,0.0875,0.2405,23,44,0.0,0.02,85.3033528033528
p008,1,31,0.0854999999999999,0.227,17,43,0.0204081632653061,0.02,69.1821766821767
p008,1,32,0.087,0.227,19,43,0.0204081632653061,0.0,75.43879043879045
p008,1,33,0.086,0.2215,18,39,0.0816326530612244,0.08,54.16801416801419
p008,1,34,0.086,0.224,20,43,0.0,0.0,80.73909073909074
p008,1,35,0.09,0.2425,20,39,0.0,0.0,72.8066528066528
p008,1,36,0.09,0.2165,17,39,0.0204081632653061,0.0,65.88544588544589
p008,1,37,0.09,0.2205,19,42,0.0204081632653061,0.0,74.09310409310409
p008,1,38,0.086,0.216,18,38,0.0204081632653061,0.0,67.986777986778
p008,1,39,0.085,0.2345,21,46,0.0,0.0,86.15324115324115
p008,1,40,0.085,0.2405,22,43,0.0816326530612244,0.1,65.30437030437031
p008,1,41,0.0854999999999999,0.222,21,44,0.0204081632653061,0.02,80.48853798853801
p008,1,42,0.0854999999999999,0.229,22,42,0.0,0.0,83.83749133749136
p008,1,43,0.09,0.2235,22,43,0.0,0.0,84.5986645986646
p008,2,0,0.087,0.209,18,46,0.0408163265306122,0.06,70.76928576928579
p008,2,1,0.088,0.2304999999999999,22,41,0.1020408163265306,0.14,56.942326942326936
p008,2,2,0.09,0.218,17,45,0.0408163265306122,0.08,63.63924363924364
p008,2,3,0.09,0.213,23,45,0.0,0.0,90.5947705947706
p008,2,4,0.085,0.21,19,42,0.0,0.0,78.71558371558372
p008,2,5,0.0925,0.2445,24,43,0.0,0.02,82.43042493042492
p008,2,6,0.0895,0.2085,18,38,0.0204081632653061,0.04,64.2004917004917
p008,2,7,0.09,0.2339999999999999,17,40,0.0,0.0,67.79669779669781
p008,2,8,0.085,0.218,20,41,0.0816326530612244,0.04,65.78617078617079
p008,2,9,0.09,0.2245,21,42,0.0204081632653061,0.0,78.45460845460845
p008,2,10,0.091,0.2195,20,47,0.0,0.04,81.42356642356641
p008,2,11,0.0935,0.2175,17,45,0.0204081632653061,0.0,72.64432014432013
p008,2,12,0.0854999999999999,0.242,24,43,0.0,0.0,86.19919369919371
p008,2,13,0.085,0.2195,18,37,0.0204081632653061,0.0,66.5924715924716
p008,2,14,0.091,0.233,19,41,0.0204081632653061,0.08,63.91429891429891
p008,2,15,0.09,0.2375,25,47,0.0,0.02,88.85456885456887
p008,2,16,0.0905,0.2225,20,42,0.0612244897959183,0.0,71.39290389290389
p008,2,17,0.09,0.2405,20,44,0.0,0.04,75.71340571340572
p008,2,18,0.0945,0.231,21,45,0.0408163265306122,0.06,72.64217514217513
p008,2,19,0.093,0.2289999999999999,19,41,0.0,0.02,71.77501677501678
p008,2,20,0.096,0.2185,19,40,0.0204081632653061,0.0,70.30063030063029
p008,2,21,0.093,0.221,21,44,0.0816326530612244,0.08,66.10451110451112
p008,2,22,0.091,0.2435,20,40,0.1020408163265306,0.02,59.99389499389499
p008,2,23,0.096,0.2105,17,32,0.0408163265306122,0.0,56.26626626626626
p008,2,24,0.096,0.2205,20,39,0.0204081632653061,0.02,69.34747934747934
p008,2,25,0.09,0.219,18,37,0.0,0.0,67.83299783299783
p008,2,26,0.096,0.233,21,45,0.0408163265306122,0.08,70.23298023298024
p008,2,27,0.096,0.223,22,43,0.0204081632653061,0.0,80.83919083919083
p008,2,28,0.095,0.2375,19,38,0.0,0.0,68.45367345367346
p008,2,29,0.09,0.2125,21,43,0.0,0.04,79.6151096151096
p008,2,30,0.08,0.231,17,38,0.1224489795918367,0.2,36.96146696146696
p008,2,31,0.085,0.215,20,37,0.0816326530612244,0.08,57.254562254562266
p008,2,32,0.0905,0.2175,20,35,0.1020408163265306,0.2,41.49047399047399
p008,2,33,0.091,0.228,22,45,0.0612244897959183,0.08,71.92395692395692
p008,2,34,0.095,0.2205,19,40,0.0204081632653061,0.04,66.63482163482163
p008,2,35,0.0875,0.2155,20,43,0.0204081632653061,0.04,75.14814264814265
p008,2,36,0.09,0.238,26,47,0.0204081632653061,0.02,86.42356642356641
p008,2,37,0.095,0.2309999999999999,19,32,0.0,0.02,62.12426712426713
p008,2,38,0.091,0.228,22,40,0.0,0.02,78.21211321211321
p008,2,39,0.095,0.2315,19,42,0.0204081632653061,0.0,71.8015268015268
p008,2,40,0.098,0.246,22,47,0.0204081632653061,0.02,81.33705133705134
p008,2,41,0.09,0.236,19,40,0.1224489795918367,0.16,43.25787325787326
p008,2,42,0.09,0.2205,18,37,0.1428571428571428,0.12,39.90506990506991
p008,2,43,0.0905,0.2345,21,41,0.0,0.0,78.43346093346095
p008,2,44,0.091,0.217,19,40,0.0204081632653061,0.0,71.64125664125665
p008,2,45,0.09,0.224,19,41,0.0408163265306122,0.0,70.07975007975007
p008,2,46,0.091,0.2245,22,42,0.0612244897959183,0.08,68.42815342815344
p008,2,47,0.09,0.235,21,43,0.0204081632653061,0.0,78.68560868560868
p008,2,48,0.09,0.218,19,39,0.0612244897959183,0.04,62.031592031592034
p009,1,0,0.109,0.3045,19,37,0.0,0.04,53.42787842787843
p009,1,1,0.106,0.3085,18,45,0.0204081632653061,0.0,62.93997293997296
p009,1,2,0.1235,0.3835,17,44,0.0204081632653061,0.06,43.09829059829061
p009,1,3,0.089,0.3385,21,40,0.0204081632653061,0.08,57.30978230978232
p009,1,4,0.103,0.3195,21,44,0.0408163265306122,0.0,66.03301103301104
p009,1,5,0.106,0.3525,21,42,0.0612244897959183,0.08,49.66295966295968
p009,1,6,0.1055,0.3095,20,48,0.0408163265306122,0.02,66.05212355212355
p009,1,7,0.106,0.336,19,45,0.0,0.0,64.94912494912495
p009,1,8,0.087,0.299,19,42,0.0,0.04,65.62678062678063
p009,1,9,0.094,0.2975,21,37,0.1020408163265306,0.12,43.14974314974315
p009,1,10,0.107,0.3205,18,41,0.0,0.0,58.75342375342375
p009,1,11,0.095,0.3225,19,43,0.0,0.02,64.5035695035695
p009,1,12,0.0965,0.3085,18,44,0.0204081632653061,0.06,58.36427086427087
p009,1,13,0.1095,0.3285,19,41,0.0204081632653061,0.08,49.949977449977446
p009,1,14,0.106,0.37,18,44,0.0204081632653061,0.02,53.64991364991365
p009,1,15,0.0815,0.2615,22,45,0.0612244897959183,0.06,72.68436018436019
p009,1,16,0.089,0.307,18,42,0.0204081632653061,0.0,63.29158829158829
p009,1,17,0.0854999999999999,0.2815,18,37,0.0408163265306122,0.0,57.88626538626541
p009,1,18,0.085,0.277,22,45,0.0408163265306122,0.04,74.53227953227953
p009,1,19,0.083,0.2825,18,43,0.0408163265306122,0.0,66.07371107371108
p009,1,20,0.096,0.2905,18,37,0.0204081632653061,0.04,53.16261316261316
p009,1,21,0.087,0.2825,22,44,0.0612244897959183,0.0,73.54623854623857
p009,1,22,0.106,0.33,17,42,0.0204081632653061,0.08,47.15330715330716
p009,1,23,0.086,0.286,21,42,0.0408163265306122,0.08,63.46247346247348
p009,1,24,0.0854999999999999,0.3255,19,40,0.0408163265306122,0.1,50.44970794970798
p009,1,25,0.0845,0.2985,16,40,0.0408163265306122,0.0,55.50690800690801
p009,1,26,0.0845,0.303,18,41,0.0816326530612244,0.14,43.37554587554588
p009,1,27,0.087,0.317,22,41,0.0,0.02,71.53763653763653
p009,1,28,0.085,0.2915,19,42,0.0,0.06,65.00187000187002
p009,1,29,0.107,0.3409999999999999,17,40,0.0408163265306122,0.06,42.720907720907725
p009,1,30,0.085,0.301,17,41,0.0612244897959183,0.1,47.16040216040216
p009,1,31,0.0865,0.3185,18,45,0.0612244897959183,0.08,54.412516912516914
p009,1,32,0.085,0.302,22,44,0.0816326530612244,0.12,58.57841357841358
p009,1,33,0.0835,0.2755,17,42,0.0408163265306122,0.04,59.28865678865679
p009,1,34,0.084,0.313,19,45,0.0204081632653061,0.0,70.10857010857012
p009,1,35,0.0825,0.306,17,42,0.0408163265306122,0.06,54.62184712184713
p009,1,36,0.087,0.3345,19,42,0.0408163265306122,0.08,53.60761860761861
p009,1,37,0.0835,0.312,21,42,0.0204081632653061,0.1,61.98420948420949
p009,1,38,0.086,0.3465,19,44,0.0,0.0,67.37792737792739
p009,1,39,0.0895,0.309,17,39,0.0204081632653061,0.02,54.89338239338239
p009,1,40,0.083,0.3005,22,41,0.0204081632653061,0.02,71.76071676071676
p009,1,41,0.0785,0.28,16,34,0.1224489795918367,0.14,28.6082511082511
p009,1,42,0.0835,0.2965,22,48,0.0,0.02,82.1153296153296
p009,1,43,0.064,0.2485,19,33,0.3673469387755102,0.02,51.08680108680108
p009,1,44,0.085,0.29,19,40,0.1020408163265306,0.14,43.27574827574827
p009,1,45,0.0854999999999999,0.307,26,44,0.0,0.02,79.12288662288664
p009,1,46,0.088,0.314,23,46,0.0204081632653061,0.04,76.15824615824614
p009,1,47,0.077,0.269,19,45,0.0204081632653061,0.02,74.32778932778932
p009,2,0,0.086,0.269,17,43,0.0612244897959183,0.08,54.54146454146456
p009,2,1,0.0885,0.2825,21,42,0.0408163265306122,0.04,66.92128942128943
p009,2,2,0.086,0.298,20,48,0.0,0.02,76.60803660803661
p009,2,3,0.084,0.2905,18,38,0.1428571428571428,0.22,30.05313005313005
p009,2,4,0.085,0.283,22,43,0.0,0.0,79.83318483318483
p009,2,5,0.084,0.293,23,43,0.0,0.02,79.59937959937962
p009,2,6,0.086,0.288,20,42,0.0408163265306122,0.02,66.43687643687645
p009,2,7,0.0865,0.304,19,43,0.0204081632653061,0.04,64.14642664642665
p009,2,8,0.0675,0.2784999999999999,19,39,0.0204081632653061,0.04,66.0945835945836
p009,2,9,0.067,0.2835,20,42,0.0204081632653061,0.0,75.64394064394067
p009,2,10,0.0765,0.28,19,40,0.0204081632653061,0.04,65.08362758362757
p009,2,11,0.0665,0.3215,17,40,0.0204081632653061,0.02,60.4003729003729
p009,2,12,0.0875,0.333,20,42,0.1020408163265306,0.18,39.61755711755712
p009,2,13,0.074,0.297,20,38,0.0,0.02,68.02681802681802
p009,2,14,0.0815,0.2995,19,42,0.0408163265306122,0.06,60.272497772497786
p009,2,15,0.0845,0.3025,19,43,0.0,0.0,70.85742335742337
p009,2,16,0.086,0.308,24,47,0.0,0.02,82.74989274989274
p009,2,17,0.0865,0.2815,21,43,0.0612244897959183,0.0,70.1023826023826
p009,2,18,0.084,0.294,21,43,0.0,0.02,74.73737473737474
p009,2,19,0.085,0.318,20,44,0.0204081632653061,0.02,68.61702361702363
p009,2,20,0.0845,0.2865,20,37,0.0204081632653061,0.02,62.914865414865424
p009,2,21,0.0845,0.2895,22,45,0.0,0.02,80.0138325138325
p009,2,22,0.086,0.31,20,38,0.1224489795918367,0.04,47.73080773080773
p009,2,23,0.0865,0.318,18,37,0.0816326530612244,0.0,49.23261173261174
p009,2,24,0.066,0.275,18,32,0.0408163265306122,0.0,59.33361933361933
p009,2,25,0.085,0.291,23,44,0.0,0.04,78.99168399168398
p009,2,26,0.085,0.296,17,36,0.0816326530612244,0.12,37.01784201784202
p009,2,27,0.0854999999999999,0.289,22,44,0.0,0.0,80.39558789558792
p009,2,28,0.0854999999999999,0.3015,23,46,0.0204081632653061,0.02,79.85658735658738
p009,2,29,0.083,0.282,19,40,0.0,0.0,69.42046442046443
p009,2,30,0.0865,0.3025,21,45,0.0,0.0,77.70724020724022
p009,2,31,0.085,0.2935,20,41,0.0816326530612244,0.08,54.52490952490954
p009,2,32,0.084,0.2855,20,42,0.0408163265306122,0.06,63.45961345961347
p009,2,33,0.087,0.3215,23,48,0.0,0.04,79.30859430859432
p009,2,34,0.087,0.3075,19,41,0.0408163265306122,0.08,55.02827002827002
p009,2,35,0.086,0.28,19,38,0.0612244897959183,0.08,51.7920117920118
p009,2,36,0.0885,0.3015,22,40,0.0612244897959183,0.02,64.30713680713681
p009,2,37,0.085,0.3005,23,42,0.0204081632653061,0.04,73.0956780956781
p009,2,38,0.0955,0.317,20,35,0.0612244897959183,0.04,48.064905564905565
p009,2,39,0.085,0.302,20,37,0.0204081632653061,0.02,61.24426624426625
p009,2,40,0.088,0.312,18,43,0.0,0.04,62.988482988482986
p009,2,41,0.0845,0.3225,21,43,0.1020408163265306,0.14,48.749601249601234
p009,2,42,0.084,0.3135,21,46,0.0408163265306122,0.06,68.16596816596817
p009,2,43,0.086,0.292,19,45,0.0612244897959183,0.0,66.97257697257697
p009,2,44,0.0845,0.2815,19,41,0.0612244897959183,0.12,52.14145464145465
p009,2,45,0.0854999999999999,0.2865,19,42,0.0408163265306122,0.0,66.17697367697372
p009,2,46,0.084,0.2845,21,41,0.0204081632653061,0.02,70.74327074327074
p009,2,47,0.084,0.284,21,40,0.0408163265306122,0.02,67.13031713031712
p009,2,48,0.09,0.321,20,41,0.0408163265306122,0.08,55.34358534358535
p010,1,0,0.087,0.327,20,38,0.0,0.0,63.78042878042877
p010,1,1,0.087,0.335,19,43,0.0612244897959183,0.06,54.31051931051932
p010,1,2,0.088,0.3705,17,40,0.0612244897959183,0.06,41.91081191081192
p010,1,3,0.0735,0.3275,21,36,0.0,0.02,64.9096624096624
p010,1,4,0.078,0.355,22,44,0.0408163265306122,0.0,70.81279081279082
p010,1,5,0.072,0.3155,18,42,0.0612244897959183,0.02,59.87459987459988
p010,1,6,0.079,0.367,19,38,0.0204081632653061,0.0,56.91928191928192
p010,1,7,0.071,0.2795,19,40,0.0,0.0,72.52785752785753
p010,1,8,0.0834999999999999,0.376,17,41,0.0,0.0,56.71245421245424
p010,1,9,0.079,0.3195,23,45,0.0,0.02,80.70130570130569
p010,1,10,0.087,0.367,19,44,0.0,0.0,65.08778008778009
p010,1,11,0.079,0.4395,19,35,0.0204081632653061,0.04,48.76882376882377
p010,1,12,0.087,0.4335,18,39,0.0,0.0,55.69597069597069
p010,1,13,0.08,0.3994999999999999,18,41,0.0204081632653061,0.0,57.54578754578756
p010,1,14,0.094,0.371,23,44,0.0204081632653061,0.0,70.16357016357017
p010,1,15,0.0945,0.3915,18,41,0.0204081632653061,0.0,54.0934065934066
p010,1,16,0.098,0.391,18,37,0.0408163265306122,0.0,45.75091575091575
p010,1,17,0.071,0.323,20,44,0.0204081632653061,0.0,73.3017083017083
p010,1,18,0.079,0.3795,17,40,0.0612244897959183,0.0,49.358974358974365
p010,1,19,0.095,0.3675,18,38,0.0204081632653061,0.0,50.678755678755685
p010,1,20,0.095,0.4265,21,48,0.0204081632653061,0.0,68.80952380952381
p010,1,21,0.096,0.3805,17,37,0.0,0.0,48.608058608058606
p010,1,22,0.08,0.383,19,43,0.0,0.0,64.87179487179488
p010,1,23,0.079,0.387,16,41,0.0408163265306122,0.0,50.64102564102564
p010,1,24,0.087,0.474,19,39,0.0,0.0,58.07692307692307
p010,1,25,0.087,0.5945,20,40,0.0,0.0,61.73992673992674
p010,1,26,0.079,0.47,18,41,0.0204081632653061,0.0,57.78388278388278
p010,1,27,0.0945,0.519,21,42,0.0,0.0,64.8992673992674
p010,1,28,0.08,0.372,17,39,0.0,0.0,55.08178508178508
p010,1,29,0.079,0.383,22,41,0.0,0.0,69.68864468864469
p010,1,30,0.0795,0.4034999999999999,17,45,0.0408163265306122,0.0,58.03113553113553
p010,1,31,0.087,0.455,19,44,0.0204081632653061,0.0,62.1062271062271
p010,1,32,0.094,0.4629999999999999,16,38,0.0,0.0,47.98534798534798
p010,1,33,0.0795,0.5315000000000001,21,46,0.0,0.0,73.5989010989011
p010,1,34,0.0925,0.4565,21,41,0.0,0.0,64.0934065934066
p010,1,35,0.0849999999999999,0.422,13,32,0.0204081632653061,0.0,42.61904761904764
p010,1,36,0.0795,0.347,22,41,0.0204081632653061,0.02,67.93939543939544
p010,1,37,0.079,0.3265,18,42,0.0204081632653061,0.0,63.72058872058872
p010,1,38,0.0715,0.3005,23,48,0.0204081632653061,0.0,86.42392392392391
p010,1,39,0.079,0.371,18,36,0.0408163265306122,0.0,49.1928741928742
p010,1,40,0.073,0.4515,26,46,0.0,0.04,76.2047212047212
p010,1,41,0.0785,0.3515,22,46,0.0,0.0,78.37010087010087
p010,1,42,0.073,0.2995,21,45,0.0204081632653061,0.0,78.84087384087384
p010,2,0,0.087,0.399,18,45,0.0408163265306122,0.02,56.77452177452178
p010,2,1,0.079,0.399,20,35,0.0204081632653061,0.0,54.853479853479854
p010,2,2,0.079,0.367,21,46,0.0204081632653061,0.0,71.93759693759695
p010,2,3,0.087,0.331,21,42,0.0204081632653061,0.04,64.8045298045298
p010,2,4,0.079,0.395,19,40,0.0,0.0,61.26373626373627
p010,2,5,0.0829999999999999,0.403,23,44,0.0,0.0,74.96336996337
p010,2,6,0.086,0.3355,18,37,0.0,0.0,57.12371712371712
p010,2,7,0.079,0.3385,19,39,0.0,0.0,63.435138435138434
p010,2,8,0.071,0.3705,20,40,0.0204081632653061,0.0,63.418748418748415
p010,2,9,0.087,0.3705,18,41,0.0,0.0,58.51032351032351
p010,2,10,0.072,0.3595,17,44,0.0204081632653061,0.0,62.267102267102274
p010,2,11,0.0795,0.407,23,44,0.0,0.0,75.79670329670328
p010,2,12,0.08,0.339,15,34,0.0204081632653061,0.0,47.21292721292721
p010,2,13,0.0834999999999999,0.36,21,44,0.0,0.0,71.38371888371891
p010,2,14,0.087,0.3835,24,47,0.0,0.0,77.85714285714286
p010,2,15,0.088,0.3985,19,41,0.0612244897959183,0.0,53.26007326007326
p010,2,16,0.087,0.4275,20,43,0.0,0.0,65.5860805860806
p010,2,17,0.0875,0.5595,22,46,0.0204081632653061,0.02,69.84228734228735
p010,2,18,0.0795,0.435,21,39,0.0,0.0,64.62454212454212
p010,2,19,0.071,0.3195,21,44,0.0816326530612244,0.02,67.03830203830205
p010,2,20,0.071,0.3435,23,44,0.0408163265306122,0.02,74.15970915970915
p010,2,21,0.071,0.3235,22,40,0.1020408163265306,0.02,61.50969650969651
p010,2,22,0.071,0.292,19,36,0.0408163265306122,0.0,61.3864963864964
p010,2,23,0.079,0.319,21,42,0.0204081632653061,0.0,71.61419661419662
p010,2,24,0.0715,0.3755,18,37,0.0,0.0,56.82234432234433
p010,2,25,0.079,0.327,22,45,0.0,0.0,79.42145442145441
p010,2,26,0.079,0.3075,21,42,0.0204081632653061,0.0,72.76534776534778
p010,2,27,0.08,0.3675,19,41,0.0,0.0,62.85824285824285
p010,2,28,0.087,0.387,21,42,0.0,0.0,66.68498168498168
p010,2,29,0.087,0.379,22,44,0.0204081632653061,0.0,69.24908424908425
p010,2,30,0.087,0.3355,22,47,0.0204081632653061,0.0,76.84899184899186
p010,2,31,0.08,0.355,19,44,0.0,0.0,67.95564795564796
p010,2,32,0.0824999999999999,0.3505,19,39,0.0,0.0,61.400603900603926
p010,2,33,0.079,0.355,22,39,0.0408163265306122,0.0,64.16443916443917
p010,2,34,0.075,0.375,21,36,0.0,0.0,61.84981684981685
p010,2,35,0.0795,0.4195,20,40,0.0,0.0,63.52564102564102
p010,2,36,0.079,0.363,16,39,0.0204081632653061,0.0,51.45887645887646
p010,2,37,0.079,0.3705,17,44,0.0408163265306122,0.0,57.11838211838212
p010,2,38,0.087,0.443,21,42,0.0204081632653061,0.0,64.3040293040293
p010,2,39,0.087,0.4145,18,43,0.0612244897959183,0.0,53.681318681318686
p010,2,40,0.087,0.403,21,42,0.0408163265306122,0.06,56.36752136752137
p010,2,41,0.0865,0.3585,20,44,0.0408163265306122,0.02,61.82487432487432
p010,2,42,0.0865,0.411,20,38,0.0204081632653061,0.0,56.913919413919416
p010,2,43,0.0915,0.4275,20,39,0.0408163265306122,0.0,54.62454212454213
p010,2,44,0.0875,0.3875,23,45,0.0,0.02,73.32214082214081
p010,2,45,0.087,0.3155,20,39,0.0,0.0,66.21363121363122
p011,1,0,0.104,0.3335,16,36,0.0816326530612244,0.04,33.76673376673377
p011,1,1,0.102,0.3045,16,34,0.3061224489795918,0.06,25.5870155870156
p011,1,2,0.102,0.2925,19,43,0.0,0.04,63.98805398805399
p011,1,3,0.1025,0.3065,21,41,0.0204081632653061,0.02,64.13630663630664
p011,1,4,0.099,0.278,21,42,0.0204081632653061,0.0,70.95639595639595
p011,1,5,0.1025,0.277,21,45,0.0204081632653061,0.0,74.06931656931658
p011,1,6,0.0915,0.2665,12,30,0.2653061224489796,0.3,20.77970827970828
p011,1,7,0.095,0.282,19,48,0.0408163265306122,0.0,70.77577577577578
p011,1,8,0.107,0.283,19,45,0.0,0.0,70.01633501633502
p011,1,9,0.096,0.2865,19,39,0.0612244897959183,0.08,50.04246004246005
p011,1,10,0.094,0.28,22,43,0.0,0.02,76.13877613877612
p011,1,11,0.1,0.3115,20,41,0.0,0.04,62.379192379192375
p011,1,12,0.0985,0.2845,17,37,0.1428571428571428,0.2,23.53834603834604
p011,1,13,0.099,0.2855,17,34,0.0612244897959183,0.14,32.7005577005577
p011,1,14,0.098,0.279,17,32,0.1224489795918367,0.06,33.85385385385384
p011,1,15,0.1,0.2875,18,34,0.1020408163265306,0.12,31.733161733161733
p011,1,16,0.089,0.297,17,43,0.0204081632653061,0.0,63.1936881936882
p011,1,17,0.1,0.2875,18,37,0.1020408163265306,0.1,37.43116743116743
p011,1,18,0.1,0.281,17,41,0.1428571428571428,0.12,34.21531421531421
p011,1,19,0.0945,0.2765,17,37,0.1632653061224489,0.14,28.995231495231494
p011,1,20,0.095,0.2795,19,40,0.0612244897959183,0.0,59.670714670714666
p011,1,21,0.096,0.2755,20,44,0.0408163265306122,0.06,64.16757416757417
p011,1,22,0.096,0.2605,18,43,0.0612244897959183,0.02,60.94787094787095
p011,1,23,0.109,0.305,15,31,0.1224489795918367,0.16,16.991991991991988
p011,1,24,0.0955,0.2825,22,42,0.0612244897959183,0.06,63.40277090277092
p011,1,25,0.098,0.269,16,36,0.0612244897959183,0.08,40.32901032901034
p011,1,26,0.0995,0.2675,18,41,0.1224489795918367,0.16,36.74391424391423
p011,1,27,0.0965,0.269,20,45,0.1020408163265306,0.12,53.28281578281578
p011,1,28,0.102,0.2975,17,35,0.1224489795918367,0.14,24.92426492426492
p011,1,29,0.111,0.288,18,41,0.0816326530612244,0.08,44.12307912307913
p011,1,30,0.099,0.3065,18,37,0.1428571428571428,0.18,23.5980485980486
p011,1,31,0.1105,0.319,20,42,0.0204081632653061,0.08,54.32583682583683
p011,1,32,0.1015,0.295,20,40,0.0408163265306122,0.12,50.22233772233773
p011,1,33,0.099,0.3055,18,40,0.0204081632653061,0.02,56.64483164483164
p011,1,34,0.0945,0.3,19,42,0.0,0.02,65.59281809281809
p011,1,35,0.094,0.2784999999999999,20,48,0.0,0.0,78.50707850707852
p011,1,36,0.101,0.2835,19,41,0.0408163265306122,0.06,55.94919094919095
p011,1,37,0.0975,0.2735,17,41,0.1224489795918367,0.1,39.79410729410729
p011,1,38,0.094,0.2605,20,43,0.0612244897959183,0.06,62.482262482262485
p011,1,39,0.0975,0.28,16,37,0.1224489795918367,0.18,24.22689172689173
p011,1,40,0.097,0.2765,18,42,0.0,0.0,66.82083182083183
p011,1,41,0.097,0.273,20,37,0.1224489795918367,0.16,36.422301422301416
p011,1,42,0.1005,0.293,20,41,0.0612244897959183,0.08,53.26543576543577
p011,1,43,0.097,0.269,14,32,0.0204081632653061,0.02,48.32046332046332
p011,1,44,0.1125,0.315,21,41,0.0408163265306122,0.0,60.37540287540288
p011,1,45,0.0945,0.2895,18,36,0.1224489795918367,0.12,33.02563552563553
p011,1,46,0.0985,0.2565,21,45,0.0204081632653061,0.04,73.37004587004587
p011,1,47,0.102,0.2885,22,45,0.0408163265306122,0.02,71.18536118536119
p011,1,48,0.101,0.287,22,47,0.0204081632653061,0.02,76.51866151866152
p011,1,49,0.0985,0.273,24,43,0.0816326530612244,0.04,66.77333927333927
p011,1,50,0.0925,0.261,19,27,0.3265306122448979,0.34,28.235020735020736
p011,1,51,0.0995,0.282,22,44,0.0,0.0,77.76295526295526
p011,2,0,0.118,0.336,18,43,0.0816326530612244,0.12,36.51200651200652
p011,2,1,0.1135,0.312,21,45,0.0816326530612244,0.08,53.3965008965009
p011,2,2,0.1115,0.312,17,44,0.0408163265306122,0.08,47.82873532873534
p011,2,3,0.1135,0.305,21,42,0.0408163265306122,0.12,51.30924880924882
p011,2,4,0.115,0.311,18,29,0.2040816326530612,0.22,15.49192049192049
p011,2,5,0.103,0.2895,20,42,0.0,0.02,67.001012001012
p011,2,6,0.1045,0.315,26,45,0.0204081632653061,0.06,68.9956714956715
p011,2,7,0.098,0.294,18,37,0.0612244897959183,0.08,43.87046387046388
p011,2,8,0.0975,0.2804999999999999,17,40,0.0,0.02,59.50447700447702
p011,2,9,0.096,0.275,15,30,0.1632653061224489,0.2,18.857428857428854
p011,2,10,0.11,0.2855,20,42,0.0204081632653061,0.0,65.20564520564521
p011,2,11,0.099,0.309,18,36,0.0612244897959183,0.0,48.25622325622326
p011,2,12,0.1025,0.306,18,41,0.0612244897959183,0.06,48.57789107789109
p011,2,13,0.1095,0.324,15,39,0.1428571428571428,0.2,17.14849464849465
p011,2,14,0.0975,0.2855,26,45,0.0,0.0,81.55179905179905
p011,2,15,0.1105,0.324,19,36,0.0408163265306122,0.06,43.222975722975725
p011,2,16,0.1105,0.3195,21,44,0.0,0.0,69.0092015092015
p011,2,17,0.1075,0.3145,20,38,0.1224489795918367,0.14,32.90205040205039
p011,2,18,0.105,0.2945,21,45,0.0612244897959183,0.06,61.40486640486642
p011,2,19,0.1055,0.2865,21,39,0.1836734693877551,0.14,37.46309496309497
p011,2,20,0.1085,0.29,21,44,0.0,0.02,70.58649308649309
p011,2,21,0.106,0.306,19,43,0.0204081632653061,0.0,63.00707300707302
p011,2,22,0.097,0.274,20,38,0.0,0.02,64.85292985292985
p011,2,23,0.1,0.302,20,45,0.0204081632653061,0.0,69.78109978109978
p011,2,24,0.1045,0.293,21,44,0.1224489795918367,0.1,49.545452045452045
p011,2,25,0.104,0.2975,18,39,0.1224489795918367,0.08,37.51278751278751
p011,2,26,0.114,0.321,20,41,0.1224489795918367,0.02,45.661045661045655
p011,2,27,0.104,0.302,17,32,0.0408163265306122,0.0,45.20234520234521
p011,2,28,0.103,0.2975,17,41,0.0816326530612244,0.12,38.992233992234
p011,2,29,0.1005,0.302,20,44,0.0408163265306122,0.06,60.44349294349295
p011,2,30,0.1065,0.2955,21,42,0.0,0.0,69.7998822998823
p011,2,31,0.104,0.284,19,39,0.1632653061224489,0.16,31.45673145673146
p011,2,32,0.102,0.2725,19,42,0.0,0.0,68.41170841170842
p011,2,33,0.1075,0.298,23,44,0.0408163265306122,0.06,66.32008382008384
p011,2,34,0.105,0.33,21,43,0.0204081632653061,0.0,65.6046706046706
p011,2,35,0.1075,0.3045,19,40,0.1224489795918367,0.1,37.78990528990529
p011,2,36,0.101,0.3115,24,49,0.0,0.04,76.97626197626197
p011,2,37,0.0995,0.306,20,39,0.1224489795918367,0.0,49.9026774026774
p011,2,38,0.097,0.293,20,41,0.0408163265306122,0.08,56.47972147972148
p011,2,39,0.108,0.293,22,40,0.0408163265306122,0.0,64.74793474793475
p011,2,40,0.0955,0.295,22,40,0.0408163265306122,0.06,61.968369468369474
p011,2,41,0.099,0.292,18,34,0.1020408163265306,0.12,31.52080652080652
p011,2,42,0.103,0.3115,21,37,0.0204081632653061,0.0,60.240405240405245
p011,2,43,0.099,0.291,17,43,0.0,0.0,63.7942887942888
p011,2,44,0.107,0.3115,19,40,0.1224489795918367,0.1,37.208252208252205
p011,2,45,0.112,0.313,19,45,0.0204081632653061,0.04,59.73819973819974
p011,2,46,0.0995,0.279,20,42,0.0408163265306122,0.0,65.97534347534348
p011,2,47,0.099,0.2885,20,36,0.2040816326530612,0.24,28.87970387970388
p011,2,48,0.105,0.293,19,36,0.1428571428571428,0.16,26.47158147158147
p011,2,49,0.1015,0.2785,20,41,0.1020408163265306,0.08,49.71688721688721
p011,2,50,0.091,0.255,15,25,0.3265306122448979,0.34,22.04990704990705
p011,2,51,0.104,0.3,20,39,0.0408163265306122,0.0,58.95565895565896
p011,2,52,0.1,0.303,21,43,0.0,0.0,71.87880187880188
p011,2,53,0.105,0.2975,20,43,0.0204081632653061,0.0,66.47697147697149
p012,1,0,0.107,0.2445,19,39,0.1020408163265306,0.2,37.606452606452606
p012,1,1,0.113,0.227,14,32,0.1632653061224489,0.2,19.614614614614613
p012,1,2,0.118,0.262,16,36,0.1632653061224489,0.26,17.484737484737487
p012,1,3,0.1125,0.275,20,36,0.1224489795918367,0.2,29.39772189772189
p012,1,4,0.118,0.2405,20,39,0.0612244897959183,0.12,48.08621808621809
p012,1,5,0.1125,0.2375,20,46,0.0204081632653061,0.1,65.28415778415778
p012,1,6,0.12,0.255,20,43,0.0612244897959183,0.06,56.842336842336856
p012,1,7,0.1159999999999999,0.2615,18,40,0.0816326530612244,0.2,35.04394504394507
p012,1,8,0.125,0.265,17,43,0.0612244897959183,0.08,45.65615065615066
p012,1,9,0.1125,0.2635,17,36,0.1428571428571428,0.22,21.025063525063526
p012,1,10,0.1225,0.2575,20,42,0.0408163265306122,0.14,49.6883421883422
p012,1,11,0.121,0.2565,18,38,0.1428571428571428,0.22,24.64700964700965
p012,1,12,0.129,0.279,20,44,0.0408163265306122,0.08,54.10822910822912
p012,1,13,0.122,0.296,21,42,0.0408163265306122,0.14,48.334488334488334
p012,1,14,0.129,0.3,19,42,0.0408163265306122,0.08,47.06107206107206
p012,1,15,0.126,0.263,18,41,0.0,0.02,58.13351813351813
p012,1,16,0.126,0.262,18,38,0.0204081632653061,0.06,48.30280830280831
p012,1,17,0.1305,0.263,19,41,0.0408163265306122,0.1,47.27372977372977
p012,1,18,0.13,0.2905,18,44,0.0408163265306122,0.1,46.10522610522611
p012,1,19,0.1225,0.2855,20,45,0.0204081632653061,0.08,58.668201168201165
p012,1,20,0.1075,0.2445,17,40,0.1632653061224489,0.2,29.245646745646752
p012,1,21,0.1215,0.263,19,44,0.0408163265306122,0.06,56.96644446644448
p012,1,22,0.127,0.2565,19,42,0.0612244897959183,0.08,49.51066451066452
p012,1,23,0.124,0.249,20,41,0.0612244897959183,0.08,52.07460207460209
p012,1,24,0.1185,0.26,18,40,0.1428571428571428,0.2,27.45599995599996
p012,1,25,0.123,0.2495,16,37,0.1020408163265306,0.1,30.996875996876
p012,1,26,0.133,0.2555,19,43,0.0408163265306122,0.04,55.54890054890055
p012,1,27,0.1065,0.2375,20,40,0.1224489795918367,0.2,39.708252208252205
p012,1,28,0.127,0.2555,21,43,0.0204081632653061,0.06,62.26847726847726
p012,1,29,0.1265,0.249,20,42,0.0408163265306122,0.08,55.14236764236764
p012,1,30,0.126,0.2665,16,34,0.1224489795918367,0.16,16.798226798226793
p012,1,31,0.116,0.284,15,40,0.1224489795918367,0.16,25.11973511973512
p012,1,32,0.125,0.254,18,39,0.0,0.02,56.70841170841171
p012,1,33,0.127,0.2835,20,45,0.0,0.04,63.88162888162888
p012,1,34,0.122,0.2545,18,36,0.0408163265306122,0.1,41.35718135718136
p012,1,35,0.1265,0.2605,19,43,0.0408163265306122,0.06,54.74416724416725
p012,1,36,0.1315,0.297,19,44,0.0408163265306122,0.08,49.33023683023684
p012,1,37,0.1305,0.251,18,42,0.0204081632653061,0.04,55.31253781253781
p012,1,38,0.1225,0.261,18,39,0.1020408163265306,0.22,29.883372383372382
p012,1,39,0.114,0.248,16,31,0.1632653061224489,0.24,17.274417274417274
p012,1,40,0.127,0.266,16,42,0.0816326530612244,0.1,37.18405218405219
p012,1,41,0.1225,0.26,18,41,0.0408163265306122,0.1,47.0978395978396
p012,1,42,0.114,0.256,19,36,0.2244897959183673,0.24,26.180576180576185
p012,1,43,0.128,0.273,18,43,0.0408163265306122,0.1,47.051117051117046
p012,1,44,0.135,0.267,22,46,0.0204081632653061,0.08,63.82591382591382
p012,1,45,0.1235,0.2804999999999999,19,40,0.0408163265306122,0.12,44.054741554741575
p012,1,46,0.1175,0.2565,18,40,0.1224489795918367,0.18,30.425397925397927
p012,1,47,0.136,0.254,16,36,0.0204081632653061,0.0,45.42839542839543
p012,1,48,0.1235,0.241,21,42,0.0204081632653061,0.04,65.12306262306264
p012,1,49,0.126,0.235,17,40,0.0816326530612244,0.08,42.19395219395221
p012,1,50,0.1185,0.2475,21,44,0.0408163265306122,0.1,60.29048279048279
p012,1,51,0.117,0.262,18,36,0.1836734693877551,0.22,22.484737484737483
p012,1,52,0.1225,0.238,19,39,0.0204081632653061,0.02,58.90525140525141
p012,1,53,0.124,0.2825,26,46,0.0204081632653061,0.08,67.03626703626705
p012,1,54,0.111,0.252,23,43,0.0816326530612244,0.12,58.491843491843504
p012,1,55,0.117,0.2565,21,46,0.0204081632653061,0.02,72.09918709918709
p012,1,56,0.126,0.257,18,36,0.0816326530612244,0.14,31.68894168894169
p012,2,0,0.11,0.2515,18,42,0.1428571428571428,0.18,32.8947628947629
p012,2,1,0.115,0.2615,18,48,0.0408163265306122,0.08,58.27756327756328
p012,2,2,0.117,0.2365,19,46,0.0204081632653061,0.08,63.78372878372878
p012,2,3,0.115,0.279,20,45,0.0612244897959183,0.14,50.78710578710579
p012,2,4,0.114,0.253,22,42,0.0612244897959183,0.12,56.3954063954064
p012,2,5,0.1195,0.264,19,42,0.0408163265306122,0.12,49.22287672287673
p012,2,6,0.1155,0.2365,21,37,0.1020408163265306,0.14,42.28494978494978
p012,2,7,0.118,0.2675,20,44,0.0408163265306122,0.12,54.17472417472418
p012,2,8,0.1305,0.254,19,41,0.0204081632653061,0.08,52.40743490743491
p012,2,9,0.113,0.24,19,44,0.0408163265306122,0.08,59.44070444070445
p012,2,10,0.121,0.324,20,40,0.0204081632653061,0.1,46.90938190938191
p012,2,11,0.123,0.257,20,43,0.0612244897959183,0.12,50.372295372295376
p012,2,12,0.1265,0.2555,19,41,0.0,0.04,59.2943217943218
p012,2,13,0.118,0.275,17,43,0.0204081632653061,0.06,52.935572935572935
p012,2,14,0.117,0.263,21,39,0.1020408163265306,0.2,38.13555313555313
p012,2,15,0.1155,0.287,22,40,0.1020408163265306,0.2,39.753297253297255
p012,2,16,0.1245,0.26,15,36,0.0408163265306122,0.06,39.15319165319166
p012,2,17,0.1165,0.2375,20,41,0.0408163265306122,0.08,57.392419892419895
p012,2,18,0.1164999999999999,0.2915,20,43,0.0816326530612244,0.12,46.08550858550862
p012,2,19,0.1195,0.265,18,41,0.1020408163265306,0.16,34.61321211321211
p012,2,20,0.127,0.2645,20,43,0.0816326530612244,0.04,53.6956186956187
p012,2,21,0.12,0.253,19,43,0.0408163265306122,0.06,57.042537042537056
p012,2,22,0.122,0.254,21,48,0.0612244897959183,0.08,62.12355212355214
p012,2,23,0.112,0.2805,20,43,0.0816326530612244,0.14,46.40618640618641
p012,2,24,0.1169999999999999,0.2375,22,41,0.0408163265306122,0.06,63.88712888712892
p012,2,25,0.1165,0.263,22,48,0.0204081632653061,0.06,71.52688402688403
p012,2,26,0.1095,0.2435,18,34,0.1020408163265306,0.06,39.43121693121692
p012,2,27,0.112,0.265,21,43,0.0408163265306122,0.06,62.508002508002505
p012,2,28,0.1195,0.254,18,34,0.1020408163265306,0.1,32.295509795509794
p012,2,29,0.1185,0.26,19,38,0.0816326530612244,0.1,41.82311432311433
p012,2,30,0.118,0.264,19,38,0.0408163265306122,0.12,44.451814451814464
p012,2,31,0.116,0.258,20,46,0.0408163265306122,0.12,58.16596816596817
p012,2,32,0.1205,0.27,19,40,0.1020408163265306,0.16,34.97351747351747
p012,2,33,0.122,0.2585,22,44,0.0408163265306122,0.06,64.44070444070444
p012,2,34,0.1255,0.242,20,41,0.0,0.02,65.11657261657263
p012,2,35,0.1225,0.23,18,40,0.0204081632653061,0.04,56.755299255299256
p012,2,36,0.125,0.2605,22,41,0.0204081632653061,0.04,63.91286891286891
p012,2,37,0.1135,0.2375,18,37,0.2040816326530612,0.26,27.05257455257455
p012,2,38,0.103,0.24,21,44,0.1224489795918367,0.2,47.800492800492805
p012,2,39,0.1125,0.259,23,47,0.0408163265306122,0.14,65.47225797225798
p012,2,40,0.118,0.255,18,43,0.0,0.06,59.699479699479696
p012,2,41,0.127,0.2675,20,44,0.0204081632653061,0.04,61.820226820226814
p012,2,42,0.1215,0.2545,22,40,0.0408163265306122,0.0,65.38750288750289
p012,2,43,0.1155,0.256,25,46,0.0204081632653061,0.08,71.71272921272923
p012,2,44,0.1205,0.25,18,34,0.0612244897959183,0.06,40.92342342342344
p012,2,45,0.1115,0.2515,20,36,0.1020408163265306,0.18,34.36912186912186
p012,2,46,0.109,0.2465,17,39,0.1632653061224489,0.2,27.40625240625241
p012,2,47,0.115,0.2385,18,42,0.0204081632653061,0.06,58.4024134024134
p012,2,48,0.1235,0.247,19,40,0.1428571428571428,0.18,29.94777744777745
p012,2,49,0.1215,0.246,18,40,0.1020408163265306,0.18,32.9050204050204
p012,2,50,0.113,0.269,21,42,0.1632653061224489,0.18,37.571582571582574
p012,2,51,0.1065,0.247,15,39,0.2244897959183673,0.22,25.57048807048807
p012,2,52,0.1135,0.2315,21,43,0.0204081632653061,0.06,67.8851653851654
p012,2,53,0.1205,0.247,20,40,0.0816326530612244,0.12,45.741428241428245
p012,2,54,0.118,0.269,23,45,0.1224489795918367,0.16,49.221969221969225
p012,2,55,0.1145,0.231,17,39,0.0204081632653061,0.0,58.60066110066109
p012,2,56,0.1125,0.2355,20,43,0.1020408163265306,0.1,52.114394614394605
p012,2,57,0.113,0.236,21,38,0.1224489795918367,0.18,38.127633127633125
p012,2,58,0.112,0.241,19,40,0.0816326530612244,0.1,47.836737836737846
p013,1,0,0.08,0.24,16,31,0.1428571428571428,0.2,26.170456170456166
p013,1,1,0.101,0.2495,16,41,0.0,0.02,60.67534567534568
p013,1,2,0.079,0.231,18,39,0.0204081632653061,0.04,65.73029073029073
p013,1,3,0.096,0.269,22,40,0.1224489795918367,0.12,49.37255937255937
p013,1,4,0.0955,0.2245,21,42,0.0204081632653061,0.02,75.29323279323279
p013,1,5,0.0985,0.2185,20,45,0.0612244897959183,0.0,73.73469623469623
p013,1,6,0.1,0.245,16,42,0.0204081632653061,0.0,62.11684211684212
p013,1,7,0.0985,0.253,20,47,0.0204081632653061,0.0,77.60725010725011
p013,1,8,0.103,0.2365,19,43,0.0,0.02,71.20741620741622
p013,1,9,0.102,0.263,20,42,0.0612244897959183,0.14,51.63779163779164
p013,1,10,0.111,0.2755,21,43,0.0408163265306122,0.08,59.84319484319485
p013,1,11,0.1164999999999999,0.271,20,44,0.0,0.02,68.20268070268072
p013,1,12,0.104,0.2625,19,35,0.0,0.02,58.1103081103081
p013,1,13,0.1135,0.238,18,39,0.0,0.0,62.8999603999604
p013,1,14,0.1095,0.283,18,41,0.0204081632653061,0.0,59.53098703098704
p013,1,15,0.121,0.2915,21,39,0.1632653061224489,0.22,29.56841456841457
p013,1,16,0.065,0.1725,16,26,0.4693877551020408,0.48,33.095238095238095
p013,1,17,0.091,0.2625,18,38,0.0612244897959183,0.08,49.97233497233498
p013,1,18,0.1105,0.2744999999999999,18,43,0.0408163265306122,0.04,56.62318912318913
p013,1,19,0.096,0.2715,18,40,0.0612244897959183,0.06,52.2969122969123
p013,1,20,0.107,0.2425,21,44,0.0204081632653061,0.02,73.31743831743832
p013,1,21,0.095,0.223,19,43,0.0816326530612244,0.04,63.08786808786809
p013,1,22,0.1125,0.2655,18,37,0.0408163265306122,0.1,43.800036300036304
p013,1,23,0.1055,0.2595,20,41,0.0816326530612244,0.08,53.04736054736056
p013,1,24,0.1135,0.257,17,39,0.0204081632653061,0.04,52.53245003245004
p013,1,25,0.122,0.276,22,45,0.0,0.02,72.43661243661244
p013,1,26,0.0995,0.272,17,40,0.0612244897959183,0.12,43.47702097702098
p013,1,27,0.0845,0.2485,17,43,0.0408163265306122,0.02,64.88716738716738
p013,1,28,0.12,0.268,20,43,0.0408163265306122,0.06,57.92198792198793
p013,1,29,0.12,0.2745,20,41,0.0,0.02,63.17284317284318
p013,1,30,0.097,0.2565,21,43,0.0204081632653061,0.02,73.01493801493801
p013,1,31,0.089,0.264,17,43,0.0408163265306122,0.08,56.708631708631714
p013,1,32,0.1085,0.2805,17,43,0.0612244897959183,0.1,46.18131868131868
p013,1,33,0.09,0.263,19,44,0.0408163265306122,0.08,62.614592614592624
p013,1,34,0.083,0.245,19,39,0.0816326530612244,0.1,53.05904805904808
p013,1,35,0.0965,0.2585,16,43,0.0612244897959183,0.1,48.85971135971136
p013,1,36,0.089,0.255,20,47,0.0204081632653061,0.04,75.96525096525095
p013,1,37,0.093,0.2775,18,42,0.0204081632653061,0.04,61.58845658845659
p013,1,38,0.1265,0.291,19,42,0.0,0.0,60.726523226523234
p013,1,39,0.091,0.2495,20,41,0.0204081632653061,0.06,66.4954514954515
p013,1,40,0.109,0.2565,18,42,0.0612244897959183,0.1,49.56357456357457
p013,1,41,0.084,0.232,15,38,0.1020408163265306,0.14,39.61268961268961
p013,1,42,0.107,0.2725,21,42,0.0612244897959183,0.08,57.43287243287244
p013,1,43,0.0885,0.252,18,41,0.1224489795918367,0.16,40.91451341451342
p013,1,44,0.1245,0.2695,18,41,0.0204081632653061,0.06,51.75535425535426
p013,1,45,0.1095,0.288,23,45,0.0408163265306122,0.02,71.83064933064932
p013,1,46,0.108,0.2545,20,42,0.0204081632653061,0.04,65.08123508123508
p013,1,47,0.0995,0.259,25,43,0.1020408163265306,0.16,54.44458194458195
p013,1,48,0.088,0.2385,23,48,0.0204081632653061,0.06,83.14600314600314
p013,1,49,0.073,0.2475,21,44,0.0612244897959183,0.1,68.74286374286376
p013,2,0,0.086,0.2635,18,45,0.0204081632653061,0.02,70.35453035453037
p013,2,1,0.104,0.2605,20,39,0.0816326530612244,0.1,48.8884488884489
p013,2,2,0.0975,0.2655,20,47,0.0816326530612244,0.08,62.04382954382955
p013,2,3,0.0955,0.256,23,47,0.0204081632653061,0.04,81.46038896038895
p013,2,4,0.103,0.27,20,44,0.0,0.04,69.66521466521466
p013,2,5,0.077,0.2465,18,38,0.0816326530612244,0.18,43.26705826705828
p013,2,6,0.0965,0.2875,22,41,0.0612244897959183,0.14,53.97471647471647
p013,2,7,0.0925,0.2815,20,40,0.0204081632653061,0.04,63.50490600490601
p013,2,8,0.0915,0.244,18,36,0.0408163265306122,0.06,53.37384087384088
p013,2,9,0.1185,0.29,20,39,0.0204081632653061,0.04,55.18152768152768
p013,2,10,0.1065,0.282,20,43,0.0204081632653061,0.0,67.67138017138018
p013,2,11,0.105,0.265,18,35,0.1224489795918367,0.2,26.14048114048114
p013,2,12,0.105,0.309,17,42,0.0612244897959183,0.06,46.58345158345159
p013,2,13,0.1205,0.2965,22,41,0.0408163265306122,0.06,57.147889647889656
p013,2,14,0.112,0.292,20,37,0.0612244897959183,0.08,45.49923549923551
p013,2,15,0.109,0.2685,20,45,0.0,0.02,71.52069652069652
p013,2,16,0.0865,0.266,21,45,0.0,0.0,81.36089386089385
p013,2,17,0.0975,0.336,21,44,0.0204081632653061,0.06,62.516280016280014
p013,2,18,0.0995,0.293,21,46,0.1020408163265306,0.1,55.68098318098318
p013,2,19,0.098,0.2965,19,38,0.1428571428571428,0.18,28.5001485001485
p013,2,20,0.105,0.2995,21,43,0.0816326530612244,0.08,54.10745910745912
p013,2,21,0.0915,0.3085,19,41,0.0816326530612244,0.12,45.391132891132905
p013,2,22,0.0955,0.3395,18,38,0.0408163265306122,0.12,39.87044737044737
p013,2,23,0.0805,0.31,22,46,0.0,0.04,78.34436084436085
p013,2,24,0.111,0.275,20,39,0.1020408163265306,0.02,50.79678579678579
p013,2,25,0.082,0.2985,20,41,0.1428571428571428,0.04,51.299541299541296
p013,2,26,0.1045,0.286,18,40,0.0408163265306122,0.06,51.20260370260371
p013,2,27,0.103,0.274,19,41,0.0204081632653061,0.06,58.8049038049038
p013,2,28,0.092,0.3065,18,37,0.0,0.0,58.59804859804859
p013,2,29,0.1105,0.306,22,45,0.0,0.02,72.17170467170467
p013,2,30,0.081,0.2815,18,39,0.1020408163265306,0.12,43.26782826782826
p013,2,31,0.1015,0.2925,19,43,0.0204081632653061,0.06,59.87429737429738
p013,2,32,0.0935,0.258,16,29,0.2448979591836734,0.26,21.154368654368653
p013,2,33,0.105,0.29,21,44,0.0204081632653061,0.04,67.1870221870222
p013,2,34,0.102,0.2925,22,44,0.0204081632653061,0.04,70.03201003201004
p013,2,35,0.1035,0.2955,21,47,0.0204081632653061,0.0,74.54347204347205
p013,2,36,0.083,0.255,22,45,0.0816326530612244,0.12,65.04136004136005
p013,2,37,0.1025,0.288,19,41,0.0408163265306122,0.08,53.28974578974579
p013,2,38,0.103,0.2915,21,44,0.0408163265306122,0.08,61.42840642840644
p013,2,39,0.0935,0.2795,24,48,0.0204081632653061,0.0,83.28793078793079
p013,2,40,0.1065,0.287,19,32,0.0408163265306122,0.08,43.46310596310597
p013,2,41,0.088,0.3105,21,43,0.0408163265306122,0.06,63.66773366773367
p013,2,42,0.1095,0.2815,19,39,0.0204081632653061,0.02,57.64613514613515
p013,2,43,0.121,0.336,18,43,0.0204081632653061,0.06,48.4961334961335
p013,2,44,0.098,0.296,20,41,0.0408163265306122,0.02,61.49688149688149
p013,2,45,0.1164999999999999,0.2845,19,43,0.0408163265306122,0.0,60.278272778272814
p013,2,46,0.1175,0.2995,21,44,0.0408163265306122,0.04,60.87892837892839
p013,2,47,0.1245,0.3035,21,41,0.0204081632653061,0.02,59.1985116985117
p013,2,48,0.095,0.259,19,44,0.1224489795918367,0.12,48.5970035970036
p013,2,49,0.0844999999999999,0.2745,16,35,0.0816326530612244,0.14,33.7741862741863
p013,2,50,0.086,0.302,19,39,0.0408163265306122,0.04,56.95651695651696
p013,2,51,0.097,0.28,20,37,0.1224489795918367,0.12,39.425304425304425
p013,2,52,0.105,0.304,20,40,0.0408163265306122,0.06,54.04365904365904
p014,1,0,0.078,0.251,21,38,0.0,0.02,74.05999405999405
p014,1,1,0.0725,0.3225,18,40,0.1020408163265306,0.1,44.32143682143681
p014,1,2,0.074,0.273,17,41,0.0612244897959183,0.08,54.434104434104434
p014,1,3,0.07,0.2915,21,41,0.0816326530612244,0.18,51.41823141823142
p014,1,4,0.0685,0.26,18,42,0.0816326530612244,0.14,52.77142527142527
p014,1,5,0.0705,0.2925,23,44,0.0204081632653061,0.04,79.91296241296241
p014,1,6,0.073,0.2925,15,40,0.0612244897959183,0.06,50.909095909095925
p014,1,7,0.065,0.274,20,41,0.1224489795918367,0.16,49.06945406945406
p014,1,8,0.0775,0.2785,19,42,0.1020408163265306,0.14,48.776716276716265
p014,1,9,0.0705,0.284,19,42,0.0,0.02,72.90870540870542
p014,1,10,0.0695,0.267,20,41,0.0816326530612244,0.14,55.31248281248281
p014,1,11,0.067,0.3399999999999999,20,42,0.0408163265306122,0.1,58.34807334807335
p014,1,12,0.075,0.2804999999999999,19,43,0.0,0.06,69.76597476597478
p014,1,13,0.07,0.3425,20,36,0.0,0.08,56.3049863049863
p014,1,14,0.07,0.2605,16,39,0.0,0.04,62.53924253924253
p014,1,15,0.066,0.3015,21,42,0.0612244897959183,0.08,64.2918742918743
p014,1,16,0.0735,0.2595,15,32,0.1836734693877551,0.22,25.766123266123262
p014,1,17,0.074,0.27,21,41,0.0612244897959183,0.08,64.25821425821427
p014,1,18,0.072,0.2645,19,41,0.0408163265306122,0.02,68.45955845955845
p014,1,19,0.078,0.275,20,42,0.0408163265306122,0.02,69.64293964293965
p014,1,20,0.0725,0.287,22,42,0.0204081632653061,0.02,76.89411939411939
p014,1,21,0.078,0.2675,19,40,0.0408163265306122,0.02,65.44863544863544
p014,1,22,0.079,0.2705,18,38,0.0408163265306122,0.02,59.96518496518496
p014,1,23,0.066,0.356,20,40,0.1020408163265306,0.12,45.42575542575542
p014,1,24,0.076,0.246,17,39,0.0612244897959183,0.08,54.096514096514106
p014,1,25,0.08,0.302,20,43,0.0,0.02,72.5080025080025
p014,1,26,0.0735,0.3385,20,42,0.0408163265306122,0.08,58.8024563024563
p014,1,27,0.076,0.2475,18,40,0.0816326530612244,0.06,57.0802670802671
p014,1,28,0.0765,0.2565,19,43,0.0204081632653061,0.08,67.57843007843007
p014,1,29,0.0625,0.31,21,38,0.1020408163265306,0.2,44.76784476784477
p014,1,30,0.066,0.369,20,37,0.0,0.02,61.44232144232144
p014,1,31,0.08,0.257,19,42,0.0204081632653061,0.0,72.82040282040283
p014,1,32,0.0695,0.3355,19,44,0.0408163265306122,0.06,62.09013959013959
p014,1,33,0.0745,0.291,20,46,0.0,0.02,78.76478126478126
p014,1,34,0.076,0.3375,19,39,0.0816326530612244,0.12,43.61460361460362
p014,1,35,0.075,0.298,16,40,0.1224489795918367,0.14,35.332090332090324
p014,1,36,0.0735,0.315,19,44,0.0204081632653061,0.06,65.57076307076308
p014,1,37,0.074,0.3535,19,40,0.0408163265306122,0.04,55.940555940555946
p014,1,38,0.0775,0.2885,18,41,0.1224489795918367,0.14,41.731759231759234
p014,1,39,0.079,0.3005,22,46,0.0,0.06,77.8006028006028
p014,1,40,0.0715,0.2655,22,44,0.0204081632653061,0.08,76.2929137929138
p014,1,41,0.0715,0.264,15,33,0.0204081632653061,0.04,53.04054054054054
p014,1,42,0.073,0.264,20,41,0.0408163265306122,0.02,70.65246565246565
p014,1,43,0.0685,0.263,20,41,0.0408163265306122,0.02,71.82399432399433
p014,1,44,0.067,0.2375,17,43,0.0816326530612244,0.16,52.43006743006743
p014,1,45,0.066,0.2615,22,47,0.0408163265306122,0.0,86.87544687544687
p014,1,46,0.0695,0.25,17,33,0.1428571428571428,0.18,30.050407550407545
p014,1,47,0.0735,0.2764999999999999,27,45,0.0,0.04,84.46328196328199
p014,1,48,0.072,0.251,20,39,0.1224489795918367,0.16,47.140987140987136
p014,1,49,0.071,0.2705,20,38,0.1224489795918367,0.16,44.14507914507914
p014,2,0,0.0785,0.2455,14,34,0.1836734693877551,0.18,25.97704847704848
p014,2,1,0.075,0.259,21,44,0.0204081632653061,0.02,79.28483428483428
p014,2,2,0.079,0.2685,17,40,0.0816326530612244,0.1,48.17922317922319
p014,2,3,0.079,0.3195,23,45,0.0,0.02,80.70130570130569
p014,2,4,0.079,0.312,20,42,0.0,0.04,68.61119361119363
p014,2,5,0.077,0.41,23,43,0.0,0.04,71.40618640618641
p014,2,6,0.0775,0.24,21,42,0.0204081632653061,0.04,76.17554367554368
p014,2,7,0.08,0.2655,17,40,0.0,0.02,65.17264517264518
p014,2,8,0.064,0.284,20,44,0.0612244897959183,0.14,61.14741114741116
p014,2,9,0.074,0.295,22,45,0.0612244897959183,0.1,67.41301741301741
p014,2,10,0.07,0.2445,16,39,0.0204081632653061,0.04,61.75989175989176
p014,2,11,0.077,0.333,18,42,0.0612244897959183,0.1,49.52496452496453
p014,2,12,0.0695,0.3025,19,43,0.0,0.04,70.72514822514823
p014,2,13,0.0735,0.3065,20,40,0.0,0.02,69.75901725901726
p014,2,14,0.075,0.2375,15,32,0.1224489795918367,0.12,35.54769054769055
p014,2,15,0.071,0.27,23,44,0.0,0.02,86.27897127897127
p014,2,16,0.067,0.29,25,47,0.0,0.02,89.07550407550406
p014,2,17,0.0745,0.247,18,33,0.1428571428571428,0.14,35.24488774488774
p014,2,18,0.0775,0.262,18,43,0.0408163265306122,0.0,69.43528693528694
p014,2,19,0.0695,0.277,20,42,0.0204081632653061,0.0,75.69935319935321
p014,2,20,0.072,0.288,21,44,0.0,0.02,79.47716947716948
p014,2,21,0.072,0.288,20,39,0.1224489795918367,0.12,47.14098714098714
p014,2,22,0.0705,0.2575,22,45,0.0612244897959183,0.12,70.14825264825265
p014,2,23,0.071,0.2475,20,36,0.1020408163265306,0.04,57.37534237534237
p014,2,24,0.071,0.352,22,43,0.0816326530612244,0.06,61.18024618024619
p014,2,25,0.0695,0.258,17,33,0.0408163265306122,0.0,57.82103532103532
p014,2,26,0.0745,0.227,18,33,0.1836734693877551,0.2,33.54318604318604
p014,2,27,0.075,0.254,17,34,0.1224489795918367,0.18,30.721435721435714
p014,2,28,0.0685,0.244,19,38,0.1224489795918367,0.2,43.16016566016566
p014,2,29,0.067,0.293,20,40,0.0,0.08,67.1024321024321
p014,2,30,0.0655,0.2975,19,39,0.1020408163265306,0.12,47.73765523765524
p014,2,31,0.0665,0.2325,21,44,0.0612244897959183,0.08,73.64383614383614
p014,2,32,0.0695,0.268,18,37,0.0,0.0,67.80904530904529
p014,2,33,0.069,0.3555,21,43,0.0408163265306122,0.1,59.98333498333498
p014,2,34,0.069,0.242,22,42,0.1020408163265306,0.2,57.89333289333289
p014,2,35,0.0735,0.2825,22,44,0.0204081632653061,0.04,77.81872531872533
p014,2,36,0.068,0.2525,21,44,0.1020408163265306,0.18,57.26352726352726
p014,2,37,0.072,0.2875,20,40,0.0204081632653061,0.04,67.7852577852578
p014,2,38,0.068,0.2695,19,39,0.0816326530612244,0.12,52.326172326172326
p014,2,39,0.074,0.32,23,43,0.0408163265306122,0.02,74.51572451572451
p014,2,40,0.07,0.2835,22,35,0.0408163265306122,0.06,62.78069278069278
p014,2,41,0.071,0.279,22,43,0.0408163265306122,0.08,71.3976063976064
p014,2,42,0.076,0.2515,18,38,0.0816326530612244,0.12,48.560208560208565
p014,2,43,0.075,0.267,15,35,0.1020408163265306,0.14,34.405889405889404
p014,2,44,0.0705,0.2825,22,47,0.0408163265306122,0.04,79.99821249821251
p014,2,45,0.075,0.3015,20,45,0.0612244897959183,0.08,63.61421861421862
p014,2,46,0.073,0.281,18,43,0.0612244897959183,0.0,66.22386122386122
p014,2,47,0.0835,0.298,23,43,0.0,0.02,79.21792671792672
p014,2,48,0.073,0.249,20,42,0.0408163265306122,0.02,73.43601843601843
p014,2,49,0.081,0.269,20,37,0.0816326530612244,0.08,52.80153780153781
p014,2,50,0.0725,0.289,22,40,0.0612244897959183,0.04,67.51606001606002
p014,2,51,0.078,0.36,22,42,0.0,0.0,72.5100925100925
p014,2,52,0.0765,0.2855,19,36,0.1428571428571428,0.16,34.008046508046505
p014,2,53,0.067,0.2735,20,44,0.0408163265306122,0.12,65.71698071698071
p015,1,0,0.1005,0.317,11,23,0.3469387755102041,0.42,13.58179608179608
p015,1,1,0.0975,0.333,13,23,0.3061224489795918,0.48,12.694480194480194
p015,1,2,0.121,0.3225,16,38,0.0816326530612244,0.14,24.125059125059128
p015,1,3,0.1185,0.307,19,44,0.0816326530612244,0.1,44.81071731071732
p015,1,4,0.132,0.3025,17,42,0.0612244897959183,0.06,40.805530805530815
p015,1,5,0.132,0.3655,22,44,0.0408163265306122,0.12,45.79348579348579
p015,1,6,0.1275,0.437,23,47,0.0204081632653061,0.12,54.72222222222223
p015,1,7,0.1285,0.3445,20,43,0.0612244897959183,0.16,36.60030910030911
p015,1,8,0.1315,0.3205,16,37,0.0816326530612244,0.04,29.802467302467303
p015,1,9,0.133,0.318,19,39,0.0204081632653061,0.04,46.545391545391546
p015,1,10,0.1295,0.2945,20,43,0.0408163265306122,0.08,51.15557865557866
p015,1,11,0.143,0.383,17,42,0.0408163265306122,0.08,33.8013838013838
p015,1,12,0.1195,0.331,18,39,0.1836734693877551,0.26,18.82874632874633
p015,1,13,0.1335,0.3325,20,42,0.0408163265306122,0.08,45.117342617342615
p015,1,14,0.1169999999999999,0.3115,19,45,0.0204081632653061,0.08,54.994169994170015
p015,1,15,0.1285,0.308,18,35,0.0,0.02,45.341467841467846
p015,1,16,0.129,0.2965,19,42,0.0204081632653061,0.08,49.7923747923748
p015,1,17,0.1325,0.345,20,44,0.0408163265306122,0.04,50.37199287199288
p015,1,18,0.1405,0.364,22,45,0.0204081632653061,0.1,50.98230098230098
p015,1,19,0.126,0.2835,18,31,0.1020408163265306,0.12,25.943085943085944
p015,1,20,0.106,0.278,16,40,0.1224489795918367,0.18,26.249436249436247
p015,1,21,0.135,0.349,20,40,0.0816326530612244,0.08,36.020636020636026
p015,1,22,0.134,0.341,19,42,0.0816326530612244,0.1,35.15273515273516
p015,1,23,0.1395,0.3775,20,43,0.0612244897959183,0.1,37.993487993488
p015,1,24,0.1315,0.2985,17,39,0.0816326530612244,0.08,33.246020746020754
p015,1,25,0.1385,0.3215,19,42,0.0408163265306122,0.04,47.42214742214743
p015,1,26,0.119,0.3445,21,44,0.1020408163265306,0.14,39.61516461516461
p015,1,27,0.1165,0.3035,17,39,0.0204081632653061,0.06,45.3116578116578
p015,1,28,0.1195,0.3635,19,45,0.0612244897959183,0.14,38.87626637626639
p015,1,29,0.132,0.3349999999999999,18,39,0.0204081632653061,0.06,40.84898084898087
p015,1,30,0.126,0.304,16,39,0.0408163265306122,0.06,38.23779823779824
p015,1,31,0.125,0.2635,21,42,0.0204081632653061,0.04,62.51366751366752
p015,1,32,0.1365,0.5495000000000001,22,42,0.0408163265306122,0.2,36.44688644688645
p015,1,33,0.122,0.3105,18,39,0.0408163265306122,0.1,39.5977295977296
p015,1,34,0.1145,0.3065,19,41,0.0408163265306122,0.08,48.58075108075108
p015,1,35,0.117,0.3015,18,41,0.0816326530612244,0.16,33.93574893574894
p015,1,36,0.1169999999999999,0.2755,17,41,0.0612244897959183,0.1,42.09390709390713
p015,1,37,0.119,0.292,22,45,0.0204081632653061,0.1,61.76093676093677
p015,1,38,0.1185,0.298,18,40,0.0,0.04,53.28182578182578
p015,1,39,0.1095,0.2925,16,43,0.0816326530612244,0.1,39.980117480117485
p015,1,40,0.1205,0.3095,20,44,0.0408163265306122,0.06,54.93083743083744
p015,1,41,0.123,0.296,16,37,0.1224489795918367,0.22,16.553861553861555
p015,1,42,0.1195,0.298,18,40,0.0816326530612244,0.18,30.556958056958067
p015,1,43,0.128,0.3365,21,48,0.0408163265306122,0.08,54.81767481767482
p015,1,44,0.1315,0.3155,20,42,0.0612244897959183,0.12,41.21057871057872
p015,1,45,0.1215,0.289,15,36,0.0204081632653061,0.04,41.1973786973787
p015,1,46,0.118,0.355,13,31,0.2040816326530612,0.28,5.611325611325616
p015,1,47,0.112,0.297,21,39,0.0816326530612244,0.1,45.71098571098572
p015,1,48,0.1255,0.3419999999999999,18,42,0.0204081632653061,0.12,39.9864974864975
p015,1,49,0.1135,0.2825,18,42,0.0816326530612244,0.14,39.80488730488732
p015,1,50,0.1205,0.311,20,41,0.1224489795918367,0.18,30.2996127996128
p015,1,51,0.1385,0.308,19,40,0.0204081632653061,0.02,50.44220044220044
p015,1,52,0.1225,0.3165,25,43,0.0612244897959183,0.16,47.97454047454048
p015,1,53,0.1315,0.3345,21,44,0.0408163265306122,0.1,48.48653598653598
p015,1,54,0.1125,0.2745,17,29,0.2040816326530612,0.3,17.359859859859856
p015,1,55,0.1245,0.3365,18,42,0.1020408163265306,0.16,27.54763004763004
p015,2,0,0.105,0.302,16,42,0.0816326530612244,0.14,35.11484011484013
p015,2,1,0.106,0.279,22,44,0.0612244897959183,0.06,63.81722381722383
p015,2,2,0.1155,0.2845,18,45,0.0612244897959183,0.08,50.911158411158425
p015,2,3,0.1055,0.2835,17,39,0.1428571428571428,0.24,24.53588203588204
p015,2,4,0.125,0.272,21,43,0.0408163265306122,0.1,55.00836000836
p015,2,5,0.121,0.2575,19,40,0.0,0.0,62.82529782529783
p015,2,6,0.1175,0.3295,21,42,0.1428571428571428,0.24,30.444097944097948
p015,2,7,0.108,0.3125,16,42,0.1224489795918367,0.22,24.88389488389489
p015,2,8,0.126,0.304,19,43,0.0408163265306122,0.1,46.805156805156805
p015,2,9,0.115,0.303,18,41,0.0,0.08,51.1930061930062
p015,2,10,0.108,0.288,19,41,0.0816326530612244,0.16,39.81090981090981
p015,2,11,0.135,0.3305,21,41,0.0408163265306122,0.08,46.29739629739629
p015,2,12,0.112,0.2575,20,43,0.0612244897959183,0.12,52.94129294129295
p015,2,13,0.114,0.3145,16,41,0.1020408163265306,0.16,26.2058762058762
p015,2,14,0.1265,0.305,16,40,0.0816326530612244,0.14,27.131389631389634
p015,2,15,0.124,0.331,22,41,0.0,0.02,61.326711326711326
p015,2,16,0.1135,0.329,15,37,0.0408163265306122,0.06,36.14738364738365
p015,2,17,0.1385,0.292,20,42,0.0408163265306122,0.06,50.904200904200906
p015,2,18,0.132,0.38,27,49,0.0204081632653061,0.12,53.65079365079365
p015,2,19,0.1185,0.294,19,44,0.0408163265306122,0.08,52.72577522577524
p015,2,20,0.122,0.301,19,40,0.1428571428571428,0.12,30.45507045507046
p015,2,21,0.123,0.3195,21,44,0.0204081632653061,0.08,56.24465124465125
p015,2,22,0.1275,0.315,19,43,0.0612244897959183,0.08,44.817812317812326
p015,2,23,0.134,0.3165,19,39,0.0204081632653061,0.06,44.60559460559461
p015,2,24,0.135,0.3429999999999999,21,45,0.0204081632653061,0.02,58.11085811085812
p015,2,25,0.1375,0.335,22,42,0.0408163265306122,0.04,53.21365321365321
p015,2,26,0.12,0.357,20,41,0.1020408163265306,0.06,39.30611930611931
p015,2,27,0.1115,0.301,16,32,0.1836734693877551,0.2,12.564350064350066
p015,2,28,0.128,0.307,19,34,0.0612244897959183,0.04,37.66480766480766
p015,2,29,0.1235,0.302,17,40,0.0612244897959183,0.1,36.61158411158412
p015,2,30,0.134,0.3555,18,42,0.0408163265306122,0.06,39.78593978593979
p015,2,31,0.1255,0.413,22,45,0.0408163265306122,0.12,47.87240537240538
p015,2,32,0.128,0.3095,21,41,0.0204081632653061,0.02,57.76457776457777
p015,2,33,0.12,0.3075,21,44,0.0204081632653061,0.04,61.86384186384186
p015,2,34,0.141,0.336,19,43,0.0408163265306122,0.1,41.6971916971917
p015,2,35,0.138,0.365,20,37,0.0816326530612244,0.12,26.86917686917688
p015,2,36,0.127,0.335,20,41,0.0408163265306122,0.1,43.28080828080829
p015,2,37,0.1295,0.331,22,46,0.0612244897959183,0.08,53.72903122903123
p015,2,38,0.1435,0.4,20,47,0.0,0.08,52.11640211640212
p015,2,39,0.141,0.321,21,42,0.0,0.02,58.84785884785885
p015,2,40,0.1375,0.3165,17,39,0.1020408163265306,0.16,21.060621060621056
p015,2,41,0.1415,0.3225,24,47,0.0408163265306122,0.06,61.404261404261405
p015,2,42,0.142,0.331,19,34,0.1020408163265306,0.12,21.664521664521654
p015,2,43,0.141,0.331,22,42,0.0204081632653061,0.08,52.29130229130229
p015,2,44,0.1345,0.2955,17,40,0.0408163265306122,0.06,40.84689084689085
p015,2,45,0.1335,0.3205,19,43,0.0204081632653061,0.02,53.15615065615066
p015,2,46,0.1305,0.3065,20,41,0.0612244897959183,0.08,44.77122727122728
p015,2,47,0.129,0.303,19,43,0.0612244897959183,0.0,53.06927806927808
p015,2,48,0.1265,0.3355,22,46,0.0204081632653061,0.08,58.75477125477125
p015,2,49,0.115,0.304,20,41,0.0816326530612244,0.1,44.47914947914949
p015,2,50,0.1169999999999999,0.3065,18,40,0.1020408163265306,0.12,33.475948475948506
p015,2,51,0.1355,0.3065,19,40,0.0612244897959183,0.04,43.97859397859399
p015,2,52,0.1405,0.346,19,41,0.0408163265306122,0.1,38.132088132088136
p015,2,53,0.1275,0.3595,21,42,0.0204081632653061,0.06,50.456967956967965
p015,2,54,0.1335,0.309,19,39,0.0816326530612244,0.1,34.62883212883214
p016,1,0,0.0965,0.259,17,35,0.0816326530612244,0.04,44.10880660880662
p016,1,1,0.1025,0.345,17,45,0.0204081632653061,0.02,55.88684838684839
p016,1,2,0.1025,0.29,18,42,0.0408163265306122,0.06,53.842496342496354
p016,1,3,0.116,0.301,22,38,0.0204081632653061,0.04,58.15551815551816
p016,1,4,0.111,0.2905,19,41,0.1428571428571428,0.14,33.55536855536855
p016,1,5,0.1125,0.3035,21,48,0.0204081632653061,0.04,67.89611039611039
p016,1,6,0.11,0.3389999999999999,17,44,0.0204081632653061,0.0,55.27153527153528
p016,1,7,0.104,0.272,21,46,0.0612244897959183,0.02,68.8809688809689
p016,1,8,0.1169999999999999,0.2825,17,43,0.0204081632653061,0.08,50.5710655710656
p016,1,9,0.101,0.3085,22,45,0.0,0.0,76.03521103521105
p016,1,10,0.1115,0.3425,17,43,0.0,0.04,51.959239459239456
p016,1,11,0.1115,0.277,19,41,0.0816326530612244,0.14,41.93052943052943
p016,1,12,0.109,0.325,20,34,0.0,0.02,51.76247676247676
p016,1,13,0.1025,0.276,17,38,0.0,0.0,58.05220055220055
p016,1,14,0.1075,0.3085,19,41,0.1020408163265306,0.16,35.496952996953
p016,1,15,0.1045,0.28,21,43,0.0,0.06,67.55412005412005
p016,1,16,0.0975,0.276,18,39,0.0816326530612244,0.08,45.97446347446348
p016,1,17,0.111,0.295,20,45,0.0204081632653061,0.02,66.01090101090101
p016,1,18,0.105,0.286,19,42,0.0408163265306122,0.04,57.880462880462886
p016,1,19,0.1025,0.313,22,46,0.0,0.04,72.8059653059653
p016,1,20,0.099,0.3075,18,41,0.0816326530612244,0.06,46.88012188012189
p016,1,21,0.0995,0.2665,21,42,0.0204081632653061,0.04,68.28479578479578
p016,1,22,0.0995,0.2975,22,48,0.0408163265306122,0.02,73.44380094380094
p016,1,23,0.102,0.2595,15,33,0.1428571428571428,0.06,30.09152009152009
p016,1,24,0.111,0.3825,22,47,0.0204081632653061,0.06,61.82539682539683
p016,1,25,0.1085,0.3665,18,42,0.0408163265306122,0.1,41.05256355256356
p016,1,26,0.0755,0.3915,18,44,0.0408163265306122,0.04,56.37871387871388
p016,1,27,0.0854999999999999,0.299,21,42,0.0,0.02,72.59768009768011
p016,1,28,0.083,0.367,19,42,0.0612244897959183,0.04,52.62949762949763
p016,1,29,0.091,0.2585,18,40,0.0204081632653061,0.0,65.10615010615011
p016,1,30,0.1045,0.3195,20,44,0.0,0.02,66.2049687049687
p016,1,31,0.1155,0.33,17,42,0.0,0.02,52.82791032791033
p016,1,32,0.1085,0.3105,23,45,0.0204081632653061,0.06,68.49374099374099
p016,1,33,0.102,0.2785,17,44,0.0204081632653061,0.0,63.23235323235323
p016,1,34,0.101,0.296,19,45,0.0408163265306122,0.08,57.97429297429297
p016,1,35,0.1035,0.27,18,42,0.0204081632653061,0.04,59.83920733920733
p016,1,36,0.1055,0.318,19,42,0.0,0.0,63.023820523820525
p016,1,37,0.099,0.275,21,40,0.0,0.04,67.36984236984237
p016,1,38,0.108,0.296,19,46,0.0204081632653061,0.04,63.67433367433368
p016,1,39,0.1045,0.296,18,43,0.0816326530612244,0.04,51.137703637703645
p016,1,40,0.0965,0.2675,20,42,0.0408163265306122,0.04,64.13707663707663
p016,1,41,0.1105,0.2955,19,44,0.0,0.02,64.7978472978473
p016,1,42,0.109,0.37,23,49,0.0408163265306122,0.04,64.45373945373946
p016,1,43,0.0945,0.291,17,36,0.0816326530612244,0.08,38.96014146014147
p016,1,44,0.112,0.286,25,43,0.0408163265306122,0.08,63.31595331595332
p016,1,45,0.093,0.2815,21,42,0.0408163265306122,0.08,62.24625724625725
p016,1,46,0.099,0.305,22,44,0.0204081632653061,0.0,73.1987481987482
p016,2,0,0.0915,0.257,17,44,0.0408163265306122,0.0,65.50355300355301
p016,2,1,0.095,0.2745,19,35,0.0,0.0,60.903815903815904
p016,2,2,0.0915,0.3365,20,45,0.0816326530612244,0.14,48.24563574563575
p016,2,3,0.088,0.2965,23,45,0.0,0.0,82.71260271260272
p016,2,4,0.101,0.2715,19,40,0.0,0.02,64.33394933394932
p016,2,5,0.091,0.266,23,41,0.1632653061224489,0.0,63.256498256498254
p016,2,6,0.102,0.2835,19,42,0.0,0.0,67.31060731060732
p016,2,7,0.0925,0.257,18,38,0.0204081632653061,0.0,62.33505483505484
p016,2,8,0.106,0.303,20,40,0.0204081632653061,0.0,61.84217184217184
p016,2,9,0.095,0.287,17,39,0.0,0.0,60.01886501886502
p016,2,10,0.0815,0.3085,19,43,0.0816326530612244,0.1,52.1880396880397
p016,2,11,0.095,0.3025,20,43,0.0,0.02,68.88652388652388
p016,2,12,0.1055,0.366,20,42,0.0,0.04,56.8962643962644
p016,2,13,0.1065,0.2865,18,37,0.0204081632653061,0.02,52.914865414865424
p016,2,14,0.096,0.28,20,42,0.0,0.02,69.61862961862961
p016,2,15,0.0854999999999999,0.2915,24,48,0.0408163265306122,0.06,76.05498355498358
p016,2,16,0.095,0.2835,19,40,0.1224489795918367,0.08,44.72004972004972
p016,2,17,0.0915,0.249,17,42,0.0204081632653061,0.04,62.41749991749992
p016,2,18,0.094,0.325,22,45,0.0204081632653061,0.02,71.81742181742182
p016,2,19,0.0915,0.2685,19,42,0.0,0.0,71.31210881210882
p016,2,20,0.0865,0.307,18,37,0.1836734693877551,0.04,39.48715198715199
p016,2,21,0.111,0.322,22,45,0.0408163265306122,0.04,63.83729883729884
p016,2,22,0.098,0.2605,20,41,0.0816326530612244,0.02,60.28853028853029
p016,2,23,0.0915,0.2665,21,42,0.0612244897959183,0.02,67.27950477950479
p016,2,24,0.0885,0.258,18,32,0.0408163265306122,0.0,55.67817817817818
p016,2,25,0.1,0.269,19,42,0.0,0.02,67.38639738639739
p016,2,26,0.0975,0.2985,23,46,0.0,0.02,79.6806971806972
p016,2,27,0.105,0.277,20,41,0.0204081632653061,0.0,65.96492096492098
p016,2,28,0.088,0.2725,19,38,0.1020408163265306,0.16,39.897259897259886
p016,2,29,0.099,0.3025,18,40,0.0204081632653061,0.08,51.38957638957638
p016,2,30,0.0995,0.265,23,42,0.0408163265306122,0.06,68.96404646404648
p016,2,31,0.073,0.1985,16,28,0.4489795918367347,0.0,47.85714285714286
p016,2,32,0.1005,0.259,21,40,0.1020408163265306,0.1,51.15398365398364
p016,2,33,0.1,0.3065,23,47,0.0408163265306122,0.0,76.65665665665665
p016,2,34,0.108,0.298,21,45,0.0,0.02,71.1867911867912
p016,2,35,0.097,0.3085,22,43,0.0,0.02,72.57163757163757
p016,2,36,0.106,0.3025,23,44,0.0408163265306122,0.0,71.78233178233178
p016,2,37,0.11,0.32,20,34,0.0,0.0,53.87673387673388
p016,2,38,0.106,0.339,20,35,0.0,0.0,54.20926420926421
p016,2,39,0.1025,0.317,18,36,0.0612244897959183,0.06,41.06653356653358
p016,2,40,0.106,0.285,19,48,0.0204081632653061,0.0,70.23738023738024
p016,2,41,0.109,0.3065,23,45,0.0204081632653061,0.02,72.47879747879749
p016,2,42,0.0925,0.3065,19,44,0.0816326530612244,0.06,54.75494725494727
p016,2,43,0.0985,0.264,21,40,0.0204081632653061,0.08,62.505335005335006
p016,2,44,0.1085,0.2745,21,41,0.0408163265306122,0.04,61.67813417813418
p016,2,45,0.078,0.1925,17,30,0.4081632653061224,0.0,49.04761904761906
p016,2,46,0.101,0.2525,16,37,0.0204081632653061,0.0,54.717739717739725
p016,2,47,0.108,0.2945,20,46,0.0204081632653061,0.0,69.90913990913991
p016,2,48,0.097,0.258,21,39,0.0612244897959183,0.12,53.71541871541873
p017,1,0,0.104,0.2275,17,32,0.2857142857142857,0.16,25.940225940225943
p017,1,1,0.104,0.2395,16,37,0.0816326530612244,0.14,35.19893519893521
p017,1,2,0.1075,0.2275,21,41,0.1428571428571428,0.04,54.71617221617222
p017,1,3,0.104,0.208,17,38,0.1632653061224489,0.12,36.724086724086725
p017,1,4,0.096,0.24,24,45,0.0408163265306122,0.12,70.5904805904806
p017,1,5,0.096,0.2195,19,36,0.1632653061224489,0.22,34.119944119944115
p017,1,6,0.096,0.208,17,32,0.2653061224489796,0.12,33.5006435006435
p017,1,7,0.064,0.236,19,30,0.4285714285714285,0.24,37.52323752323752
p017,1,8,0.096,0.219,16,39,0.1224489795918367,0.06,44.36535436535437
p017,1,9,0.1115,0.2315,20,43,0.1224489795918367,0.16,44.81638231638232
p017,1,10,0.095,0.2195,20,43,0.0612244897959183,0.08,64.4964194964195
p017,1,11,0.1035,0.22,17,38,0.1020408163265306,0.16,36.700134200134194
p017,1,12,0.096,0.256,18,42,0.1836734693877551,0.24,35.77764577764578
p017,1,13,0.1035,0.232,21,43,0.0204081632653061,0.04,72.06791956791957
p017,1,14,0.1005,0.239,20,40,0.1020408163265306,0.12,48.92318142318141
p017,1,15,0.111,0.223,20,42,0.0816326530612244,0.16,49.266134266134266
p017,1,16,0.108,0.2155,19,36,0.0408163265306122,0.06,54.67907467907469
p017,1,17,0.112,0.2235,19,39,0.0408163265306122,0.06,56.77204677204679
p017,1,18,0.1115,0.2555,21,41,0.1224489795918367,0.14,44.08268158268157
p017,1,19,0.112,0.216,21,43,0.0,0.0,77.73036773036773
p017,1,20,0.1035,0.216,17,39,0.0408163265306122,0.0,60.34025784025784
p017,1,21,0.108,0.2195,20,45,0.0204081632653061,0.0,76.13459613459615
p017,1,22,0.103,0.2275,16,36,0.1428571428571428,0.18,24.50961950961951
p017,1,23,0.0955,0.2155,20,45,0.0408163265306122,0.1,67.87097537097537
p017,1,24,0.1,0.2,18,41,0.1224489795918367,0.08,50.138380138380136
p017,1,25,0.108,0.24,18,32,0.1020408163265306,0.14,32.73130273130272
p017,1,26,0.104,0.236,21,39,0.0816326530612244,0.06,57.42555742555744
p017,1,27,0.112,0.228,18,41,0.0,0.0,66.82220682220682
p017,1,28,0.112,0.264,19,44,0.0408163265306122,0.1,55.42454542454544
p017,1,29,0.124,0.2435,19,38,0.0,0.02,59.09645909645911
p017,1,30,0.1115,0.224,16,42,0.0408163265306122,0.0,59.0998965998966
p017,1,31,0.0915,0.2075,18,39,0.2040816326530612,0.22,37.85777535777536
p017,1,32,0.104,0.248,21,42,0.0612244897959183,0.1,58.74775874775876
p017,1,33,0.12,0.244,18,41,0.0,0.04,59.61213961213961
p017,1,34,0.111,0.232,19,42,0.0816326530612244,0.1,51.53983653983655
p017,1,35,0.111,0.232,19,42,0.0,0.02,68.47105347105348
p017,1,36,0.1154999999999999,0.224,17,43,0.0816326530612244,0.1,47.78935528935532
p017,1,37,0.104,0.2155,24,46,0.0408163265306122,0.08,76.12392612392613
p017,1,38,0.112,0.212,17,42,0.0204081632653061,0.0,64.94395494395495
p017,1,39,0.104,0.224,20,46,0.0408163265306122,0.06,69.98206998207
p017,1,40,0.104,0.232,16,41,0.0816326530612244,0.1,44.781594781594784
p017,1,41,0.1075,0.224,19,41,0.0408163265306122,0.06,60.357527857527856
p017,1,42,0.1,0.263,21,44,0.0408163265306122,0.1,63.14369314369315
p017,1,43,0.104,0.236,20,42,0.0612244897959183,0.1,57.56800756800758
p017,1,44,0.12,0.232,14,32,0.0204081632653061,0.0,48.3998283998284
p017,1,45,0.104,0.208,21,42,0.0612244897959183,0.06,66.45546645546646
p017,1,46,0.104,0.212,18,42,0.0204081632653061,0.0,69.22966922966924
p017,1,47,0.1,0.204,21,48,0.0204081632653061,0.04,80.5820105820106
p017,1,48,0.0915,0.255,23,40,0.1632653061224489,0.22,46.2898337898338
p017,1,49,0.103,0.216,21,40,0.0408163265306122,0.06,65.70961070961071
p017,1,50,0.096,0.22,25,47,0.0612244897959183,0.16,69.07192907192908
p017,1,51,0.1075,0.2115,21,46,0.0,0.0,83.0984005984006
p017,1,52,0.096,0.208,22,44,0.0612244897959183,0.06,73.30528330528331
p017,1,53,0.112,0.2155,16,33,0.0,0.02,52.48534248534248
p017,2,0,0.064,0.2275,16,37,0.1632653061224489,0.16,36.92923692923693
p017,2,1,0.064,0.244,20,42,0.0204081632653061,0.0,80.3121803121803
p017,2,2,0.064,0.28,20,47,0.0612244897959183,0.08,70.94952094952095
p017,2,3,0.064,0.248,21,45,0.0,0.0,88.51983851983852
p017,2,4,0.064,0.224,20,42,0.0,0.0,84.6951346951347
p017,2,5,0.064,0.216,23,43,0.0,0.0,93.92084392084392
p017,2,6,0.064,0.2355,20,41,0.0,0.02,80.4100804100804
p017,2,7,0.064,0.252,18,37,0.0,0.0,70.72017072017071
p017,2,8,0.064,0.208,18,36,0.1224489795918367,0.08,52.14940214940214
p017,2,9,0.063,0.215,19,43,0.0204081632653061,0.0,82.11618211618212
p017,2,10,0.064,0.223,19,43,0.0204081632653061,0.0,81.31538131538132
p017,2,11,0.072,0.232,18,43,0.0,0.0,78.50971850971851
p017,2,12,0.064,0.22,19,39,0.0204081632653061,0.04,72.78377278377279
p017,2,13,0.064,0.232,18,41,0.0612244897959183,0.06,65.15196515196516
p017,2,14,0.064,0.24,20,42,0.0,0.0,83.09353309353308
p017,2,15,0.064,0.248,22,47,0.0,0.02,91.61304161304162
p017,2,16,0.064,0.236,21,42,0.0612244897959183,0.0,78.73202873202874
p017,2,17,0.064,0.248,21,44,0.0,0.02,85.3859353859354
p017,2,18,0.064,0.255,19,45,0.0204081632653061,0.0,80.67628067628068
p017,2,19,0.063,0.195,16,29,0.2857142857142857,0.0,50.0
p017,2,20,0.063,0.239,20,44,0.0612244897959183,0.0,78.61487861487862
p017,2,21,0.071,0.239,22,41,0.0612244897959183,0.0,77.86396286396287
p017,2,22,0.064,0.24,17,38,0.0816326530612244,0.0,61.2986612986613
p017,2,23,0.0715,0.24,18,31,0.0612244897959183,0.0,59.14664664664665
p017,2,24,0.064,0.228,19,43,0.0,0.0,83.1958331958332
p017,2,25,0.072,0.248,17,38,0.0,0.0,68.11690811690812
p017,2,26,0.064,0.232,21,42,0.0,0.02,84.42343442343443
p017,2,27,0.064,0.232,20,41,0.0204081632653061,0.0,80.23133023133022
p017,2,28,0.08,0.276,21,39,0.0816326530612244,0.02,62.83954283954285
p017,2,29,0.072,0.236,20,43,0.0204081632653061,0.0,80.4902704902705
p017,2,30,0.0755,0.3035,21,44,0.0204081632653061,0.0,76.56318406318407
p017,2,31,0.0635,0.2435,21,46,0.0204081632653061,0.0,87.87138787138787
p017,2,32,0.072,0.2515,20,45,0.0,0.02,82.03192203192202
p017,2,33,0.072,0.2435,20,40,0.0,0.0,78.27431827431828
p017,2,34,0.0755,0.26,22,40,0.0408163265306122,0.0,75.78933328933329
p017,2,35,0.072,0.253,22,38,0.0,0.0,79.52116952116951
p017,2,36,0.0715,0.272,21,39,0.0,0.02,74.7875622875623
p017,2,37,0.0675,0.2515,17,39,0.0204081632653061,0.0,67.73908523908524
p017,2,38,0.064,0.2595,18,41,0.0204081632653061,0.0,72.71667271667273
p017,2,39,0.072,0.248,20,40,0.0204081632653061,0.0,75.44291544291545
p017,2,40,0.0715,0.228,18,40,0.0612244897959183,0.0,68.04015554015554
p017,2,41,0.072,0.228,20,39,0.0612244897959183,0.0,71.4009614009614
p017,2,42,0.064,0.228,19,43,0.0408163265306122,0.0,78.43392843392844
p017,2,43,0.064,0.24,21,39,0.1020408163265306,0.02,67.87171787171786
p017,2,44,0.064,0.232,20,39,0.0408163265306122,0.0,75.28627528627528
p017,2,45,0.072,0.244,20,42,0.0,0.0,80.78837078837078
p017,2,46,0.072,0.22,20,42,0.0204081632653061,0.0,80.80982080982082
p018,1,0,0.0,0.026,10,18,0.673469387755102,0.1,40.74074074074074
p018,1,1,0.0655,0.2855,16,35,0.0,0.04,55.979963479963466
p018,1,2,0.065,0.2555,18,42,0.0204081632653061,0.0,74.16102916102916
p018,1,3,0.069,0.291,22,43,0.0204081632653061,0.02,78.60910360910361
p018,1,4,0.065,0.256,20,42,0.0204081632653061,0.0,78.87288387288389
p018,1,5,0.065,0.249,21,45,0.0408163265306122,0.02,81.56788656788656
p018,1,6,0.065,0.277,16,36,0.1428571428571428,0.1,36.00969100969101
p018,1,7,0.0665,0.277,20,38,0.0204081632653061,0.0,71.28543378543378
p018,1,8,0.066,0.2705,19,43,0.0,0.02,76.61353661353661
p018,1,9,0.0675,0.272,20,44,0.0,0.02,79.76924726924726
p018,1,10,0.0655,0.257,20,40,0.0816326530612244,0.1,59.68751718751719
p018,1,11,0.07,0.2725,20,41,0.0,0.02,75.27780527780529
p018,1,12,0.065,0.268,17,35,0.0204081632653061,0.06,55.99891099891099
p018,1,13,0.065,0.2415,17,38,0.0,0.0,70.43422543422544
p018,1,14,0.067,0.245,19,44,0.0408163265306122,0.06,71.74443674443675
p018,1,15,0.0635,0.2625,22,43,0.0612244897959183,0.08,72.33497233497233
p018,1,16,0.064,0.2735,17,36,0.0408163265306122,0.0,60.14311014311014
p018,1,17,0.0635,0.269,21,47,0.0408163265306122,0.04,80.51623051623052
p018,1,18,0.063,0.256,21,45,0.0408163265306122,0.0,82.95713295713296
p018,1,19,0.064,0.2395,21,44,0.0204081632653061,0.0,85.7076857076857
p018,1,20,0.067,0.2465,18,38,0.1020408163265306,0.08,52.52631752631752
p018,1,21,0.065,0.2675,19,40,0.0408163265306122,0.0,70.39572539572539
p018,1,22,0.064,0.262,18,43,0.0,0.04,73.70777370777371
p018,1,23,0.064,0.268,19,44,0.0204081632653061,0.04,74.3892243892244
p018,1,24,0.065,0.2505,20,42,0.0,0.02,79.95253495253495
p018,1,25,0.064,0.272,16,41,0.0408163265306122,0.0,64.32256432256432
p018,1,26,0.06,0.2445,21,41,0.0204081632653061,0.02,79.50917950917952
p018,1,27,0.064,0.314,20,40,0.0612244897959183,0.1,56.71990671990673
p018,1,28,0.067,0.2905,19,44,0.0408163265306122,0.02,70.89358589358591
p018,1,29,0.064,0.258,19,41,0.0,0.0,77.62872762872763
p018,1,30,0.063,0.2465,17,41,0.0,0.0,74.01797401797403
p018,1,31,0.0645,0.2625,22,46,0.0,0.0,90.61234311234313
p018,1,32,0.0645,0.2815,16,37,0.1020408163265306,0.14,38.01854051854051
p018,1,33,0.0605,0.2695,18,40,0.0204081632653061,0.0,70.43362043362043
p018,1,34,0.0645,0.256,20,42,0.1224489795918367,0.12,55.97605847605848
p018,1,35,0.0625,0.268,18,43,0.0,0.0,76.8108768108768
p018,1,36,0.0645,0.308,20,42,0.1428571428571428,0.2,42.834345334345336
p018,1,37,0.0645,0.2935,21,44,0.0,0.0,82.56418506418507
p018,1,38,0.06,0.266,14,32,0.0204081632653061,0.0,58.329758329758334
p018,1,39,0.06,0.2895,21,41,0.0204081632653061,0.0,76.85652685652687
p018,1,40,0.065,0.2555,18,42,0.0204081632653061,0.0,74.16102916102916
p018,1,41,0.063,0.2705,21,48,0.0204081632653061,0.02,84.5988845988846
p018,1,42,0.065,0.2605,22,40,0.1224489795918367,0.12,57.6043626043626
p018,1,43,0.061,0.2645,23,43,0.0,0.0,89.06598906598906
p018,1,44,0.064,0.273,22,40,0.0408163265306122,0.04,73.52242352242352
p018,1,45,0.0625,0.237,22,44,0.0,0.02,88.86798886798886
p018,1,46,0.0645,0.269,18,39,0.0204081632653061,0.02,67.23071973071973
p018,2,0,0.065,0.2645,16,44,0.1020408163265306,0.1,52.27925727925727
p018,2,1,0.0665,0.263,19,38,0.1428571428571428,0.14,43.05720555720556
p018,2,2,0.068,0.298,18,43,0.0408163265306122,0.08,60.68618068618069
p018,2,3,0.071,0.3065,19,37,0.1428571428571428,0.2,32.64566764566765
p018,2,4,0.066,0.296,22,43,0.0,0.02,81.2038412038412
p018,2,5,0.0665,0.2605,20,43,0.0204081632653061,0.04,75.64363814363814
p018,2,6,0.065,0.2975,23,46,0.0204081632653061,0.06,81.43423643423644
p018,2,7,0.065,0.266,18,34,0.0,0.0,65.23452023452023
p018,2,8,0.067,0.2615,18,38,0.0,0.0,70.33698533698534
p018,2,9,0.0645,0.247,23,42,0.0204081632653061,0.04,83.33198583198582
p018,2,10,0.064,0.2675,15,36,0.2040816326530612,0.24,29.79132979132979
p018,2,11,0.065,0.289,19,37,0.1224489795918367,0.14,41.9106469106469
p018,2,12,0.0655,0.3015,18,45,0.0204081632653061,0.04,69.57982707982708
p018,2,13,0.0685,0.306,24,42,0.0,0.04,78.85465135465135
p018,2,14,0.0655,0.248,17,32,0.0408163265306122,0.02,57.92256542256542
p018,2,15,0.065,0.2735,21,44,0.0,0.0,84.44713944713945
p018,2,16,0.0645,0.2764999999999999,24,45,0.0204081632653061,0.02,86.07703857703859
p018,2,17,0.063,0.2535,18,39,0.0204081632653061,0.0,70.75317075317076
p018,2,18,0.0625,0.274,18,42,0.0408163265306122,0.0,70.16632016632016
p018,2,19,0.065,0.2705,20,42,0.0204081632653061,0.0,77.42143242143241
p018,2,20,0.0665,0.269,17,33,0.1632653061224489,0.18,28.86279136279136
p018,2,21,0.063,0.274,22,42,0.0204081632653061,0.02,80.21923021923021
p018,2,22,0.0635,0.259,21,41,0.1632653061224489,0.18,48.95719895719896
p018,2,23,0.064,0.287,20,35,0.1632653061224489,0.14,39.78483978483978
p018,2,24,0.0675,0.2745,19,39,0.1020408163265306,0.02,58.82302632302632
p018,2,25,0.0625,0.2784999999999999,18,33,0.0612244897959183,0.04,53.37480337480338
p018,2,26,0.0655,0.258,20,39,0.1020408163265306,0.12,54.07256157256157
p018,2,27,0.064,0.282,17,41,0.0816326530612244,0.12,49.82949982949984
p018,2,28,0.063,0.26,23,47,0.0204081632653061,0.02,90.4118404118404
p018,2,29,0.068,0.269,18,38,0.0612244897959183,0.08,54.797874797874805
p018,2,30,0.0655,0.2745,22,45,0.0408163265306122,0.04,79.42538692538692
p018,2,31,0.062,0.2665,19,37,0.0204081632653061,0.02,67.41686741686742
p018,2,32,0.067,0.318,20,40,0.0408163265306122,0.04,63.54172854172854
p018,2,33,0.067,0.285,21,39,0.0816326530612244,0.02,65.03388003388004
p018,2,34,0.0655,0.2675,21,42,0.0612244897959183,0.02,73.36988086988087
p018,2,35,0.0635,0.2865,22,48,0.0,0.04,85.9073359073359
p018,2,36,0.0645,0.2715,21,42,0.0,0.0,82.2022847022847
p018,2,37,0.0645,0.2655,21,42,0.0204081632653061,0.0,80.42193292193292
p018,2,38,0.068,0.2585,23,40,0.0204081632653061,0.0,82.48710248710249
p018,2,39,0.063,0.2355,18,32,0.0,0.0,68.52566852566854
p018,2,40,0.066,0.237,21,37,0.0204081632653061,0.0,76.50738650738651
p018,2,41,0.0635,0.3,17,43,0.0,0.0,71.22672122672124
p018,2,42,0.0665,0.2565,19,41,0.0612244897959183,0.04,66.33707883707883
p018,2,43,0.065,0.274,20,44,0.1020408163265306,0.1,60.85211585211584
p018,2,44,0.064,0.287,19,42,0.0408163265306122,0.0,71.24597124597125
p018,2,45,0.066,0.2815,21,42,0.0408163265306122,0.04,72.3785323785324
p018,2,46,0.065,0.236,16,32,0.2653061224489796,0.26,30.142285142285143
p018,2,47,0.064,0.232,16,31,0.3265306122448979,0.32,30.780780780780777
p018,2,48,0.066,0.278,21,40,0.0204081632653061,0.02,74.3975843975844
p018,2,49,0.065,0.2925,21,40,0.0408163265306122,0.02,70.8032758032758
p018,2,50,0.065,0.2875,22,45,0.0408163265306122,0.02,80.09498509498509
p019,1,0,0.128,0.3,21,39,0.0,0.02,58.53237853237854
p019,1,1,0.127,0.3025,18,43,0.0204081632653061,0.0,55.97647097647098
p019,1,2,0.136,0.2925,18,41,0.0204081632653061,0.04,49.04299904299904
p019,1,3,0.119,0.271,19,39,0.0,0.04,56.96438196438197
p019,1,4,0.12,0.2915,22,45,0.0408163265306122,0.02,66.5993465993466
p019,1,5,0.1045,0.2955,15,42,0.1020408163265306,0.14,33.503586003586
p019,1,6,0.1235,0.3125,20,49,0.0408163265306122,0.04,59.61425711425711
p019,1,7,0.126,0.266,18,40,0.0408163265306122,0.1,44.38185438185437
p019,1,8,0.129,0.287,18,40,0.0,0.0,55.58663058663058
p019,1,9,0.128,0.328,21,45,0.0,0.02,63.42188342188342
p019,1,10,0.128,0.312,17,39,0.0612244897959183,0.1,33.25710325710326
p019,1,11,0.12,0.2835,19,45,0.0,0.08,59.46363946363946
p019,1,12,0.12,0.296,20,39,0.0204081632653061,0.06,52.37193237193238
p019,1,13,0.12,0.2635,18,38,0.0408163265306122,0.08,45.34842534842536
p019,1,14,0.136,0.328,19,44,0.0408163265306122,0.04,49.33559933559934
p019,1,15,0.12,0.252,21,43,0.0204081632653061,0.04,66.13734613734614
p019,1,16,0.12,0.268,17,42,0.1020408163265306,0.08,40.502370502370496
p019,1,17,0.124,0.32,22,47,0.0408163265306122,0.06,61.65451165451166
p019,1,18,0.128,0.272,21,46,0.0408163265306122,0.02,65.54763554763555
p019,1,19,0.12,0.268,19,39,0.0816326530612244,0.14,38.243518243518245
p019,1,20,0.12,0.265,20,43,0.0816326530612244,0.04,55.31223531223531
p019,1,21,0.12,0.268,16,37,0.0816326530612244,0.1,32.24026224026225
p019,1,22,0.112,0.28,23,47,0.0408163265306122,0.04,72.74846274846274
p019,1,23,0.136,0.2645,17,35,0.0,0.04,44.15349415349416
p019,1,24,0.121,0.261,21,47,0.0612244897959183,0.12,57.95724295724296
p019,1,25,0.128,0.28,17,38,0.0408163265306122,0.08,39.41105941105942
p019,1,26,0.12,0.2755,16,44,0.0612244897959183,0.1,42.84482284482285
p019,1,27,0.128,0.276,20,40,0.0,0.0,61.68773168773168
p019,1,28,0.128,0.292,19,39,0.0,0.06,50.86757086757087
p019,1,29,0.128,0.2965,19,45,0.0612244897959183,0.08,49.11471911471912
p019,1,30,0.128,0.28,16,39,0.0816326530612244,0.12,29.84654984654985
p019,1,31,0.12,0.311,17,45,0.0204081632653061,0.06,51.41988141988142
p019,1,32,0.135,0.3075,19,43,0.0,0.0,58.57120857120858
p019,1,33,0.128,0.276,17,42,0.0,0.0,57.10897710897711
p019,1,34,0.12,0.2835,18,42,0.0816326530612244,0.08,43.71272371272372
p019,1,35,0.128,0.296,20,41,0.0408163265306122,0.06,50.65032065032066
p019,1,36,0.12,0.285,21,44,0.0,0.04,66.4970464970465
p019,1,37,0.128,0.292,22,45,0.0,0.02,69.40643940643942
p019,1,38,0.1365,0.336,20,44,0.0,0.08,51.973951973951976
p019,1,39,0.12,0.288,13,31,0.0204081632653061,0.0,42.7942227942228
p019,1,40,0.128,0.288,21,40,0.0204081632653061,0.0,60.48653048653049
p019,1,41,0.12,0.256,18,42,0.0204081632653061,0.0,61.01574101574101
p019,1,42,0.124,0.276,22,48,0.0408163265306122,0.08,64.2070642070642
p019,1,43,0.12,0.296,23,43,0.0816326530612244,0.1,53.79643379643381
p019,1,44,0.12,0.272,24,45,0.0204081632653061,0.04,71.46135146135147
p019,1,45,0.128,0.292,23,43,0.0204081632653061,0.06,63.13863313863314
p019,1,46,0.1235,0.2715,22,43,0.0204081632653061,0.06,63.88116138116138
p019,1,47,0.112,0.3075,19,43,0.0612244897959183,0.14,43.703483703483705
p019,2,0,0.112,0.256,18,45,0.0204081632653061,0.04,63.06295306295306
p019,2,1,0.106,0.25,19,35,0.0204081632653061,0.0,58.356268356268366
p019,2,2,0.1115,0.285,21,45,0.0,0.0,73.50661100661101
p019,2,3,0.119,0.296,22,43,0.0,0.04,66.73294173294174
p019,2,4,0.112,0.278,19,39,0.0,0.04,57.93034793034792
p019,2,5,0.119,0.283,24,45,0.0,0.02,74.83114983114983
p019,2,6,0.116,0.2515,19,36,0.0,0.02,57.63631763631764
p019,2,7,0.12,0.243,18,38,0.0,0.0,59.56978956978957
p019,2,8,0.12,0.2765,21,42,0.0204081632653061,0.02,64.25469425469426
p019,2,9,0.1195,0.258,16,43,0.0204081632653061,0.1,48.19547569547569
p019,2,10,0.119,0.276,19,46,0.0612244897959183,0.1,52.73982773982775
p019,2,11,0.112,0.2835,17,44,0.0612244897959183,0.16,40.77418077418078
p019,2,12,0.126,0.295,25,45,0.0,0.02,71.96328196328197
p019,2,13,0.1205,0.2795,15,33,0.0408163265306122,0.04,37.44136994136994
p019,2,14,0.12,0.2795,23,46,0.0,0.04,74.37360437360438
p019,2,15,0.12,0.2775,24,47,0.0204081632653061,0.06,71.62305162305161
p019,2,16,0.12,0.288,21,42,0.0204081632653061,0.02,63.10354310354311
p019,2,17,0.112,0.2355,17,43,0.0408163265306122,0.02,59.640849640849645
p019,2,18,0.12,0.2965,21,45,0.0408163265306122,0.02,63.71789371789372
p019,2,19,0.112,0.276,20,42,0.0612244897959183,0.1,51.65924165924167
p019,2,20,0.12,0.248,21,41,0.0204081632653061,0.06,62.12179212179212
p019,2,21,0.112,0.2915,21,47,0.0204081632653061,0.08,65.51265551265551
p019,2,22,0.118,0.2505,18,35,0.1020408163265306,0.08,36.13690613690613
p019,2,23,0.119,0.286,19,38,0.0816326530612244,0.04,44.65701965701967
p019,2,24,0.1275,0.2755,19,32,0.0408163265306122,0.04,43.31796081796082
p019,2,25,0.12,0.2485,21,43,0.0,0.02,70.72050072050072
p019,2,26,0.1115,0.252,18,38,0.0,0.02,58.84084634084635
p019,2,27,0.12,0.272,19,42,0.0816326530612244,0.2,37.985567985568
p019,2,28,0.12,0.271,19,41,0.0408163265306122,0.04,54.52848452848452
p019,2,29,0.1225,0.28,22,45,0.0,0.04,70.06531256531257
p019,2,30,0.1205,0.264,18,38,0.0408163265306122,0.06,47.03117953117954
p019,2,31,0.128,0.2885,20,40,0.0204081632653061,0.0,58.05552805552805
p019,2,32,0.112,0.2875,21,43,0.0612244897959183,0.1,54.17109417109418
p019,2,33,0.136,0.29,24,48,0.0,0.0,74.97497497497498
p019,2,34,0.128,0.3115,18,42,0.0,0.04,52.23267223267224
p019,2,35,0.127,0.276,21,42,0.0612244897959183,0.14,46.76506176506177
p019,2,36,0.1205,0.296,20,42,0.0612244897959183,0.08,49.485281985282
p019,2,37,0.12,0.287,24,43,0.0204081632653061,0.02,69.24759924759927
p019,2,38,0.119,0.2845,18,32,0.0,0.0,50.52552552552553
p019,2,39,0.128,0.314,22,39,0.0408163265306122,0.1,47.34261734261735
p019,2,40,0.1345,0.2865,19,41,0.0204081632653061,0.06,50.17270017270018
p019,2,41,0.127,0.291,22,49,0.0408163265306122,0.04,65.6949806949807
p019,2,42,0.112,0.3125,21,46,0.0612244897959183,0.1,55.51474551474552
p019,2,43,0.128,0.28,20,44,0.1020408163265306,0.08,47.1033671033671
p019,2,44,0.128,0.26,24,44,0.0204081632653061,0.08,65.77203577203578
p019,2,45,0.127,0.264,19,42,0.0408163265306122,0.08,51.140866140866144
p019,2,46,0.12,0.296,20,42,0.1428571428571428,0.14,34.524964524964524
p019,2,47,0.132,0.249,18,40,0.0204081632653061,0.04,52.59149259149259
p019,2,48,0.136,0.284,20,46,0.0204081632653061,0.0,64.76971476971478
p019,2,49,0.128,0.28,22,42,0.0204081632653061,0.02,64.38053438053437
p020,1,0,0.107,0.2885,16,37,0.1020408163265306,0.2,23.495088495088496
p020,1,1,0.108,0.2645,15,36,0.1224489795918367,0.16,23.84824384824384
p020,1,2,0.105,0.2805,18,36,0.0816326530612244,0.14,34.33658933658934
p020,1,3,0.107,0.261,18,41,0.0408163265306122,0.06,54.391919391919394
p020,1,4,0.1055,0.255,18,41,0.0408163265306122,0.1,51.64595914595915
p020,1,5,0.095,0.2375,22,45,0.0612244897959183,0.02,75.57618057618056
p020,1,6,0.101,0.2315,20,42,0.0204081632653061,0.02,70.90205590205589
p020,1,7,0.101,0.2329999999999999,20,46,0.0816326530612244,0.08,63.1816981816982
p020,1,8,0.106,0.2475,19,44,0.0408163265306122,0.06,62.208472208472216
p020,1,9,0.096,0.2445,19,42,0.0,0.02,70.79123079123077
p020,1,10,0.0975,0.2485,20,43,0.0,0.0,75.54854304854304
p020,1,11,0.1065,0.2675,20,42,0.0,0.02,68.36988086988087
p020,1,12,0.0985,0.2275,18,42,0.0204081632653061,0.04,65.28393778393779
p020,1,13,0.097,0.261,18,42,0.0408163265306122,0.1,54.35121935121935
p020,1,14,0.108,0.251,20,41,0.0,0.02,68.38233838233838
p020,1,15,0.0985,0.2695,19,44,0.0612244897959183,0.06,59.41103191103191
p020,1,16,0.1055,0.229,23,43,0.0408163265306122,0.04,74.27298177298177
p020,1,17,0.1,0.242,19,44,0.0408163265306122,0.06,64.18759418759419
p020,1,18,0.1035,0.247,19,38,0.0408163265306122,0.0,60.71700821700822
p020,1,19,0.1015,0.244,21,41,0.0408163265306122,0.04,66.3978538978539
p020,1,20,0.101,0.244,18,42,0.0816326530612244,0.06,54.04233904233905
p020,1,21,0.1035,0.239,18,40,0.0408163265306122,0.02,59.84910734910736
p020,1,22,0.104,0.2535,19,40,0.1020408163265306,0.08,47.96114796114796
p020,1,23,0.097,0.2315,18,43,0.0612244897959183,0.14,52.50156750156751
p020,1,24,0.1025,0.2185,18,38,0.0,0.02,64.33705683705683
p020,1,25,0.115,0.2505,21,48,0.0,0.06,73.13527813527814
p020,1,26,0.107,0.2425,18,43,0.0612244897959183,0.08,54.575069575069584
p020,1,27,0.111,0.253,16,40,0.0408163265306122,0.06,48.1963831963832
p020,1,28,0.101,0.2725,22,43,0.0204081632653061,0.08,67.28635228635228
p020,1,29,0.0965,0.2245,18,38,0.0,0.02,65.16502766502767
p020,1,30,0.097,0.251,17,39,0.0816326530612244,0.12,42.51135751135751
p020,1,31,0.089,0.246,20,42,0.0816326530612244,0.1,57.75748275748276
p020,1,32,0.0975,0.2295,18,42,0.0408163265306122,0.06,61.089028589028594
p020,1,33,0.1055,0.231,21,45,0.0,0.0,80.34058784058784
p020,1,34,0.1055,0.2425,17,40,0.0816326530612244,0.12,42.62045012045012
p020,1,35,0.1045,0.265,20,43,0.0408163265306122,0.02,65.61646811646811
p020,1,36,0.102,0.2625,20,39,0.0408163265306122,0.04,59.48189948189948
p020,1,37,0.1015,0.22,19,45,0.0408163265306122,0.06,67.31470481470481
p020,1,38,0.0935,0.2395,19,43,0.1020408163265306,0.18,46.449443949443946
p020,1,39,0.096,0.258,18,41,0.1020408163265306,0.14,42.76100276100275
p020,1,40,0.1015,0.255,18,44,0.0408163265306122,0.12,54.5926420926421
p020,1,41,0.109,0.244,16,43,0.0408163265306122,0.08,51.567776567776576
p020,1,42,0.095,0.219,20,38,0.1428571428571428,0.18,39.35314435314435
p020,1,43,0.091,0.2145,19,40,0.0408163265306122,0.04,65.80685080685082
p020,1,44,0.108,0.2475,20,44,0.0,0.0,74.43069443069443
p020,1,45,0.102,0.258,21,43,0.0612244897959183,0.06,63.20870320870322
p020,1,46,0.099,0.2295,20,43,0.0612244897959183,0.06,64.3948893948894
p020,1,47,0.1045,0.256,25,42,0.0,0.04,75.2882277882278
p020,1,48,0.1005,0.2215,23,44,0.0204081632653061,0.04,79.87721237721237
p020,1,49,0.0965,0.2225,20,41,0.0408163265306122,0.04,67.35952985952986
p020,2,0,0.101,0.2375,16,40,0.1020408163265306,0.12,39.43047443047443
p020,2,1,0.096,0.2425,20,42,0.0204081632653061,0.0,72.84328284328285
p020,2,2,0.095,0.246,18,47,0.0408163265306122,0.1,62.73916773916773
p020,2,3,0.0965,0.2375,22,45,0.0204081632653061,0.06,76.27723877723878
p020,2,4,0.1015,0.232,20,41,0.0,0.02,71.83185933185933
p020,2,5,0.1135,0.243,24,44,0.0204081632653061,0.06,72.77797027797028
p020,2,6,0.1035,0.2279999999999999,21,41,0.0816326530612244,0.1,57.20580470580472
p020,2,7,0.1005,0.234,18,41,0.1224489795918367,0.16,39.85917235917236
p020,2,8,0.0935,0.223,18,40,0.0408163265306122,0.06,60.12795762795762
p020,2,9,0.1075,0.2645,19,39,0.0204081632653061,0.06,56.12032362032362
p020,2,10,0.0905,0.257,20,41,0.0816326530612244,0.08,56.86903936903938
p020,2,11,0.109,0.25,19,46,0.0204081632653061,0.0,71.74454674454675
p020,2,12,0.105,0.2665,18,46,0.0,0.02,69.19342419342419
p020,2,13,0.0995,0.256,25,45,0.0,0.02,82.17670967670968
p020,2,14,0.0985,0.2445,15,37,0.0204081632653061,0.02,54.261926761926766
p020,2,15,0.0995,0.244,22,44,0.0,0.02,79.71490721490721
p020,2,16,0.098,0.257,24,47,0.0,0.0,86.84970684970683
p020,2,17,0.103,0.231,20,42,0.0612244897959183,0.0,67.56586256586256
p020,2,18,0.109,0.228,20,43,0.0,0.0,74.86249986249986
p020,2,19,0.0995,0.2515,19,43,0.0204081632653061,0.0,70.01014751014749
p020,2,20,0.1085,0.2465,19,39,0.0,0.04,61.916834416834426
p020,2,21,0.0955,0.2645,17,39,0.1428571428571428,0.18,28.81873631873632
p020,2,22,0.103,0.224,21,45,0.0612244897959183,0.02,72.64181764181764
p020,2,23,0.0875,0.2305,19,44,0.0816326530612244,0.06,63.55303105303107
p020,2,24,0.0965,0.2375,21,46,0.0612244897959183,0.06,70.41643291643291
p020,2,25,0.096,0.212,16,32,0.1428571428571428,0.14,28.867438867438864
p020,2,26,0.0975,0.241,21,45,0.0,0.0,81.24434874434874
p020,2,27,0.097,0.2339999999999999,17,38,0.0,0.04,59.862224862224856
p020,2,28,0.097,0.2335,23,44,0.0,0.02,83.74214874214874
p020,2,29,0.102,0.2195,20,42,0.0408163265306122,0.04,67.63235763235764
p020,2,30,0.0995,0.2265,20,43,0.0,0.04,73.57085107085108
p020,2,31,0.0965,0.223,21,42,0.0408163265306122,0.08,67.26877976877977
p020,2,32,0.0945,0.243,18,42,0.1020408163265306,0.12,47.75355025355024
p020,2,33,0.0925,0.2415,21,41,0.0612244897959183,0.1,60.85445335445336
p020,2,34,0.1035,0.255,23,47,0.0,0.06,80.18482768482768
p020,2,35,0.094,0.247,19,45,0.0612244897959183,0.12,58.461208461208464
p020,2,36,0.099,0.2285,21,42,0.0816326530612244,0.12,57.65738265738266
p020,2,37,0.102,0.227,19,41,0.0204081632653061,0.04,65.59955559955559
p020,2,38,0.1065,0.237,22,47,0.0816326530612244,0.12,63.81202631202632
p020,2,39,0.0895,0.2475,19,37,0.0204081632653061,0.1,55.83993333993334
p020,2,40,0.0955,0.252,22,42,0.0204081632653061,0.06,71.21772871772872
p020,2,41,0.0975,0.243,17,38,0.0204081632653061,0.0,60.16502766502767
p020,2,42,0.096,0.2155,19,43,0.0,0.02,74.97618497618497
p020,2,43,0.0985,0.248,17,39,0.0816326530612244,0.1,44.30636680636681
p020,2,44,0.0945,0.2339999999999999,20,46,0.0816326530612244,0.08,64.62921712921715
p020,2,45,0.1095,0.2255,18,42,0.0408163265306122,0.0,64.1878416878417
p020,2,46,0.0875,0.2315,20,42,0.0816326530612244,0.1,59.56607706607707
p020,2,47,0.101,0.2425,20,42,0.0204081632653061,0.0,71.65280665280666
p020,2,48,0.1015,0.2385,16,35,0.0408163265306122,0.0,51.05503855503855
p020,2,49,0.0925,0.209,20,44,0.0408163265306122,0.04,73.50941600941601
p020,2,50,0.0995,0.241,23,47,0.0408163265306122,0.08,75.92485342485342
p021,1,0,0.095,0.256,16,34,0.1224489795918367,0.16,25.230230230230223
p021,1,1,0.11,0.259,15,42,0.0204081632653061,0.0,58.334488334488334
p021,1,2,0.1015,0.2725,18,34,0.1224489795918367,0.16,26.79286429286428
p021,1,3,0.1115,0.28,21,42,0.0408163265306122,0.04,61.6953491953492
p021,1,4,0.1085,0.269,20,42,0.0408163265306122,0.06,59.27793177793179
p021,1,5,0.1195,0.284,21,43,0.0204081632653061,0.02,64.90504240504241
p021,1,6,0.1205,0.2935,16,40,0.0612244897959183,0.14,32.0920645920646
p021,1,7,0.119,0.292,18,40,0.0816326530612244,0.12,36.83216183216184
p021,1,8,0.105,0.2785,20,43,0.0408163265306122,0.08,58.59051359051359
p021,1,9,0.1075,0.2595,19,41,0.0204081632653061,0.04,61.03677853677853
p021,1,10,0.1169999999999999,0.2915,20,41,0.0,0.0,64.03727903727906
p021,1,11,0.1115,0.2995,17,42,0.0408163265306122,0.14,40.96032846032846
p021,1,12,0.1065,0.282,19,45,0.0204081632653061,0.1,58.5952710952711
p021,1,13,0.1155,0.298,19,38,0.0,0.02,55.664813164813175
p021,1,14,0.116,0.287,20,39,0.0,0.02,60.30987030987031
p021,1,15,0.1125,0.305,18,44,0.0408163265306122,0.04,54.37599687599688
p021,1,16,0.1025,0.268,21,43,0.0204081632653061,0.0,72.40611490611491
p021,1,17,0.077,0.2325,14,29,0.4285714285714285,0.44,27.63549263549263
p021,1,18,0.091,0.259,16,42,0.0204081632653061,0.02,61.006446006446005
p021,1,19,0.1095,0.273,20,37,0.0408163265306122,0.02,55.93288343288342
p021,1,20,0.1015,0.274,21,46,0.0612244897959183,0.1,61.86859936859937
p021,1,21,0.116,0.2725,19,41,0.1224489795918367,0.18,32.843942843942834
p021,1,22,0.1065,0.266,17,38,0.1020408163265306,0.08,38.78865128865129
p021,1,23,0.1165,0.2845,20,44,0.0204081632653061,0.02,64.47037697037698
p021,1,24,0.112,0.264,18,45,0.0816326530612244,0.08,51.41559141559142
p021,1,25,0.1065,0.2935,17,37,0.0408163265306122,0.06,43.74855624855625
p021,1,26,0.1195,0.2965,21,49,0.0204081632653061,0.04,66.93014443014444
p021,1,27,0.115,0.3185,19,41,0.0816326530612244,0.08,42.4985974985975
p021,1,28,0.126,0.3045,16,42,0.0816326530612244,0.1,33.568293568293576
p021,1,29,0.101,0.27,21,39,0.1224489795918367,0.14,42.56712756712756
p021,1,30,0.0965,0.282,20,39,0.1428571428571428,0.18,33.97174647174648
p021,1,31,0.1164999999999999,0.2715,20,42,0.0408163265306122,0.08,55.27106777106778
p021,1,32,0.105,0.281,17,41,0.0204081632653061,0.06,52.86610786610786
p021,1,33,0.103,0.2635,14,29,0.2653061224489796,0.28,18.341913341913344
p021,1,34,0.1115,0.283,16,42,0.0612244897959183,0.14,37.85007535007536
p021,1,35,0.104,0.2995,20,42,0.0408163265306122,0.08,55.44445544445544
p021,1,36,0.1185,0.2845,17,41,0.0,0.02,55.38612788612789
p021,1,37,0.1164999999999999,0.292,19,45,0.0204081632653061,0.04,60.7688732688733
p021,1,38,0.128,0.286,21,40,0.0612244897959183,0.06,50.36927036927039
p021,1,39,0.128,0.3,18,44,0.0,0.04,55.947925947925945
p021,1,40,0.118,0.309,21,42,0.0816326530612244,0.12,45.07551507551509
p021,1,41,0.104,0.2665,16,28,0.2244897959183673,0.3,17.803517803517803
p021,1,42,0.121,0.287,20,43,0.0,0.0,66.0994510994511
p021,1,43,0.1245,0.2815,13,33,0.1020408163265306,0.1,23.590376090376093
p021,1,44,0.1115,0.2735,20,41,0.0204081632653061,0.0,64.76765226765228
p021,1,45,0.1135,0.267,18,42,0.0204081632653061,0.0,61.46225896225896
p021,1,46,0.1155,0.282,22,46,0.0408163265306122,0.08,64.34822184822185
p021,1,47,0.126,0.3235,21,41,0.1428571428571428,0.12,33.294393294393295
p021,1,48,0.1185,0.304,19,37,0.1020408163265306,0.1,33.75570625570625
p021,1,49,0.1155,0.3,25,44,0.0,0.04,70.82887832887833
p021,1,50,0.114,0.29,25,46,0.0,0.0,78.45482845482844
p021,1,51,0.122,0.278,19,40,0.0204081632653061,0.0,58.15419815419816
p021,2,0,0.0865,0.2625,15,41,0.0816326530612244,0.16,40.33965283965284
p021,2,1,0.09,0.248,21,45,0.0204081632653061,0.02,78.0965580965581
p021,2,2,0.0965,0.265,19,47,0.0204081632653061,0.04,70.79758329758329
p021,2,3,0.0935,0.2625,22,46,0.0204081632653061,0.04,77.62292512292511
p021,2,4,0.103,0.265,20,42,0.0204081632653061,0.04,65.22066022066022
p021,2,5,0.096,0.252,24,43,0.0,0.04,78.994488994489
p021,2,6,0.0945,0.2665,18,42,0.1632653061224489,0.22,35.08373758373758
p021,2,7,0.101,0.2675,19,42,0.0204081632653061,0.08,59.36194436194436
p021,2,8,0.1065,0.2575,17,38,0.0408163265306122,0.1,44.93050743050743
p021,2,9,0.106,0.2845,20,42,0.0,0.06,63.08352308352309
p021,2,10,0.098,0.2565,20,41,0.0408163265306122,0.08,59.89527989527989
p021,2,11,0.1035,0.2805,20,46,0.0204081632653061,0.06,66.82641432641432
p021,2,12,0.1115,0.2855,19,45,0.0408163265306122,0.04,60.22904772904773
p021,2,13,0.101,0.2655,22,41,0.0204081632653061,0.08,65.42295042295042
p021,2,14,0.103,0.308,20,39,0.0204081632653061,0.04,57.07020207020207
p021,2,15,0.1135,0.29,19,46,0.0204081632653061,0.06,61.11355861355861
p021,2,16,0.1045,0.2885,22,46,0.0204081632653061,0.06,70.54942304942305
p021,2,17,0.1055,0.269,21,46,0.0204081632653061,0.06,69.88232738232738
p021,2,18,0.094,0.247,21,43,0.1020408163265306,0.06,61.45266145266145
p021,2,19,0.0905,0.257,22,45,0.0,0.02,81.83851433851433
p021,2,20,0.0985,0.279,21,48,0.0204081632653061,0.08,69.97819247819247
p021,2,21,0.1035,0.267,20,38,0.0,0.0,65.85786335786337
p021,2,22,0.0965,0.2705,17,41,0.1224489795918367,0.16,34.77694727694728
p021,2,23,0.1,0.2525,22,46,0.0612244897959183,0.06,70.46255046255047
p021,2,24,0.092,0.2695,21,44,0.1428571428571428,0.12,50.64119064119064
p021,2,25,0.084,0.259,20,41,0.0816326530612244,0.04,61.92016192016192
p021,2,26,0.0995,0.2555,18,38,0.0612244897959183,0.1,46.7973742973743
p021,2,27,0.0945,0.2595,21,44,0.0408163265306122,0.08,66.65541915541915
p021,2,28,0.095,0.257,19,39,0.0408163265306122,0.08,55.61446061446061
p021,2,29,0.091,0.2735,21,46,0.0408163265306122,0.1,66.7996017996018
p021,2,30,0.0965,0.274,18,38,0.0204081632653061,0.08,52.27356477356477
p021,2,31,0.107,0.2605,21,45,0.0408163265306122,0.04,68.56488356488357
p021,2,32,0.1045,0.2685,19,36,0.0,0.02,58.67271117271117
p021,2,33,0.103,0.2655,20,44,0.0204081632653061,0.04,67.73471273471274
p021,2,34,0.0895,0.2695,21,44,0.0408163265306122,0.1,64.9930424930425
p021,2,35,0.091,0.2795,16,34,0.1020408163265306,0.22,24.35935935935936
p021,2,36,0.104,0.2845,23,49,0.0204081632653061,0.04,76.58372658372659
p021,2,37,0.1005,0.2825,18,43,0.0204081632653061,0.1,55.02873752873754
p021,2,38,0.1015,0.253,21,39,0.1020408163265306,0.2,42.82703032703032
p021,2,39,0.1135,0.2795,21,44,0.0408163265306122,0.08,60.12960762960763
p021,2,40,0.103,0.282,24,42,0.0204081632653061,0.02,72.51366751366751
p021,2,41,0.098,0.2605,19,35,0.0,0.02,59.739079739079735
p021,2,42,0.098,0.2715,21,39,0.0204081632653061,0.06,62.44343244343244
p021,2,43,0.106,0.2685,19,43,0.0408163265306122,0.04,60.67617067617067
p021,2,44,0.1075,0.27,22,49,0.0204081632653061,0.02,76.67274417274417
p021,2,45,0.087,0.2725,21,44,0.1224489795918367,0.1,55.76417076417076
p021,2,46,0.107,0.2735,18,44,0.1020408163265306,0.08,47.99211299211299
p021,2,47,0.1,0.247,20,43,0.0816326530612244,0.14,52.616682616682624
p021,2,48,0.095,0.2754999999999999,21,41,0.0204081632653061,0.0,70.87697587697589
p021,2,49,0.1,0.257,20,46,0.0612244897959183,0.06,65.25019525019526
p021,2,50,0.091,0.253,17,41,0.0612244897959183,0.16,44.98107998107998
p021,2,51,0.0995,0.2505,18,39,0.1020408163265306,0.14,40.114317614317606
p021,2,52,0.0975,0.2745,22,42,0.0,0.04,72.72209022209022
p021,2,53,0.095,0.262,19,40,0.0408163265306122,0.08,56.39601139601138
p022,1,0,0.1135,0.243,21,38,0.0,0.04,64.55656205656206
p022,1,1,0.1075,0.299,17,42,0.1428571428571428,0.14,30.05799755799756
p022,1,2,0.1135,0.2455,18,36,0.0408163265306122,0.06,47.98559548559549
p022,1,3,0.11,0.25,20,37,0.0612244897959183,0.12,46.475926475926485
p022,1,4,0.1095,0.2575,22,44,0.0408163265306122,0.04,69.36884686884686
p022,1,5,0.119,0.2595,19,45,0.0612244897959183,0.0,62.36868736868737
p022,1,6,0.113,0.267,17,43,0.0204081632653061,0.04,56.77870177870178
p022,1,7,0.108,0.258,21,45,0.0204081632653061,0.02,72.8098428098428
p022,1,8,0.108,0.244,18,42,0.0,0.02,65.6031856031856
p022,1,9,0.1035,0.252,22,44,0.0,0.0,79.81357731357731
p022,1,10,0.11,0.251,18,43,0.0,0.0,67.56019756019755
p022,1,11,0.1045,0.2415,20,44,0.0612244897959183,0.08,61.31436381436382
p022,1,12,0.1175,0.25,19,39,0.0204081632653061,0.04,57.04267454267455
p022,1,13,0.1155,0.239,16,34,0.0816326530612244,0.1,32.36843986843988
p022,1,14,0.12,0.29,18,42,0.0408163265306122,0.1,45.97212597212598
p022,1,15,0.115,0.274,21,41,0.0,0.02,66.7943217943218
p022,1,16,0.1095,0.241,19,43,0.0408163265306122,0.02,64.44744194744194
p022,1,17,0.1225,0.259,20,44,0.0204081632653061,0.0,67.44620994620995
p022,1,18,0.126,0.263,20,43,0.0408163265306122,0.04,58.845768845768845
p022,1,19,0.1115,0.26,19,41,0.0408163265306122,0.0,61.35709885709886
p022,1,20,0.117,0.2655,17,36,0.0204081632653061,0.0,50.7058157058157
p022,1,21,0.104,0.2575,23,42,0.0408163265306122,0.04,70.4952204952205
p022,1,22,0.101,0.2275,17,41,0.0204081632653061,0.02,62.87754787754788
p022,1,23,0.1155,0.267,23,45,0.0,0.06,73.56238106238106
p022,1,24,0.115,0.27,18,39,0.0408163265306122,0.08,47.170302170302165
p022,1,25,0.1035,0.2475,18,43,0.0612244897959183,0.06,56.75975425975427
p022,1,26,0.114,0.2615,22,44,0.0408163265306122,0.1,62.34146234146234
p022,1,27,0.1125,0.259,20,39,0.0612244897959183,0.1,49.3957418957419
p022,1,28,0.107,0.24,19,40,0.0,0.02,66.05853105853106
p022,1,29,0.121,0.2655,16,38,0.0204081632653061,0.0,49.93658493658494
p022,1,30,0.1015,0.243,17,44,0.0204081632653061,0.08,59.497546997547005
p022,1,31,0.1085,0.2475,16,39,0.1224489795918367,0.18,27.425199925199923
p022,1,32,0.1095,0.2285,21,41,0.0612244897959183,0.1,58.10813560813562
p022,1,33,0.11,0.2535,17,43,0.0204081632653061,0.02,60.69619069619071
p022,1,34,0.114,0.2595,20,44,0.0204081632653061,0.02,67.56811756811756
p022,1,35,0.107,0.256,18,45,0.0408163265306122,0.06,60.02062502062503
p022,1,36,0.1145,0.2665,19,44,0.0204081632653061,0.04,62.51556501556501
p022,1,37,0.108,0.2525,21,41,0.0204081632653061,0.04,66.38033638033637
p022,1,38,0.11,0.27,19,47,0.0204081632653061,0.06,65.23094523094524
p022,1,39,0.117,0.2715,21,43,0.0,0.0,70.98433598433597
p022,1,40,0.1055,0.2285,18,39,0.0408163265306122,0.0,60.9937684937685
p022,1,41,0.1205,0.251,16,40,0.0,0.0,56.45213895213896
p022,1,42,0.122,0.269,23,48,0.0408163265306122,0.02,73.32046332046332
p022,1,43,0.1075,0.2255,19,45,0.0204081632653061,0.0,73.27209077209078
p022,1,44,0.114,0.2775,24,42,0.0,0.0,74.57787457787458
p022,1,45,0.1075,0.244,22,43,0.0,0.0,78.37994587994588
p022,1,46,0.12,0.2745,19,38,0.0204081632653061,0.0,56.416636416636415
p022,2,0,0.0985,0.2265,16,40,0.1224489795918367,0.12,38.74586124586125
p022,2,1,0.0965,0.237,21,43,0.1224489795918367,0.14,52.07006457006457
p022,2,2,0.101,0.2425,18,39,0.0816326530612244,0.12,44.7907797907798
p022,2,3,0.106,0.2685,22,46,0.0,0.0,80.13079013079013
p022,2,4,0.099,0.228,22,42,0.0,0.0,80.72330572330573
p022,2,5,0.118,0.288,24,43,0.0,0.02,72.00464200464201
p022,2,6,0.1015,0.2335,20,41,0.0,0.02,71.68170918170918
p022,2,7,0.1115,0.2285,17,39,0.0,0.0,61.94614944614944
p022,2,8,0.106,0.2565,19,40,0.0,0.04,62.79312279312279
p022,2,9,0.107,0.235,22,42,0.0204081632653061,0.02,73.8850388850389
p022,2,10,0.0935,0.2205,19,44,0.0612244897959183,0.12,59.95085745085745
p022,2,11,0.098,0.2305,17,44,0.1428571428571428,0.12,43.5927135927136
p022,2,12,0.113,0.2375,20,41,0.0816326530612244,0.1,51.611996611996624
p022,2,13,0.1085,0.2355,19,36,0.0204081632653061,0.02,58.64268114268114
p022,2,14,0.108,0.2255,20,44,0.0,0.0,76.63289663289665
p022,2,15,0.0975,0.2545,21,46,0.0,0.02,79.32319682319682
p022,2,16,0.1025,0.2525,22,47,0.0408163265306122,0.08,71.67846417846418
p022,2,17,0.098,0.2075,22,44,0.0408163265306122,0.04,77.11194711194712
p022,2,18,0.1105,0.32,21,44,0.0408163265306122,0.08,56.7898392898393
p022,2,19,0.1025,0.2485,19,45,0.0408163265306122,0.04,66.07560857560857
p022,2,20,0.1005,0.2365,20,36,0.0,0.0,67.06109956109957
p022,2,21,0.0995,0.271,20,46,0.0612244897959183,0.04,65.81969331969333
p022,2,22,0.102,0.236,21,37,0.0816326530612244,0.0,60.893200893200905
p022,2,23,0.102,0.262,19,42,0.1224489795918367,0.12,44.06593406593407
p022,2,24,0.108,0.2345,17,36,0.0612244897959183,0.06,45.63431563431564
p022,2,25,0.1055,0.2515,18,35,0.1020408163265306,0.18,29.753737253737253
p022,2,26,0.1105,0.244,18,41,0.0816326530612244,0.12,44.94282744282745
p022,2,27,0.108,0.268,18,38,0.0408163265306122,0.06,49.60696960696961
p022,2,28,0.1145,0.2595,21,44,0.0,0.0,74.06282656282654
p022,2,29,0.1105,0.2365,20,42,0.0204081632653061,0.0,69.99150249150249
p022,2,30,0.1175,0.2595,19,37,0.0,0.0,59.61227711227711
p022,2,31,0.108,0.261,21,42,0.0,0.02,71.04434104434105
p022,2,32,0.1075,0.2465,22,44,0.0204081632653061,0.06,71.47523897523898
p022,2,33,0.1135,0.2365,22,47,0.0204081632653061,0.02,78.59752609752611
p022,2,34,0.1125,0.2355,20,48,0.0,0.04,74.7029172029172
p022,2,35,0.1085,0.24,21,43,0.0612244897959183,0.12,57.90733040733041
p022,2,36,0.115,0.2395,21,44,0.0204081632653061,0.04,69.86112486112485
p022,2,37,0.1005,0.239,25,45,0.0408163265306122,0.06,75.17470767470768
p022,2,38,0.101,0.2455,19,31,0.0,0.02,59.24424424424424
p022,2,39,0.0915,0.2365,22,40,0.0204081632653061,0.06,71.15755865755865
p022,2,40,0.1215,0.246,17,39,0.0816326530612244,0.12,37.17852467852469
p022,2,41,0.114,0.2395,19,46,0.0204081632653061,0.02,69.75326975326975
p022,2,42,0.1135,0.248,22,43,0.0204081632653061,0.0,74.17002167002167
p022,2,43,0.105,0.246,19,45,0.1020408163265306,0.06,56.735911735911735
p022,2,44,0.106,0.248,21,41,0.0,0.0,73.39163339163339
p022,2,45,0.1115,0.2465,20,43,0.0204081632653061,0.0,70.03445753445753
p022,2,46,0.1065,0.23,20,39,0.0204081632653061,0.02,65.8965283965284
p022,2,47,0.1,0.227,20,40,0.0408163265306122,0.0,68.49739849739849
p022,2,48,0.123,0.2895,22,45,0.0204081632653061,0.04,66.61436161436161
p022,2,49,0.1025,0.242,20,37,0.1428571428571428,0.2,33.98307648307649
p023,1,0,0.088,0.348,21,38,0.0,0.02,61.96933196933197
p023,1,1,0.0835,0.3475,18,43,0.0204081632653061,0.0,61.829109329109336
p023,1,2,0.08,0.336,18,41,0.0204081632653061,0.0,61.24949124949125
p023,1,3,0.0755,0.3385,21,43,0.0408163265306122,0.0,69.39667689667691
p023,1,4,0.079,0.3295,23,45,0.0408163265306122,0.12,65.67914067914069
p023,1,5,0.084,0.389,18,42,0.0612244897959183,0.02,51.26170126170126
p023,1,6,0.0805,0.327,20,38,0.0204081632653061,0.02,61.0952435952436
p023,1,7,0.073,0.2955,19,39,0.0204081632653061,0.04,63.083358083358085
p023,1,8,0.077,0.326,18,41,0.0,0.02,63.4938784938785
p023,1,9,0.0795,0.335,21,43,0.0,0.06,68.0009955009955
p023,1,10,0.0815,0.347,19,41,0.0,0.02,62.7013002013002
p023,1,11,0.073,0.3265,19,39,0.0,0.02,64.21305921305921
p023,1,12,0.084,0.343,16,35,0.0408163265306122,0.06,39.20568920568921
p023,1,13,0.0795,0.3255,20,41,0.0204081632653061,0.0,67.18149468149468
p023,1,14,0.082,0.349,21,44,0.0,0.0,72.84196284196285
p023,1,15,0.076,0.3265,17,38,0.0408163265306122,0.0,54.54476454476455
p023,1,16,0.074,0.332,20,47,0.0204081632653061,0.0,75.53267553267554
p023,1,17,0.076,0.306,21,43,0.0408163265306122,0.02,70.67903067903067
p023,1,18,0.076,0.3165,22,42,0.0204081632653061,0.02,73.10783310783312
p023,1,19,0.0755,0.311,17,39,0.0612244897959183,0.06,49.56090706090708
p023,1,20,0.0725,0.3339999999999999,20,40,0.0408163265306122,0.0,64.33430683430684
p023,1,21,0.0755,0.3429999999999999,18,40,0.0,0.0,62.71912021912024
p023,1,22,0.0805,0.336,22,45,0.0,0.0,78.16341066341066
p023,1,23,0.08,0.333,17,39,0.0204081632653061,0.08,49.1973291973292
p023,1,24,0.0885,0.336,16,43,0.0408163265306122,0.0,54.64692714692715
p023,1,25,0.08,0.351,21,41,0.0,0.0,69.27179927179928
p023,1,26,0.0825,0.3595,19,39,0.0,0.0,60.49970299970301
p023,1,27,0.077,0.327,18,43,0.0204081632653061,0.04,61.72507672507672
p023,1,28,0.071,0.3225,20,45,0.0,0.02,75.16291016291017
p023,1,29,0.075,0.3115,17,40,0.0612244897959183,0.08,49.06010406010408
p023,1,30,0.083,0.3305,22,41,0.0,0.0,72.99051799051797
p023,1,31,0.0735,0.308,17,45,0.0408163265306122,0.0,65.96621346621346
p023,1,32,0.0745,0.3265,20,43,0.0204081632653061,0.02,68.98412148412147
p023,1,33,0.0695,0.3235,15,37,0.0,0.0,57.49158499158499
p023,1,34,0.0785,0.333,23,48,0.0,0.02,82.03310453310453
p023,1,35,0.083,0.3405,22,42,0.0612244897959183,0.04,62.42500742500744
p023,1,36,0.076,0.3075,18,41,0.0408163265306122,0.0,62.67377267377268
p023,1,37,0.08,0.34,20,42,0.0204081632653061,0.0,66.89304689304689
p023,1,38,0.0735,0.3185,20,42,0.1836734693877551,0.14,43.344140844140846
p023,1,39,0.0735,0.2955,19,43,0.0,0.02,72.32531982531982
p023,1,40,0.074,0.3315,24,49,0.0408163265306122,0.02,78.4927784927785
p023,1,41,0.0745,0.2785,18,34,0.1020408163265306,0.12,38.70549120549121
p023,1,42,0.0785,0.3585,25,45,0.0,0.04,75.06459756459758
p023,1,43,0.078,0.313,22,46,0.0,0.0,82.34300234300234
p023,1,44,0.081,0.314,21,45,0.0204081632653061,0.0,75.48466048466048
p023,2,0,0.0785,0.3585,17,40,0.1632653061224489,0.24,24.73899723899724
p023,2,1,0.081,0.341,15,40,0.1836734693877551,0.24,23.514558514558512
p023,2,2,0.0775,0.3215,18,35,0.0,0.0,57.984825484825485
p023,2,3,0.0915,0.3235,21,45,0.0,0.0,74.4146619146619
p023,2,4,0.087,0.341,22,43,0.0,0.0,73.55118855118856
p023,2,5,0.075,0.3125,20,40,0.0,0.02,68.8012738012738
p023,2,6,0.0815,0.3325,23,44,0.0,0.02,77.52271502271502
p023,2,7,0.076,0.3065,18,40,0.0,0.0,66.25372625372626
p023,2,8,0.077,0.2945,19,35,0.0,0.0,63.18752818752819
p023,2,9,0.079,0.3285,19,39,0.0204081632653061,0.0,62.055187055187055
p023,2,10,0.0765,0.3025,18,44,0.0,0.0,71.66328416328416
p023,2,11,0.0795,0.349,19,46,0.0204081632653061,0.04,65.15474265474266
p023,2,12,0.075,0.3155,24,44,0.0,0.0,82.62388762388761
p023,2,13,0.072,0.3105,15,30,0.0612244897959183,0.08,39.801229801229816
p023,2,14,0.0815,0.3,18,43,0.0408163265306122,0.1,55.41984291984292
p023,2,15,0.0785,0.3525,24,47,0.0,0.02,80.08115258115258
p023,2,16,0.0815,0.3215,21,44,0.0204081632653061,0.0,73.33281083281084
p023,2,17,0.0755,0.305,18,42,0.0408163265306122,0.0,64.32512182512183
p023,2,18,0.075,0.328,20,45,0.0204081632653061,0.0,73.13087813087812
p023,2,19,0.066,0.2815,21,44,0.0612244897959183,0.08,68.85797885797886
p023,2,20,0.0665,0.291,22,42,0.0204081632653061,0.04,76.07043857043857
p023,2,21,0.0715,0.3015,21,44,0.0204081632653061,0.0,77.71576521576522
p023,2,22,0.0705,0.325,20,38,0.0816326530612244,0.02,56.53353903353904
p023,2,23,0.07,0.304,21,41,0.0408163265306122,0.02,69.74369974369975
p023,2,24,0.076,0.2945,19,32,0.0816326530612244,0.0,52.61976261976263
p023,2,25,0.0705,0.3295,19,43,0.0,0.02,69.63620213620213
p023,2,26,0.068,0.335,21,46,0.0,0.0,80.14080014080015
p023,2,27,0.0755,0.3075,20,41,0.0,0.02,70.46477796477797
p023,2,28,0.073,0.305,22,44,0.0204081632653061,0.02,77.53737253737253
p023,2,29,0.08,0.3125,19,37,0.0,0.04,59.53183953183953
p023,2,30,0.087,0.352,19,40,0.0204081632653061,0.0,59.08012408012409
p023,2,31,0.069,0.324,21,37,0.1836734693877551,0.02,50.946825946825946
p023,2,32,0.0775,0.3325,22,46,0.0,0.04,76.80639430639431
p023,2,33,0.0805,0.346,19,46,0.0204081632653061,0.06,63.365095865095874
p023,2,34,0.0735,0.306,23,43,0.0612244897959183,0.04,71.80336930336931
p023,2,35,0.0815,0.3095,21,42,0.0204081632653061,0.0,71.96990946990948
p023,2,36,0.08,0.301,24,45,0.0408163265306122,0.06,73.84945384945385
p023,2,37,0.073,0.296,19,33,0.0,0.0,62.707707707707705
p023,2,38,0.065,0.289,20,40,0.0816326530612244,0.06,60.30706530706532
p023,2,39,0.0755,0.356,17,40,0.0,0.0,59.03686653686654
p023,2,40,0.069,0.3565,20,38,0.0408163265306122,0.0,60.35128535128536
p023,2,41,0.079,0.3135,19,44,0.0408163265306122,0.0,67.58599258599259
p023,2,42,0.0755,0.3,21,42,0.0204081632653061,0.0,74.34943184943184
p023,2,43,0.071,0.308,21,43,0.0204081632653061,0.04,72.1984071984072
p023,2,44,0.0715,0.2915,22,47,0.0408163265306122,0.04,78.85921635921636
p023,2,45,0.0735,0.3045,16,35,0.0204081632653061,0.0,53.496050996051
p023,2,46,0.0745,0.3379999999999999,21,46,0.0204081632653061,0.04,72.2082247082247
p023,2,47,0.0745,0.37,22,42,0.0204081632653061,0.04,66.25776875776877
p024,1,0,0.098,0.258,18,37,0.0408163265306122,0.1,48.00316800316801
p024,1,1,0.1,0.2755,16,43,0.0408163265306122,0.06,52.409332409332414
p024,1,2,0.097,0.2415,18,38,0.0204081632653061,0.02,60.96332596332597
p024,1,3,0.1115,0.2765,22,38,0.0,0.02,65.91220341220341
p024,1,4,0.1005,0.2675,19,43,0.0612244897959183,0.06,57.85299035299035
p024,1,5,0.0965,0.2525,21,47,0.0408163265306122,0.0,78.13349063349064
p024,1,6,0.096,0.2465,19,47,0.0612244897959183,0.1,62.45102245102246
p024,1,7,0.103,0.262,20,48,0.0408163265306122,0.08,65.84656084656085
p024,1,8,0.096,0.253,17,43,0.0408163265306122,0.08,56.14306614306614
p024,1,9,0.1075,0.2645,22,45,0.0,0.02,77.04014454014454
p024,1,10,0.118,0.289,18,41,0.0,0.02,57.43567743567744
p024,1,11,0.116,0.2765,20,42,0.0612244897959183,0.1,50.656810656810656
p024,1,12,0.1015,0.2865,19,38,0.0,0.04,58.2974457974458
p024,1,13,0.1035,0.249,17,40,0.0408163265306122,0.1,49.05974655974656
p024,1,14,0.096,0.267,21,42,0.0612244897959183,0.12,56.8987668987669
p024,1,15,0.105,0.272,21,44,0.0408163265306122,0.12,59.20046420046421
p024,1,16,0.107,0.282,20,35,0.0204081632653061,0.06,51.74036674036674
p024,1,17,0.099,0.276,17,43,0.0204081632653061,0.04,59.21113421113421
p024,1,18,0.1005,0.2755,18,36,0.0612244897959183,0.06,45.6968781968782
p024,1,19,0.1065,0.246,21,45,0.0408163265306122,0.08,66.43167893167893
p024,1,20,0.1105,0.261,20,44,0.0612244897959183,0.08,57.93384043384045
p024,1,21,0.1135,0.2745,18,38,0.0204081632653061,0.0,55.583303083303086
p024,1,22,0.1,0.2775,22,44,0.0612244897959183,0.06,65.39594539594539
p024,1,23,0.104,0.2295,19,42,0.0204081632653061,0.04,66.15516615516616
p024,1,24,0.1065,0.246,19,42,0.0612244897959183,0.1,53.5908160908161
p024,1,25,0.1115,0.3015,20,37,0.0,0.02,57.36574486574487
p024,1,26,0.1135,0.261,16,43,0.0408163265306122,0.0,56.20205370205371
p024,1,27,0.1065,0.262,22,40,0.0408163265306122,0.08,60.80077330077331
p024,1,28,0.1005,0.2495,19,42,0.0612244897959183,0.08,56.52088902088903
p024,1,29,0.1155,0.273,21,44,0.0204081632653061,0.04,66.38872388872389
p024,1,30,0.1005,0.2525,16,40,0.0408163265306122,0.1,47.042729542729546
p024,1,31,0.111,0.2685,17,43,0.0204081632653061,0.04,57.104742104742094
p024,1,32,0.1095,0.2775,21,44,0.0204081632653061,0.06,65.51499301499301
p024,1,33,0.122,0.3195,17,42,0.0204081632653061,0.06,46.24668624668626
p024,1,34,0.106,0.2665,16,40,0.1224489795918367,0.14,31.104291104291104
p024,1,35,0.1045,0.251,20,42,0.0612244897959183,0.12,54.09560659560661
p024,1,36,0.1005,0.257,17,40,0.0204081632653061,0.0,60.61344311344311
p024,1,37,0.108,0.276,21,45,0.0204081632653061,0.08,65.45248545248545
p024,1,38,0.1075,0.2605,20,39,0.0,0.0,66.83818433818432
p024,1,39,0.1115,0.2515,20,48,0.0408163265306122,0.06,66.72565422565422
p024,1,40,0.105,0.2705,18,39,0.0612244897959183,0.1,45.26840026840028
p024,1,41,0.1125,0.293,19,41,0.0408163265306122,0.0,57.81570031570032
p024,1,42,0.109,0.275,16,38,0.0,0.0,54.22372922372923
p024,1,43,0.091,0.3005,23,47,0.0408163265306122,0.0,79.4001144001144
p024,1,44,0.095,0.2435,20,41,0.0204081632653061,0.02,69.84737484737485
p024,1,45,0.0925,0.2655,26,42,0.0,0.02,79.04627154627156
p024,1,46,0.1035,0.264,23,45,0.0,0.02,80.42352792352793
p024,1,47,0.0995,0.2495,19,39,0.0204081632653061,0.0,65.08214258214258
p024,2,0,0.1065,0.264,17,41,0.0612244897959183,0.08,47.5969100969101
p024,2,1,0.1085,0.248,20,38,0.0204081632653061,0.02,62.33648483648483
p024,2,2,0.112,0.269,20,46,0.0612244897959183,0.1,57.48814748814749
p024,2,3,0.125,0.3045,22,46,0.0,0.04,68.2996732996733
p024,2,4,0.1315,0.322,19,43,0.0612244897959183,0.1,41.312878812878814
p024,2,5,0.1195,0.326,22,41,0.0612244897959183,0.1,48.34837584837586
p024,2,6,0.1315,0.3085,21,42,0.0408163265306122,0.08,50.376887876887885
p024,2,7,0.111,0.2945,19,42,0.0,0.04,60.36294536294536
p024,2,8,0.114,0.2605,20,38,0.0,0.02,62.15666215666215
p024,2,9,0.1035,0.2645,20,40,0.0204081632653061,0.0,66.29126379126379
p024,2,10,0.1015,0.242,18,41,0.0408163265306122,0.06,57.60334510334511
p024,2,11,0.1,0.244,16,39,0.0204081632653061,0.0,58.370788370788375
p024,2,12,0.1055,0.2575,21,45,0.0204081632653061,0.08,67.8995753995754
p024,2,13,0.1164999999999999,0.282,20,38,0.0204081632653061,0.0,58.88017138017141
p024,2,14,0.108,0.2595,20,44,0.0,0.0,73.22949322949323
p024,2,15,0.1015,0.293,25,49,0.0,0.02,80.56091806091806
p024,2,16,0.103,0.2495,19,43,0.0612244897959183,0.06,59.05955405955407
p024,2,17,0.1065,0.254,20,42,0.0408163265306122,0.0,66.81117931117932
p024,2,18,0.092,0.259,22,45,0.0204081632653061,0.06,75.1965151965152
p024,2,19,0.095,0.2395,18,44,0.0204081632653061,0.0,71.18387618387618
p024,2,20,0.098,0.246,21,41,0.0204081632653061,0.0,73.11564311564312
p024,2,21,0.096,0.2764999999999999,21,45,0.0408163265306122,0.0,73.2860332860333
p024,2,22,0.097,0.2545,20,41,0.0612244897959183,0.04,61.65632665632666
p024,2,23,0.094,0.2675,21,42,0.0408163265306122,0.04,67.11326711326711
p024,2,24,0.1025,0.2645,20,36,0.0612244897959183,0.04,52.93554543554544
p024,2,25,0.1185,0.3125,18,42,0.0,0.0,58.0981805981806
p024,2,26,0.1115,0.3075,21,46,0.0,0.0,72.53641003641003
p024,2,27,0.096,0.2855,19,41,0.0,0.0,67.25692725692726
p024,2,28,0.1025,0.29,21,44,0.0204081632653061,0.0,71.48596398596399
p024,2,29,0.1,0.2665,17,37,0.0,0.0,58.31633831633831
p024,2,30,0.095,0.2965,21,41,0.0204081632653061,0.0,68.77487377487377
p024,2,31,0.0985,0.2945,20,42,0.0612244897959183,0.12,51.16982366982368
p024,2,32,0.1005,0.289,24,46,0.0,0.0,81.76921426921426
p024,2,33,0.112,0.2895,19,42,0.0,0.0,64.32905432905433
p024,2,34,0.108,0.2855,20,42,0.0204081632653061,0.0,65.6818356818357
p024,2,35,0.1065,0.265,24,46,0.0204081632653061,0.0,80.36209286209288
p024,2,36,0.1,0.2825,19,32,0.0,0.0,57.63048763048763
p024,2,37,0.107,0.2745,21,39,0.0,0.0,67.93678293678293
p024,2,38,0.11,0.2745,20,43,0.0408163265306122,0.04,61.5041415041415
p024,2,39,0.108,0.2835,21,48,0.0204081632653061,0.0,74.6732446732447
p024,2,40,0.112,0.293,21,46,0.0408163265306122,0.06,63.55135355135357
p024,2,41,0.104,0.268,21,45,0.0612244897959183,0.04,66.14746614746615
p024,2,42,0.1045,0.27,21,41,0.0,0.0,71.54657404657404
p024,2,43,0.1015,0.2535,20,41,0.0408163265306122,0.02,64.91780241780242
p024,2,44,0.099,0.226,20,40,0.0204081632653061,0.02,69.36469436469436
p024,2,45,0.0975,0.258,20,38,0.1020408163265306,0.1,47.02331452331452
p024,2,46,0.103,0.289,20,41,0.0,0.0,67.62086262086262
p024,2,47,0.115,0.2875,21,44,0.0204081632653061,0.02,66.90817190817192
p025,1,0,0.0675,0.245,20,38,0.0,0.0,76.63149413149414
p025,1,1,0.0715,0.257,19,43,0.0408163265306122,0.04,70.04160754160755
p025,1,2,0.066,0.326,18,40,0.0204081632653061,0.02,62.44992244992245
p025,1,3,0.072,0.2685,19,39,0.0,0.02,70.25696025696027
p025,1,4,0.07,0.259,24,44,0.0408163265306122,0.02,82.85626285626286
p025,1,5,0.067,0.2715,14,39,0.0612244897959183,0.0,58.71327371327372
p025,1,6,0.0685,0.2565,18,36,0.0612244897959183,0.06,55.21782771782773
p025,1,7,0.0725,0.2715,19,41,0.0204081632653061,0.04,68.16891066891066
p025,1,8,0.072,0.277,17,41,0.0,0.02,67.2083072083072
p025,1,9,0.066,0.289,22,43,0.0,0.04,80.05269005269005
p025,1,10,0.071,0.273,18,37,0.0,0.04,63.247698247698246
p025,1,11,0.067,0.2764999999999999,19,38,0.0612244897959183,0.08,56.666171666171685
p025,1,12,0.0675,0.2495,17,37,0.0408163265306122,0.04,59.29052679052679
p025,1,13,0.0655,0.2165,19,40,0.0204081632653061,0.0,77.76273526273526
p025,1,14,0.066,0.306,22,46,0.0,0.02,84.04899404899406
p025,1,15,0.0675,0.2694999999999999,19,32,0.1632653061224489,0.18,33.33655083655084
p025,1,16,0.064,0.2315,16,40,0.0408163265306122,0.08,59.68715968715969
p025,1,17,0.0645,0.2745,19,37,0.0612244897959183,0.04,59.883262383262384
p025,1,18,0.0675,0.2334999999999999,22,47,0.0408163265306122,0.06,83.76555126555128
p025,1,19,0.067,0.2314999999999999,18,41,0.0408163265306122,0.0,72.42423742423743
p025,1,20,0.064,0.231,20,38,0.0408163265306122,0.02,72.25247225247226
p025,1,21,0.061,0.251,22,48,0.0408163265306122,0.04,84.69898469898469
p025,1,22,0.066,0.2485,19,41,0.0,0.02,76.25163625163624
p025,1,23,0.0675,0.2445,20,43,0.0612244897959183,0.08,68.54153604153605
p025,1,24,0.0685,0.277,16,36,0.0204081632653061,0.0,58.72133122133122
p025,1,25,0.067,0.2764999999999999,17,41,0.0816326530612244,0.1,51.51761651761654
p025,1,26,0.068,0.2675,22,39,0.0612244897959183,0.1,63.90203390203391
p025,1,27,0.072,0.3015,20,40,0.0,0.04,68.76480876480876
p025,1,28,0.0655,0.2535,18,40,0.0204081632653061,0.0,71.67807917807917
p025,1,29,0.071,0.2445,21,42,0.0,0.0,83.35736835736837
p025,1,30,0.0665,0.2355,18,40,0.0,0.02,73.77088627088627
p025,1,31,0.0625,0.242,22,44,0.0,0.0,90.2193402193402
p025,1,32,0.064,0.267,17,43,0.0204081632653061,0.0,72.14907214907215
p025,1,33,0.068,0.263,19,44,0.0204081632653061,0.02,75.78919578919579
p025,1,34,0.0665,0.286,18,40,0.1020408163265306,0.14,45.6999581999582
p025,1,35,0.062,0.2515,18,43,0.0,0.04,74.75882475882474
p025,1,36,0.067,0.288,22,41,0.0,0.04,77.35059235059234
p025,1,37,0.067,0.2685,18,46,0.0,0.02,78.04084304084303
p025,1,38,0.072,0.261,17,36,0.0816326530612244,0.12,43.61658361658362
p025,1,39,0.0705,0.267,19,37,0.0816326530612244,0.1,51.26893376893378
p025,1,40,0.067,0.2715,20,43,0.0204081632653061,0.02,76.27534127534128
p025,1,41,0.067,0.2485,21,48,0.0,0.02,88.46775346775348
p025,1,42,0.074,0.2675,22,39,0.0612244897959183,0.02,69.8808698808699
p025,1,43,0.066,0.261,25,46,0.0,0.04,89.08259908259909
p025,1,44,0.066,0.2745,22,45,0.0,0.04,84.06824406824406
p025,1,45,0.066,0.2305,22,45,0.0204081632653061,0.02,87.94354794354796
p025,1,46,0.068,0.2255,16,34,0.0,0.02,61.96053196053196
p025,2,0,0.071,0.2395,18,46,0.0408163265306122,0.06,71.52575652575653
p025,2,1,0.0765,0.252,19,35,0.0204081632653061,0.0,65.17987767987768
p025,2,2,0.0765,0.2545,20,45,0.0204081632653061,0.06,74.57553707553707
p025,2,3,0.078,0.309,23,45,0.0,0.02,81.990451990452
p025,2,4,0.081,0.287,20,42,0.0204081632653061,0.04,68.25655325655326
p025,2,5,0.082,0.2905,24,45,0.0204081632653061,0.02,80.5089705089705
p025,2,6,0.067,0.279,20,42,0.0,0.04,74.77163977163976
p025,2,7,0.072,0.2615,18,40,0.0204081632653061,0.06,63.774103774103786
p025,2,8,0.076,0.27,19,40,0.0204081632653061,0.04,66.2036762036762
p025,2,9,0.0705,0.265,21,42,0.0204081632653061,0.02,77.19155969155969
p025,2,10,0.077,0.2705,20,44,0.0612244897959183,0.1,63.10722810722812
p025,2,11,0.072,0.289,19,47,0.0408163265306122,0.1,66.29200629200629
p025,2,12,0.0715,0.3075,23,44,0.0,0.0,84.25802175802175
p025,2,13,0.067,0.274,17,34,0.0612244897959183,0.08,47.026312026312034
p025,2,14,0.0735,0.266,21,43,0.0204081632653061,0.04,75.80737330737331
p025,2,15,0.068,0.2985,24,47,0.0,0.02,87.98655798655797
p025,2,16,0.0685,0.2605,21,44,0.0408163265306122,0.04,76.44949894949896
p025,2,17,0.066,0.227,18,43,0.0612244897959183,0.06,67.74037774037775
p025,2,18,0.0665,0.2865,22,42,0.0408163265306122,0.06,72.2880847880848
p025,2,19,0.062,0.2845,19,46,0.0408163265306122,0.04,72.92072292072292
p025,2,20,0.0605,0.278,19,38,0.0612244897959183,0.08,57.23030723030723
p025,2,21,0.067,0.312,21,45,0.0204081632653061,0.02,77.16634216634218
p025,2,22,0.066,0.257,19,33,0.1224489795918367,0.08,46.585156585156575
p025,2,23,0.0775,0.324,19,43,0.1224489795918367,0.1,46.82696432696432
p025,2,24,0.0695,0.279,17,34,0.0408163265306122,0.04,52.01522951522952
p025,2,25,0.0715,0.2745,19,37,0.1428571428571428,0.14,39.43352693352694
p025,2,26,0.0705,0.2745,19,41,0.0,0.02,72.57760507760507
p025,2,27,0.071,0.29,24,46,0.0,0.02,86.84107184107184
p025,2,28,0.0725,0.268,19,39,0.0612244897959183,0.08,57.48954998955
p025,2,29,0.067,0.3379999999999999,21,46,0.0204081632653061,0.04,73.99393899393901
p025,2,30,0.0675,0.254,18,36,0.0,0.0,68.4045859045859
p025,2,31,0.078,0.266,19,40,0.0204081632653061,0.0,69.83158983158984
p025,2,32,0.066,0.282,22,42,0.0204081632653061,0.02,78.94223894223894
p025,2,33,0.075,0.2425,24,47,0.0612244897959183,0.1,77.37523237523239
p025,2,34,0.0735,0.2725,18,41,0.0,0.02,69.68256718256717
p025,2,35,0.072,0.309,21,42,0.0,0.02,74.8109648109648
p025,2,36,0.0835,0.276,20,37,0.1020408163265306,0.1,47.27279477279476
p025,2,37,0.067,0.262,24,45,0.0408163265306122,0.04,82.7004477004477
p025,2,38,0.071,0.2765,20,34,0.0,0.02,65.66495066495067
p025,2,39,0.0715,0.2855,18,35,0.0204081632653061,0.0,60.63604813604815
p025,2,40,0.07,0.2735,18,43,0.0204081632653061,0.04,68.74709874709875
p025,2,41,0.071,0.296,20,40,0.0408163265306122,0.0,68.4952534952535
p025,2,42,0.069,0.2755,20,43,0.0612244897959183,0.02,70.63684563684562
p025,2,43,0.069,0.2425,23,43,0.0204081632653061,0.02,85.84491084491084
p025,2,44,0.0715,0.284,20,40,0.0204081632653061,0.0,71.95835945835945
p025,2,45,0.0715,0.251,21,43,0.0408163265306122,0.04,75.40411290411289
p025,2,46,0.072,0.28,19,40,0.0204081632653061,0.0,69.85875985875985
p025,2,47,0.071,0.266,20,43,0.0408163265306122,0.04,71.64070664070665
p026,1,0,0.0895,0.2295,15,30,0.1836734693877551,0.24,24.959602459602465
p026,1,1,0.091,0.221,17,38,0.0612244897959183,0.12,48.04183304183304
p026,1,2,0.0865,0.2275,16,34,0.1020408163265306,0.14,34.339696839696835
p026,1,3,0.0895,0.23,18,42,0.0408163265306122,0.04,64.7955922955923
p026,1,4,0.098,0.2255,19,41,0.0408163265306122,0.1,58.765578765578766
p026,1,5,0.0905,0.212,22,44,0.0408163265306122,0.0,82.15091465091466
p026,1,6,0.092,0.2065,17,42,0.0612244897959183,0.02,63.64265364265364
p026,1,7,0.0815,0.219,19,38,0.0204081632653061,0.0,71.13885863885864
p026,1,8,0.09,0.224,21,41,0.0408163265306122,0.08,67.43424743424744
p026,1,9,0.0815,0.1955,18,34,0.2040816326530612,0.22,33.92857142857142
p026,1,10,0.0895,0.248,21,41,0.0408163265306122,0.08,65.15089265089266
p026,1,11,0.093,0.2385,18,41,0.0,0.0,70.2949652949653
p026,1,12,0.099,0.242,19,43,0.0816326530612244,0.12,52.82617782617783
p026,1,13,0.0955,0.2305,19,40,0.0,0.04,67.89572539572539
p026,1,14,0.097,0.219,18,38,0.0612244897959183,0.1,51.046266046266055
p026,1,15,0.0895,0.2405,19,43,0.0408163265306122,0.04,67.4075449075449
p026,1,16,0.0915,0.2705,20,40,0.0816326530612244,0.12,50.2938377938378
p026,1,17,0.095,0.2145,17,39,0.0408163265306122,0.0,62.51421751421751
p026,1,18,0.0935,0.2175,21,48,0.0204081632653061,0.02,82.88038038038039
p026,1,19,0.088,0.219,16,33,0.2244897959183673,0.2,26.36779636779637
p026,1,20,0.0995,0.2415,20,41,0.0,0.02,71.35709885709886
p026,1,21,0.097,0.2255,20,42,0.0612244897959183,0.02,67.6931326931327
p026,1,22,0.099,0.223,16,40,0.0612244897959183,0.08,49.82372482372483
p026,1,23,0.11,0.26,22,45,0.1020408163265306,0.1,57.58318758318759
p026,1,24,0.0935,0.238,17,39,0.0,0.04,61.57720907720908
p026,1,25,0.0915,0.236,21,44,0.0408163265306122,0.06,71.57390907390908
p026,1,26,0.1,0.266,18,39,0.0408163265306122,0.04,54.84583484583485
p026,1,27,0.0985,0.2505,17,44,0.0204081632653061,0.02,65.01663751663752
p026,1,28,0.105,0.232,21,44,0.0,0.06,73.52192852192853
p026,1,29,0.0925,0.28,21,42,0.0,0.06,69.12921162921164
p026,1,30,0.1005,0.238,17,41,0.0204081632653061,0.06,58.24184074184074
p026,1,31,0.102,0.246,20,42,0.0408163265306122,0.06,63.12785312785314
p026,1,32,0.092,0.25,17,40,0.0612244897959183,0.12,47.46493746493747
p026,1,33,0.099,0.243,20,42,0.0408163265306122,0.06,64.14243914243914
p026,1,34,0.094,0.2215,18,43,0.0,0.04,70.61897061897061
p026,1,35,0.097,0.233,17,43,0.1224489795918367,0.12,44.67945967945968
p026,1,36,0.091,0.238,19,41,0.0204081632653061,0.0,70.82120582120582
p026,1,37,0.0875,0.2255,19,44,0.0,0.0,79.13289663289663
p026,1,38,0.0935,0.221,21,46,0.0204081632653061,0.08,75.69242319242319
p026,1,39,0.0995,0.222,22,43,0.0204081632653061,0.08,72.6985501985502
p026,1,40,0.093,0.24,16,33,0.0204081632653061,0.04,50.32389532389533
p026,1,41,0.0985,0.2435,21,42,0.0204081632653061,0.0,74.52889702889703
p026,1,42,0.1085,0.2245,18,38,0.0204081632653061,0.0,61.77878427878428
p026,1,43,0.0975,0.233,21,46,0.0204081632653061,0.04,77.24254474254474
p026,1,44,0.096,0.2339999999999999,23,43,0.0612244897959183,0.02,75.50528550528553
p026,1,45,0.097,0.2575,21,42,0.0612244897959183,0.14,55.75977075977077
p026,1,46,0.0885,0.2605,23,44,0.0204081632653061,0.08,75.12674762674763
p026,1,47,0.101,0.219,22,44,0.0,0.0,83.71211871211871
p026,1,48,0.0985,0.217,18,39,0.1224489795918367,0.14,41.324813824813816
p026,2,0,0.0915,0.2334999999999999,17,43,0.1020408163265306,0.1,50.17173767173768
p026,2,1,0.091,0.22,20,38,0.0204081632653061,0.0,71.15780615780615
p026,2,2,0.0844999999999999,0.244,21,47,0.0,0.02,84.75153725153727
p026,2,3,0.0965,0.217,22,44,0.0204081632653061,0.04,78.8990913990914
p026,2,4,0.0985,0.216,19,40,0.0,0.0,72.33659483659484
p026,2,5,0.094,0.2445,24,45,0.0,0.0,86.48923648923648
p026,2,6,0.09,0.233,20,38,0.0,0.02,70.62370062370063
p026,2,7,0.0955,0.2545,17,42,0.0204081632653061,0.08,57.21086471086472
p026,2,8,0.1015,0.245,21,42,0.0204081632653061,0.04,69.96075746075745
p026,2,9,0.091,0.2299999999999999,20,42,0.0,0.02,75.8141108141108
p026,2,10,0.1,0.239,20,48,0.0204081632653061,0.04,74.94780494780494
p026,2,11,0.093,0.241,19,45,0.0,0.06,71.998316998317
p026,2,12,0.098,0.251,22,42,0.0408163265306122,0.06,68.34163834163834
p026,2,13,0.089,0.257,15,38,0.0612244897959183,0.08,46.237171237171246
p026,2,14,0.1005,0.2285,21,43,0.0,0.0,79.21721171721173
p026,2,15,0.1005,0.2355,25,48,0.0,0.04,84.70291720291719
p026,2,16,0.0885,0.236,18,40,0.0816326530612244,0.1,51.55152405152406
p026,2,17,0.0915,0.239,17,43,0.0408163265306122,0.04,62.31959981959982
p026,2,18,0.082,0.2365,21,41,0.0612244897959183,0.12,62.003102003102015
p026,2,19,0.0955,0.239,18,44,0.0204081632653061,0.0,71.11487861487862
p026,2,20,0.095,0.247,21,41,0.0204081632653061,0.0,73.72982872982874
p026,2,21,0.0985,0.229,22,48,0.0204081632653061,0.02,82.91970541970541
p026,2,22,0.095,0.2345,19,38,0.1428571428571428,0.14,39.12434412434413
p026,2,23,0.089,0.262,23,42,0.0612244897959183,0.02,73.08709808709808
p026,2,24,0.0945,0.2225,20,37,0.0408163265306122,0.0,66.41121891121891
p026,2,25,0.098,0.2245,20,44,0.0,0.02,77.26209726209727
p026,2,26,0.097,0.251,18,43,0.0204081632653061,0.06,62.71892771892772
p026,2,27,0.09,0.2385,22,45,0.0,0.02,83.80941380941381
p026,2,28,0.0945,0.217,20,42,0.0204081632653061,0.0,75.75297825297825
p026,2,29,0.0975,0.2334999999999999,20,40,0.0,0.02,71.35203885203886
p026,2,30,0.0955,0.247,21,42,0.0408163265306122,0.06,66.95632445632445
p026,2,31,0.095,0.2125,22,43,0.0612244897959183,0.06,71.81087681087682
p026,2,32,0.094,0.2205,21,46,0.0204081632653061,0.0,83.03083303083302
p026,2,33,0.1005,0.2465,22,48,0.0,0.0,84.92456742456743
p026,2,34,0.097,0.237,22,42,0.0204081632653061,0.06,72.36208736208737
p026,2,35,0.094,0.236,19,39,0.0612244897959183,0.08,55.57370557370558
p026,2,36,0.0995,0.2515,25,45,0.0408163265306122,0.06,74.16155166155166
p026,2,37,0.0955,0.245,19,37,0.0816326530612244,0.12,45.666903166903175
p026,2,38,0.1005,0.253,21,40,0.0,0.0,72.91860541860542
p026,2,39,0.1,0.224,19,42,0.0204081632653061,0.0,71.36180136180137
p026,2,40,0.098,0.213,22,48,0.0408163265306122,0.04,80.4075504075504
p026,2,41,0.088,0.2485,20,46,0.0204081632653061,0.0,79.27564927564929
p026,2,42,0.093,0.2205,20,45,0.0408163265306122,0.0,77.22497222497222
p026,2,43,0.096,0.209,22,42,0.0204081632653061,0.02,79.1066891066891
p026,2,44,0.0975,0.2275,22,42,0.0,0.04,77.42679492679493
p026,2,45,0.099,0.209,17,41,0.0408163265306122,0.04,60.97278597278598
p026,2,46,0.087,0.243,18,37,0.1428571428571428,0.18,32.81154781154781
p026,2,47,0.096,0.2485,21,43,0.0,0.06,72.73108273108274
p026,2,48,0.1035,0.2435,20,38,0.0612244897959183,0.08,53.65995115995117
p027,1,0,0.072,0.229,18,35,0.0408163265306122,0.06,58.236148236148246
p027,1,1,0.072,0.2405,18,45,0.0204081632653061,0.02,75.990165990166
p027,1,2,0.075,0.246,17,42,0.0408163265306122,0.04,64.26541926541927
p027,1,3,0.072,0.242,21,38,0.0204081632653061,0.04,72.15666215666216
p027,1,4,0.071,0.223,21,44,0.0408163265306122,0.0,83.31171831171831
p027,1,5,0.075,0.242,17,40,0.0204081632653061,0.04,64.4826694826695
p027,1,6,0.075,0.2455,19,39,0.0204081632653061,0.0,71.31587631587631
p027,1,7,0.079,0.245,20,42,0.0204081632653061,0.04,72.93694793694793
p027,1,8,0.0775,0.2425,18,43,0.0204081632653061,0.06,68.21263571263572
p027,1,9,0.076,0.2585,21,42,0.0,0.02,78.91363891363892
p027,1,10,0.0725,0.251,19,43,0.0204081632653061,0.04,72.78506528506527
p027,1,11,0.075,0.251,20,42,0.0204081632653061,0.04,73.2887282887283
p027,1,12,0.076,0.2329999999999999,16,35,0.0,0.0,62.43892243892245
p027,1,13,0.079,0.252,19,41,0.0204081632653061,0.0,72.2769472769473
p027,1,14,0.072,0.262,21,44,0.0612244897959183,0.12,65.67765567765568
p027,1,15,0.075,0.2525,18,35,0.0408163265306122,0.0,60.725065725065726
p027,1,16,0.08,0.2575,20,45,0.0204081632653061,0.04,75.29375529375528
p027,1,17,0.079,0.255,20,43,0.0408163265306122,0.02,72.68889768889768
p027,1,18,0.075,0.2435,20,44,0.0,0.0,82.68823768823769
p027,1,19,0.0715,0.256,17,37,0.0612244897959183,0.0,59.010246510246525
p027,1,20,0.075,0.255,21,44,0.0612244897959183,0.06,71.21962621962622
p027,1,21,0.079,0.248,19,42,0.0204081632653061,0.0,73.95939895939897
p027,1,22,0.079,0.2755,18,41,0.0,0.04,66.22089122089122
p027,1,23,0.0735,0.2585,19,42,0.0,0.0,76.5988240988241
p027,1,24,0.075,0.2495,17,41,0.0612244897959183,0.02,62.10391710391711
p027,1,25,0.08,0.2785,19,40,0.1020408163265306,0.12,47.46922746922746
p027,1,26,0.0795,0.264,19,39,0.0816326530612244,0.12,50.13862763862764
p027,1,27,0.076,0.275,19,39,0.0612244897959183,0.12,52.251812251812254
p027,1,28,0.079,0.2605,19,43,0.0204081632653061,0.02,72.13834713834714
p027,1,29,0.0835,0.2495,18,42,0.0,0.0,72.73782023782023
p027,1,30,0.08,0.2575,19,47,0.0204081632653061,0.04,75.47690547690546
p027,1,31,0.0735,0.258,20,41,0.0204081632653061,0.08,67.95941545941547
p027,1,32,0.076,0.269,18,46,0.0204081632653061,0.02,73.46698346698346
p027,1,33,0.079,0.2365,20,44,0.0204081632653061,0.0,80.05560505560506
p027,1,34,0.079,0.254,17,40,0.0408163265306122,0.08,56.24443124443125
p027,1,35,0.0755,0.2615,21,43,0.0204081632653061,0.02,77.63348513348512
p027,1,36,0.079,0.251,23,41,0.0612244897959183,0.12,66.02784102784103
p027,1,37,0.0775,0.2505,17,46,0.0,0.0,76.81354431354431
p027,1,38,0.08,0.2525,20,45,0.0204081632653061,0.02,77.64610764610764
p027,1,39,0.075,0.2315,19,40,0.0408163265306122,0.0,71.61837661837662
p027,1,40,0.084,0.258,15,40,0.1020408163265306,0.14,39.57418957418957
p027,1,41,0.076,0.252,23,49,0.0408163265306122,0.0,87.82639782639784
p027,1,42,0.079,0.256,19,38,0.0204081632653061,0.02,66.17854117854118
p027,1,43,0.076,0.2585,27,47,0.0204081632653061,0.06,84.00114400114401
p027,1,44,0.073,0.241,23,48,0.0204081632653061,0.04,88.31903331903334
p027,1,45,0.076,0.239,21,46,0.0204081632653061,0.0,85.46469546469548
p027,2,0,0.079,0.25,18,45,0.0408163265306122,0.06,67.28789228789229
p027,2,1,0.0795,0.257,21,38,0.0204081632653061,0.02,70.72129822129823
p027,2,2,0.079,0.2715,21,47,0.0,0.04,81.45645645645645
p027,2,3,0.0795,0.235,23,45,0.0,0.0,90.89256839256838
p027,2,4,0.083,0.2435,19,40,0.0,0.0,73.27431827431828
p027,2,5,0.0755,0.2445,26,44,0.0,0.02,87.76009526009527
p027,2,6,0.08,0.2675,20,42,0.0408163265306122,0.12,60.65824065824066
p027,2,7,0.079,0.239,20,40,0.0,0.02,75.2062502062502
p027,2,8,0.079,0.2515,20,37,0.0,0.0,71.96069696069695
p027,2,9,0.0775,0.2565,20,44,0.0204081632653061,0.04,74.7070422070422
p027,2,10,0.079,0.254,20,45,0.0204081632653061,0.02,77.73405273405274
p027,2,11,0.076,0.2705,20,43,0.0,0.0,78.46538846538846
p027,2,12,0.08,0.2575,20,41,0.0,0.02,74.39835439835439
p027,2,13,0.0815,0.275,13,28,0.1836734693877551,0.2,22.309809809809806
p027,2,14,0.079,0.26,21,45,0.0,0.0,83.74720874720875
p027,2,15,0.0775,0.258,24,46,0.0,0.02,88.496655996656
p027,2,16,0.08,0.246,20,41,0.0408163265306122,0.02,70.7876007876008
p027,2,17,0.077,0.245,18,42,0.0408163265306122,0.0,69.97398497398498
p027,2,18,0.076,0.251,21,48,0.0408163265306122,0.06,77.60903760903761
p027,2,19,0.0755,0.2505,19,43,0.0,0.0,78.2054857054857
p027,2,20,0.076,0.252,20,38,0.0204081632653061,0.02,69.67417967417967
p027,2,21,0.08,0.2365,21,44,0.0408163265306122,0.0,79.81750981750982
p027,2,22,0.0795,0.283,19,40,0.1020408163265306,0.04,54.54523204523204
p027,2,23,0.0755,0.2505,18,40,0.0408163265306122,0.06,61.66091916091916
p027,2,24,0.076,0.254,19,34,0.0612244897959183,0.04,55.35106535106536
p027,2,25,0.08,0.2525,20,41,0.0,0.02,74.89885489885489
p027,2,26,0.0775,0.244,22,46,0.0,0.0,89.36895686895686
p027,2,27,0.076,0.233,20,41,0.0204081632653061,0.0,77.27408727408728
p027,2,28,0.073,0.265,20,41,0.0,0.0,77.16612216612218
p027,2,29,0.075,0.2285,18,39,0.0,0.0,73.01757801757802
p027,2,30,0.071,0.2315,21,41,0.0204081632653061,0.0,80.99566599566599
p027,2,31,0.075,0.2585,21,42,0.0204081632653061,0.0,78.62263362263364
p027,2,32,0.072,0.2295,22,49,0.0,0.0,93.41198341198344
p027,2,33,0.0755,0.2265,20,42,0.0,0.02,79.85493735493735
p027,2,34,0.075,0.264,19,42,0.0204081632653061,0.0,73.31017831017832
p027,2,35,0.072,0.2465,25,42,0.0204081632653061,0.0,85.30002530002531
p027,2,36,0.083,0.242,18,30,0.0,0.0,63.35120835120835
p027,2,37,0.0755,0.2405,24,40,0.0,0.02,83.03229053229053
p027,2,38,0.076,0.2475,19,42,0.0408163265306122,0.04,68.63907863907865
p027,2,39,0.075,0.257,22,46,0.0612244897959183,0.06,75.96448096448096
p027,2,40,0.079,0.2395,21,46,0.0408163265306122,0.04,78.61570361570361
p027,2,41,0.076,0.26,19,44,0.0612244897959183,0.0,71.27468127468127
p027,2,42,0.075,0.255,20,42,0.0204081632653061,0.0,76.5920315920316
p027,2,43,0.08,0.243,20,39,0.0204081632653061,0.0,72.75660275660275
p027,2,44,0.0765,0.232,17,34,0.1224489795918367,0.12,38.122050622050615
p027,2,45,0.083,0.2605,22,41,0.0612244897959183,0.08,65.44726044726045
p027,2,46,0.079,0.2495,20,42,0.0,0.0,78.57115357115357
p027,2,47,0.0745,0.2475,19,40,0.0204081632653061,0.0,72.51677501677501
p028,1,0,0.1215,0.3295,20,38,0.0,0.0,55.31589281589282
p028,1,1,0.1215,0.317,18,42,0.0204081632653061,0.0,54.552492052492056
p028,1,2,0.1225,0.3315,18,41,0.0408163265306122,0.04,45.496237996238
p028,1,3,0.1245,0.3075,19,40,0.0,0.02,55.13510763510764
p028,1,4,0.115,0.2895,21,39,0.1428571428571428,0.02,46.012001012001015
p028,1,5,0.119,0.297,18,42,0.1020408163265306,0.02,45.77407077407077
p028,1,6,0.119,0.33,20,45,0.0612244897959183,0.06,52.13702713702714
p028,1,7,0.127,0.3405,18,42,0.0612244897959183,0.12,35.017600017600024
p028,1,8,0.126,0.29,17,41,0.0612244897959183,0.12,36.64774664774666
p028,1,9,0.111,0.3625,20,45,0.0408163265306122,0.1,49.46578446578447
p028,1,10,0.133,0.3195,20,41,0.0,0.0,57.42495242495243
p028,1,11,0.152,0.3735,19,44,0.0408163265306122,0.1,39.27553927553928
p028,1,12,0.1235,0.3285,19,36,0.0,0.02,48.14289564289564
p028,1,13,0.1445,0.332,18,39,0.0,0.0,48.609598609598606
p028,1,14,0.134,0.382,18,39,0.1020408163265306,0.1,23.341473341473343
p028,1,15,0.1225,0.3945,21,43,0.0,0.04,55.81094831094831
p028,1,16,0.119,0.3085,19,43,0.0408163265306122,0.02,55.42878042878044
p028,1,17,0.12,0.3155,21,48,0.0612244897959183,0.04,60.14729014729016
p028,1,18,0.1085,0.293,23,47,0.0408163265306122,0.04,72.28049478049478
p028,1,19,0.1095,0.283,21,43,0.0204081632653061,0.0,69.23794673794674
p028,1,20,0.1215,0.2855,17,40,0.0408163265306122,0.0,50.37963787963789
p028,1,21,0.1145,0.303,20,38,0.0408163265306122,0.02,53.02145552145552
p028,1,22,0.127,0.319,16,39,0.0,0.0,46.81566181566182
p028,1,23,0.123,0.3205,21,44,0.0204081632653061,0.06,57.996402996403
p028,1,24,0.119,0.315,19,40,0.0408163265306122,0.1,43.52456852456853
p028,1,25,0.135,0.3115,17,41,0.0408163265306122,0.02,44.23104423104423
p028,1,26,0.1145,0.276,20,41,0.0,0.02,64.33221683221683
p028,1,27,0.109,0.28,20,36,0.0408163265306122,0.08,48.51362351362352
p028,1,28,0.123,0.363,21,44,0.0,0.04,57.97495297495298
p028,1,29,0.1315,0.313,18,42,0.0408163265306122,0.04,46.487283987284
p028,1,30,0.122,0.302,17,44,0.0204081632653061,0.04,52.41439241439242
p028,1,31,0.119,0.291,19,40,0.0816326530612244,0.12,39.31321431321432
p028,1,32,0.124,0.3145,19,43,0.0204081632653061,0.04,54.16680416680416
p028,1,33,0.1205,0.3035,19,46,0.0408163265306122,0.0,61.27014377014378
p028,1,34,0.123,0.3045,19,41,0.0204081632653061,0.0,56.54550154550154
p028,1,35,0.1335,0.309,19,41,0.0,0.04,52.27229977229977
p028,1,36,0.125,0.3215,21,43,0.0,0.0,64.07456907456908
p028,1,37,0.1225,0.3555,22,47,0.0204081632653061,0.06,60.83905333905335
p028,1,38,0.1245,0.2765,14,31,0.0204081632653061,0.0,42.87394537394538
p028,1,39,0.126,0.2715,22,42,0.0204081632653061,0.0,67.55942755942756
p028,1,40,0.1195,0.287,18,40,0.0204081632653061,0.02,53.61573111573113
p028,1,41,0.1285,0.3045,22,46,0.0408163265306122,0.08,59.0007315007315
p028,1,42,0.107,0.298,22,42,0.0612244897959183,0.02,62.81682781682783
p028,1,43,0.124,0.3015,26,45,0.0,0.04,69.93696993696993
p028,1,44,0.11,0.3035,21,42,0.0,0.06,62.61019261019262
p028,1,45,0.113,0.281,22,45,0.0,0.0,75.93082093082093
p028,1,46,0.113,0.2925,17,34,0.0,0.0,48.77234377234377
p028,2,0,0.107,0.2685,18,46,0.0408163265306122,0.04,61.90327690327691
p028,2,1,0.101,0.2815,20,37,0.0204081632653061,0.04,57.63494263494264
p028,2,2,0.1215,0.3325,20,45,0.0204081632653061,0.06,56.05344355344355
p028,2,3,0.1135,0.315,22,44,0.0204081632653061,0.08,61.33795883795885
p028,2,4,0.1235,0.3195,20,41,0.0204081632653061,0.06,51.75034925034925
p028,2,5,0.126,0.2975,23,43,0.0,0.0,71.00078100078099
p028,2,6,0.12,0.3065,18,42,0.0,0.02,56.489786489786496
p028,2,7,0.122,0.3005,16,37,0.0408163265306122,0.08,35.124575124575124
p028,2,8,0.1315,0.338,21,38,0.0,0.02,52.61319011319011
p028,2,9,0.118,0.295,22,45,0.0204081632653061,0.0,70.95799095799096
p028,2,10,0.113,0.3065,20,46,0.0204081632653061,0.02,65.66561066561066
p028,2,11,0.1169999999999999,0.311,18,44,0.0204081632653061,0.04,55.08492008492011
p028,2,12,0.1295,0.3495,24,44,0.0,0.02,64.3924418924419
p028,2,13,0.112,0.323,16,37,0.0204081632653061,0.04,41.337931337931344
p028,2,14,0.112,0.32,23,44,0.0,0.02,71.5120615120615
p028,2,15,0.1045,0.319,25,47,0.0204081632653061,0.08,69.30752180752181
p028,2,16,0.118,0.299,19,37,0.0816326530612244,0.08,38.60805860805862
p028,2,17,0.121,0.28,18,42,0.1020408163265306,0.08,41.44402644402644
p028,2,18,0.116,0.3145,21,45,0.0204081632653061,0.02,65.24942524942524
p028,2,19,0.121,0.3205,20,46,0.0204081632653061,0.04,60.50759550759551
p028,2,20,0.118,0.321,21,42,0.0204081632653061,0.0,62.12828212828214
p028,2,21,0.124,0.3165,23,45,0.0408163265306122,0.02,65.52541552541554
p028,2,22,0.118,0.335,20,40,0.0816326530612244,0.0,48.63896863896864
p028,2,23,0.1255,0.3635,19,43,0.0816326530612244,0.1,36.20634370634372
p028,2,24,0.125,0.316,19,33,0.0816326530612244,0.06,33.245388245388256
p028,2,25,0.1215,0.3155,17,41,0.0,0.0,53.42059092059093
p028,2,26,0.1215,0.3125,21,45,0.0,0.06,62.817350317350325
p028,2,27,0.129,0.3325,21,42,0.0,0.04,57.03533203533203
p028,2,28,0.1265,0.3395,20,42,0.0204081632653061,0.0,55.87166837166837
p028,2,29,0.134,0.3165,18,35,0.0,0.0,45.03294503294503
p028,2,30,0.136,0.3425,20,44,0.0,0.0,58.73070873070873
p028,2,31,0.128,0.3275,22,39,0.0408163265306122,0.02,53.3986733986734
p028,2,32,0.1164999999999999,0.3355,24,47,0.0,0.02,72.73523523523525
p028,2,33,0.1175,0.3185,18,42,0.0,0.0,57.73567523567524
p028,2,34,0.128,0.315,22,41,0.0,0.02,61.97593197593198
p028,2,35,0.118,0.316,23,42,0.0408163265306122,0.04,61.30603130603131
p028,2,36,0.118,0.3125,22,43,0.0204081632653061,0.04,62.93843293843293
p028,2,37,0.1175,0.318,20,38,0.0,0.0,57.41942491942493
p028,2,38,0.112,0.3245,19,42,0.0408163265306122,0.08,48.656238656238656
p028,2,39,0.131,0.324,18,42,0.0,0.0,53.97083897083897
p028,2,40,0.1355,0.3575,21,42,0.0612244897959183,0.06,44.34764434764437
p028,2,41,0.128,0.326,19,42,0.0408163265306122,0.0,52.1039721039721
p028,2,42,0.1275,0.3155,21,42,0.0204081632653061,0.02,58.56507606507606
p028,2,43,0.1245,0.3005,20,41,0.0204081632653061,0.02,57.11785961785963
p028,2,44,0.119,0.3025,20,41,0.0612244897959183,0.04,51.61342661342663
p028,2,45,0.133,0.2965,19,40,0.0204081632653061,0.0,53.68329868329869
p028,2,46,0.128,0.3435,20,43,0.0204081632653061,0.0,56.39617639617639
p028,2,47,0.119,0.3135,19,39,0.0204081632653061,0.0,54.03287903287904
p029,1,0,0.089,0.301,19,39,0.0204081632653061,0.06,56.871431871431874
p029,1,1,0.0885,0.2955,17,43,0.0612244897959183,0.08,51.293573793573806
p029,1,2,0.096,0.3165,18,39,0.0,0.08,51.8013618013618
p029,1,3,0.1,0.336,20,40,0.1020408163265306,0.22,33.77696377696377
p029,1,4,0.088,0.324,20,42,0.0204081632653061,0.02,64.73803473803474
p029,1,5,0.096,0.288,21,46,0.0408163265306122,0.02,71.56508156508157
p029,1,6,0.096,0.316,16,38,0.0816326530612244,0.12,32.57994257994259
p029,1,7,0.088,0.288,19,37,0.0204081632653061,0.04,57.6985776985777
p029,1,8,0.092,0.308,21,43,0.0,0.04,69.57935957935958
p029,1,9,0.088,0.324,17,44,0.0204081632653061,0.06,56.455576455576455
p029,1,10,0.096,0.336,22,43,0.0,0.04,68.20512820512819
p029,1,11,0.096,0.332,18,34,0.0612244897959183,0.14,31.141141141141144
p029,1,12,0.092,0.332,19,46,0.0204081632653061,0.08,60.17655017655017
p029,1,13,0.08,0.304,18,41,0.0204081632653061,0.06,58.897138897138895
p029,1,14,0.088,0.3,18,39,0.0612244897959183,0.1,46.363066363066366
p029,1,15,0.088,0.356,18,44,0.0408163265306122,0.04,55.10422510422512
p029,1,16,0.08,0.304,21,41,0.0204081632653061,0.0,71.59555159555161
p029,1,17,0.092,0.332,18,42,0.0408163265306122,0.04,53.99014399014399
p029,1,18,0.088,0.324,18,38,0.0816326530612244,0.0,49.55691955691956
p029,1,19,0.08,0.292,21,43,0.1020408163265306,0.1,56.57778657778656
p029,1,20,0.088,0.312,19,40,0.0408163265306122,0.04,56.761376761376766
p029,1,21,0.088,0.312,18,41,0.0816326530612244,0.08,47.1968671968672
p029,1,22,0.092,0.317,21,42,0.1224489795918367,0.02,54.96254496254497
p029,1,23,0.096,0.316,18,43,0.0816326530612244,0.12,43.75210375210376
p029,1,24,0.092,0.304,16,34,0.0408163265306122,0.08,38.07092807092808
p029,1,25,0.096,0.316,21,47,0.0408163265306122,0.08,64.4887744887745
p029,1,26,0.096,0.304,17,38,0.0204081632653061,0.04,50.71236071236071
p029,1,27,0.088,0.304,17,41,0.0816326530612244,0.16,38.20930820930822
p029,1,28,0.088,0.336,22,40,0.0,0.02,68.11558811558811
p029,1,29,0.08,0.304,19,38,0.0408163265306122,0.0,60.60654060654061
p029,1,30,0.088,0.272,19,37,0.2448979591836734,0.0,48.71816871816872
p029,1,31,0.096,0.312,15,37,0.0816326530612244,0.14,29.84643984643985
p029,1,32,0.096,0.32,18,44,0.0,0.04,61.564971564971565
p029,1,33,0.088,0.3399999999999999,21,48,0.0,0.04,72.45674245674246
p029,1,34,0.096,0.328,19,42,0.0,0.06,58.72916872916873
p029,1,35,0.092,0.288,18,46,0.0408163265306122,0.0,67.22645722645724
p029,1,36,0.088,0.312,20,42,0.0408163265306122,0.02,63.55828355828356
p029,1,37,0.088,0.296,17,44,0.0612244897959183,0.14,47.0890670890671
p029,1,38,0.088,0.324,23,47,0.0204081632653061,0.08,72.73559273559273
p029,1,39,0.0,0.039,14,23,0.5714285714285714,0.04,46.2962962962963
p029,1,40,0.092,0.292,20,40,0.1836734693877551,0.02,50.13904013904013
p029,1,41,0.096,0.3359999999999999,18,40,0.1632653061224489,0.2,25.205535205535217
p029,1,42,0.096,0.3399999999999999,20,43,0.0204081632653061,0.04,60.661870661870665
p029,1,43,0.088,0.308,20,39,0.0408163265306122,0.04,58.26067826067827
p029,1,44,0.1,0.288,17,41,0.0612244897959183,0.1,44.890274890274895
p029,1,45,0.088,0.312,21,44,0.0612244897959183,0.08,60.56683056683057
p029,1,46,0.08,0.312,21,36,0.2244897959183673,0.02,48.24692824692824
p029,1,47,0.088,0.308,23,43,0.0,0.0,78.99734899734901
p029,1,48,0.088,0.304,22,41,0.0408163265306122,0.08,62.28338228338228
p029,1,49,0.088,0.2995,21,39,0.1224489795918367,0.18,39.005709005709015
p029,1,50,0.096,0.3045,18,42,0.0612244897959183,0.08,49.70585970585972
p029,2,0,0.088,0.288,16,39,0.1836734693877551,0.14,29.574849574849576
p029,2,1,0.096,0.324,21,46,0.0816326530612244,0.02,63.1995731995732
p029,2,2,0.088,0.32,20,46,0.0,0.02,72.64759264759266
p029,2,3,0.096,0.4,22,44,0.0,0.06,63.93162393162394
p029,2,4,0.092,0.3,23,42,0.0612244897959183,0.08,63.013453013453024
p029,2,5,0.096,0.316,19,38,0.0612244897959183,0.1,43.95560395560396
p029,2,6,0.088,0.364,23,46,0.0816326530612244,0.04,64.01038401038402
p029,2,7,0.104,0.312,19,38,0.0408163265306122,0.06,48.53589853589855
p029,2,8,0.096,0.3165,18,42,0.0408163265306122,0.08,50.885610885610895
p029,2,9,0.08,0.272,18,30,0.3877551020408163,0.02,42.54397254397254
p029,2,10,0.088,0.308,21,40,0.0408163265306122,0.04,61.92368192368193
p029,2,11,0.096,0.3645,19,45,0.0,0.0,64.47722447722448
p029,2,12,0.088,0.352,18,48,0.0204081632653061,0.04,61.731731731731735
p029,2,13,0.096,0.3279999999999999,24,43,0.0,0.04,71.3868813868814
p029,2,14,0.092,0.32,16,37,0.0612244897959183,0.1,36.08267608267609
p029,2,15,0.0915,0.328,19,44,0.0204081632653061,0.1,56.28004378004377
p029,2,16,0.096,0.364,22,46,0.0,0.0,72.95218295218295
p029,2,17,0.096,0.316,20,44,0.0204081632653061,0.0,68.05002805002805
p029,2,18,0.096,0.328,20,42,0.0408163265306122,0.0,61.903771903771904
p029,2,19,0.092,0.344,22,45,0.0204081632653061,0.04,68.53985853985854
p029,2,20,0.088,0.404,18,46,0.0204081632653061,0.06,56.4957264957265
p029,2,21,0.092,0.36,22,41,0.0408163265306122,0.06,57.57724757724758
p029,2,22,0.096,0.32,21,44,0.0612244897959183,0.12,54.15756415756417
p029,2,23,0.088,0.3,22,39,0.0816326530612244,0.04,59.06147906147907
p029,2,24,0.088,0.348,21,43,0.1020408163265306,0.08,50.91927091927092
p029,2,25,0.096,0.368,17,35,0.0612244897959183,0.1,30.142340142340142
p029,2,26,0.096,0.328,20,38,0.0408163265306122,0.0,56.77556677556678
p029,2,27,0.096,0.316,19,40,0.0,0.02,61.06997106997107
p029,2,28,0.092,0.3,22,43,0.0408163265306122,0.06,66.14735614735615
p029,2,29,0.096,0.312,20,42,0.0204081632653061,0.02,64.03447403447403
p029,2,30,0.104,0.324,19,42,0.0816326530612244,0.14,40.2935902935903
p029,2,31,0.096,0.3399999999999999,17,36,0.0204081632653061,0.08,40.84095084095085
p029,2,32,0.096,0.372,23,46,0.0612244897959183,0.18,50.72281072281073
p029,2,33,0.096,0.392,22,45,0.0408163265306122,0.06,60.451770451770464
p029,2,34,0.096,0.328,22,44,0.0204081632653061,0.06,66.05517605517606
p029,2,35,0.096,0.304,22,45,0.0816326530612244,0.1,58.89306889306891
p029,2,36,0.096,0.32,19,43,0.0204081632653061,0.04,60.28292028292029
p029,2,37,0.088,0.3035,20,44,0.0204081632653061,0.04,67.50233750233751
p029,2,38,0.088,0.288,19,30,0.2040816326530612,0.26,26.603746603746604
p029,2,39,0.092,0.352,24,48,0.0612244897959183,0.14,58.66294866294867
p029,2,40,0.088,0.292,19,33,0.0204081632653061,0.04,53.45202345202346
p029,2,41,0.0995,0.32,23,40,0.0,0.0,71.21189871189871
p029,2,42,0.088,0.276,16,37,0.1224489795918367,0.16,28.741048741048733
p029,2,43,0.096,0.368,20,49,0.0408163265306122,0.06,58.75446875446875
p029,2,44,0.096,0.308,21,42,0.0204081632653061,0.0,68.66767866767869
p029,2,45,0.092,0.328,19,42,0.0612244897959183,0.02,56.24239624239625
p029,2,46,0.096,0.296,22,41,0.0,0.02,71.4968814968815
p029,2,47,0.0839999999999999,0.28,20,40,0.1224489795918367,0.08,50.07040007040009
p029,2,48,0.088,0.316,20,42,0.1224489795918367,0.1,46.22666622666623
p029,2,49,0.088,0.312,17,37,0.0408163265306122,0.06,46.30146630146631
p029,2,50,0.104,0.308,21,45,0.0204081632653061,0.02,68.75721875721875
p029,2,51,0.096,0.304,21,40,0.0408163265306122,0.04,60.41932041932043
p030,1,0,0.0755,0.296,13,24,0.3673469387755102,0.42,21.63627913627914
p030,1,1,0.0945,0.322,17,37,0.0408163265306122,0.04,45.604698104698095
p030,1,2,0.088,0.3225,19,43,0.0408163265306122,0.04,59.55647955647956
p030,1,3,0.083,0.3265,20,43,0.0204081632653061,0.04,65.10846010846011
p030,1,4,0.0895,0.316,21,44,0.0204081632653061,0.02,70.12674762674764
p030,1,5,0.095,0.35,25,46,0.0204081632653061,0.08,67.18427218427219
p030,1,6,0.096,0.289,15,39,0.0612244897959183,0.0,50.05676005676006
p030,1,7,0.0825,0.3115,18,39,0.0204081632653061,0.06,54.9870474870475
p030,1,8,0.0835,0.303,21,43,0.0,0.04,72.10366960366959
p030,1,9,0.083,0.312,17,41,0.0612244897959183,0.14,42.83178783178784
p030,1,10,0.088,0.3215,22,44,0.0,0.08,69.13968913968914
p030,1,11,0.0854999999999999,0.2945,18,41,0.0408163265306122,0.08,54.30576180576183
p030,1,12,0.086,0.295,21,46,0.0204081632653061,0.04,73.77443377443379
p030,1,13,0.0895,0.3255,18,39,0.0408163265306122,0.1,45.83432333432334
p030,1,14,0.0945,0.3295,18,42,0.0204081632653061,0.06,54.17425667425668
p030,1,15,0.0895,0.3125,19,43,0.0612244897959183,0.1,52.26382976382977
p030,1,16,0.094,0.317,20,42,0.0408163265306122,0.1,54.22180422180421
p030,1,17,0.091,0.3205,18,37,0.0408163265306122,0.02,50.82098582098582
p030,1,18,0.088,0.3225,18,44,0.0408163265306122,0.08,54.753874753874754
p030,1,19,0.0875,0.3305,18,38,0.0612244897959183,0.0,51.406268906268906
p030,1,20,0.098,0.2995,21,46,0.0,0.04,72.84779284779285
p030,1,21,0.095,0.283,18,42,0.0612244897959183,0.02,57.651662651662654
p030,1,22,0.0925,0.317,19,39,0.0204081632653061,0.02,58.14020064020064
p030,1,23,0.0955,0.2945,21,43,0.0816326530612244,0.1,55.01801251801253
p030,1,24,0.0935,0.2965,19,43,0.0408163265306122,0.06,58.99770649770651
p030,1,25,0.0895,0.2804999999999999,21,45,0.0204081632653061,0.04,73.11050061050064
p030,1,26,0.095,0.3435,18,40,0.0204081632653061,0.08,48.23785323785325
p030,1,27,0.088,0.2995,16,43,0.0408163265306122,0.0,58.41962841962842
p030,1,28,0.0945,0.3035,21,41,0.0,0.02,68.72232122232121
p030,1,29,0.093,0.32,19,40,0.0204081632653061,0.08,53.447348447348446
p030,1,30,0.093,0.304,21,42,0.0408163265306122,0.02,65.54956054956055
p030,1,31,0.094,0.2865,20,43,0.0,0.04,68.87436887436887
p030,1,32,0.089,0.2785,19,45,0.0,0.06,69.19694419694419
p030,1,33,0.093,0.3155,20,42,0.0408163265306122,0.12,52.758197758197774
p030,1,34,0.094,0.28,18,41,0.0,0.02,64.05086405086404
p030,1,35,0.082,0.2915,19,45,0.0612244897959183,0.06,62.419452419452426
p030,1,36,0.094,0.3085,20,41,0.0204081632653061,0.02,63.57896357896359
p030,1,37,0.083,0.287,17,40,0.0816326530612244,0.18,37.96758296758298
p030,1,38,0.0935,0.288,22,48,0.0204081632653061,0.02,78.2042757042757
p030,1,39,0.0905,0.3005,20,42,0.0612244897959183,0.16,48.77028127028128
p030,1,40,0.089,0.3055,18,45,0.0,0.02,67.81699281699282
p030,1,41,0.094,0.308,18,43,0.0408163265306122,0.04,57.1984071984072
p030,1,42,0.0895,0.304,22,41,0.0204081632653061,0.04,68.01089551089552
p030,1,43,0.0915,0.31,17,42,0.0204081632653061,0.08,52.60769010769011
p030,1,44,0.0925,0.3435,20,45,0.0612244897959183,0.16,47.835940335940336
p030,1,45,0.0925,0.3565,22,45,0.0612244897959183,0.1,56.852099352099366
p030,1,46,0.096,0.291,20,44,0.0204081632653061,0.0,70.55253055253056
p030,1,47,0.09,0.3355,24,41,0.0816326530612244,0.12,52.569382569382576
p030,1,48,0.0865,0.281,27,48,0.0204081632653061,0.04,81.1007436007436
p030,1,49,0.0955,0.2935,17,41,0.0816326530612244,0.14,39.32649682649683
p030,2,0,0.09,0.3065,17,47,0.0612244897959183,0.06,56.81538681538683
p030,2,1,0.0854999999999999,0.3025,21,39,0.0204081632653061,0.04,64.1683716683717
p030,2,2,0.0845,0.3165,21,47,0.0204081632653061,0.08,69.55777205777206
p030,2,3,0.087,0.28,19,41,0.0612244897959183,0.14,49.844514844514855
p030,2,4,0.0925,0.3055,23,43,0.0408163265306122,0.12,62.3031548031548
p030,2,5,0.0955,0.3255,20,40,0.0,0.0,64.47087197087197
p030,2,6,0.099,0.3215,21,42,0.0,0.0,68.98299398299399
p030,2,7,0.085,0.4155,22,45,0.0204081632653061,0.04,67.3036223036223
p030,2,8,0.0805,0.4085,18,38,0.0,0.06,50.4059829059829
p030,2,9,0.084,0.388,20,42,0.0204081632653061,0.0,62.63736263736264
p030,2,10,0.0805,0.381,18,37,0.0,0.04,50.975783475783466
p030,2,11,0.0805,0.349,16,38,0.0204081632653061,0.0,51.22108372108372
p030,2,12,0.0845,0.382,21,42,0.0,0.0,67.28021978021978
p030,2,13,0.0835,0.3665,21,38,0.0204081632653061,0.02,58.80795630795631
p030,2,14,0.0905,0.4235,20,45,0.0,0.0,67.31684981684981
p030,2,15,0.087,0.3805,24,49,0.0,0.02,76.005291005291
p030,2,16,0.0925,0.3975,19,40,0.0816326530612244,0.08,41.11823361823362
p030,2,17,0.0835,0.408,21,47,0.0408163265306122,0.04,65.46296296296298
p030,2,18,0.083,0.4165,21,45,0.0,0.06,65.92796092796094
p030,2,19,0.088,0.3975,19,45,0.0204081632653061,0.0,63.150183150183146
p030,2,20,0.082,0.4345,23,42,0.0204081632653061,0.04,66.55270655270655
p030,2,21,0.087,0.4054999999999999,20,45,0.0204081632653061,0.04,62.06552706552706
p030,2,22,0.081,0.3675,20,42,0.1020408163265306,0.1,45.11913011913011
p030,2,23,0.082,0.4515,21,43,0.0816326530612244,0.04,55.92999592999593
p030,2,24,0.0795,0.354,17,31,0.0408163265306122,0.0,45.83047333047333
p030,2,25,0.0795,0.3635,21,41,0.0408163265306122,0.06,57.82213532213533
p030,2,26,0.085,0.44,18,37,0.0,0.0,53.608058608058606
p030,2,27,0.086,0.4435,22,44,0.0,0.02,70.01628001628002
p030,2,28,0.078,0.3715,21,42,0.0204081632653061,0.04,62.8933328933329
p030,2,29,0.0925,0.355,20,41,0.0,0.0,63.51425601425603
p030,2,30,0.0915,0.3535,19,41,0.0,0.0,61.52154902154902
p030,2,31,0.0925,0.317,22,42,0.0204081632653061,0.02,69.12921162921164
p030,2,32,0.0865,0.3015,23,42,0.0816326530612244,0.12,58.08817058817059
p030,2,33,0.09,0.3125,25,49,0.0204081632653061,0.06,75.26240526240527
p030,2,34,0.0885,0.3165,17,41,0.0,0.06,55.62207812207813
p030,2,35,0.0885,0.3145,20,44,0.0612244897959183,0.1,55.96472846472847
p030,2,36,0.0885,0.2905,19,40,0.0816326530612244,0.12,46.62516912516913
p030,2,37,0.091,0.313,23,41,0.0204081632653061,0.0,72.83750783750783
p030,2,38,0.098,0.3195,19,37,0.0204081632653061,0.06,50.31262031262031
p030,2,39,0.0895,0.3115,22,39,0.0204081632653061,0.06,62.84419034419036
p030,2,40,0.0995,0.352,18,42,0.1224489795918367,0.12,33.27121077121077
p030,2,41,0.091,0.3065,17,42,0.0204081632653061,0.04,56.78079178079179
p030,2,42,0.0885,0.307,21,40,0.0408163265306122,0.12,54.49732699732701
p030,2,43,0.0905,0.332,19,46,0.0408163265306122,0.08,58.152740652740654
p030,2,44,0.0985,0.329,15,40,0.1020408163265306,0.14,29.014701514701503
p030,2,45,0.092,0.3075,21,44,0.0,0.02,72.76331276331278
p030,2,46,0.0865,0.3389999999999999,21,40,0.0204081632653061,0.04,61.55867405867407
p030,2,47,0.098,0.327,20,40,0.0204081632653061,0.02,59.492679492679486
p030,2,48,0.0895,0.3305,21,40,0.0612244897959183,0.04,56.93333443333444
p030,2,49,0.1,0.312,20,44,0.0612244897959183,0.12,51.62503162503163
p030,2,50,0.098,0.323,20,40,0.0204081632653061,0.06,56.18937618937618
p031,1,0,0.0985,0.311,17,35,0.0408163265306122,0.08,39.48561198561199
p031,1,1,0.1015,0.3255,18,45,0.0204081632653061,0.02,60.45784795784795
p031,1,2,0.084,0.2885,19,43,0.0204081632653061,0.04,66.2932162932163
p031,1,3,0.0965,0.299,21,36,0.0,0.0,64.13817663817663
p031,1,4,0.094,0.301,20,45,0.0816326530612244,0.08,56.75950675950677
p031,1,5,0.085,0.3675,20,44,0.1428571428571428,0.16,36.413391413391416
p031,1,6,0.1015,0.3095,17,43,0.0204081632653061,0.06,53.41069091069091
p031,1,7,0.089,0.321,20,47,0.0204081632653061,0.0,73.06234806234808
p031,1,8,0.0895,0.3555,18,43,0.0408163265306122,0.06,51.66322916322917
p031,1,9,0.094,0.3695,19,42,0.0612244897959183,0.14,40.50094050094051
p031,1,10,0.094,0.2975,21,44,0.0,0.02,73.2881232881233
p031,1,11,0.0865,0.3035,19,44,0.0204081632653061,0.06,63.62667612667613
p031,1,12,0.092,0.3395,19,35,0.0,0.0,55.11159511159512
p031,1,13,0.083,0.35,17,39,0.0204081632653061,0.04,50.48504548504548
p031,1,14,0.1005,0.3359999999999999,18,45,0.0408163265306122,0.08,51.70838420838422
p031,1,15,0.0905,0.3255,21,41,0.0,0.06,63.76879626879626
p031,1,16,0.08,0.3315,18,40,0.0816326530612244,0.08,45.86762586762587
p031,1,17,0.0854999999999999,0.395,19,45,0.0408163265306122,0.06,55.80891330891333
p031,1,18,0.078,0.276,19,43,0.0816326530612244,0.0,65.53388553388554
p031,1,19,0.0895,0.3,20,43,0.0816326530612244,0.04,59.07063657063657
p031,1,20,0.081,0.2815,20,44,0.0816326530612244,0.06,62.37649737649739
p031,1,21,0.0795,0.292,18,38,0.0204081632653061,0.0,61.92678942678943
p031,1,22,0.023,0.114,16,27,0.5102040816326531,0.0,50.0
p031,1,23,0.091,0.2705,16,39,0.0408163265306122,0.08,48.07263307263307
p031,1,24,0.0895,0.292,21,45,0.0,0.04,74.34030184030185
p031,1,25,0.085,0.3335,19,42,0.0612244897959183,0.14,46.24740124740125
p031,1,26,0.085,0.283,16,42,0.0408163265306122,0.0,59.50351450351451
p031,1,27,0.0905,0.3005,20,44,0.0204081632653061,0.04,67.20739970739972
p031,1,28,0.088,0.3415,21,39,0.0,0.04,62.05018205018205
p031,1,29,0.0905,0.3595,19,42,0.0204081632653061,0.06,54.504587004587016
p031,1,30,0.0955,0.332,17,42,0.0408163265306122,0.04,50.77585827585827
p031,1,31,0.097,0.376,17,39,0.0612244897959183,0.1,34.53194953194954
p031,1,32,0.117,0.337,19,44,0.0,0.0,60.947925947925945
p031,1,33,0.1,0.3535,17,41,0.0,0.0,54.735834735834736
p031,1,34,0.113,0.3235,19,44,0.0816326530612244,0.08,46.320441320441326
p031,1,35,0.0985,0.3335,19,41,0.0204081632653061,0.0,59.47593197593198
p031,1,36,0.1065,0.367,18,43,0.0,0.0,56.78191928191928
p031,1,37,0.0915,0.339,20,41,0.0816326530612244,0.12,44.71903221903222
p031,1,38,0.0825,0.2895,20,40,0.1428571428571428,0.0,54.50304700304701
p031,1,39,0.085,0.307,15,32,0.0408163265306122,0.04,43.140998140998136
p031,1,40,0.102,0.3735,21,42,0.0408163265306122,0.04,54.647944647944655
p031,1,41,0.1,0.3045,19,39,0.0204081632653061,0.02,57.60573760573761
p031,1,42,0.102,0.33,21,46,0.0204081632653061,0.04,66.46140646140645
p031,1,43,0.0985,0.4335,21,43,0.0816326530612244,0.08,48.29772079772081
p031,1,44,0.0854999999999999,0.31,21,43,0.0204081632653061,0.04,68.54582604582608
p031,1,45,0.093,0.314,25,44,0.0204081632653061,0.08,68.6999636999637
p031,1,46,0.099,0.329,26,48,0.0,0.02,77.55255255255254
p031,1,47,0.1065,0.3525,20,43,0.0204081632653061,0.0,60.61432311432312
p031,2,0,0.1075,0.3485,17,39,0.0816326530612244,0.12,30.25159775159776
p031,2,1,0.114,0.3485,21,44,0.0408163265306122,0.06,54.95550495550496
p031,2,2,0.089,0.347,21,48,0.0204081632653061,0.04,69.13699413699415
p031,2,3,0.086,0.388,21,45,0.0204081632653061,0.0,68.38827838827838
p031,2,4,0.088,0.31,20,43,0.0204081632653061,0.04,65.56963556963557
p031,2,5,0.0895,0.3429999999999999,23,44,0.0204081632653061,0.04,70.33409783409785
p031,2,6,0.089,0.371,17,41,0.0,0.0,55.60313060313061
p031,2,7,0.085,0.4105,18,39,0.0204081632653061,0.04,50.087505087505086
p031,2,8,0.0775,0.501,20,43,0.0612244897959183,0.08,53.29772079772081
p031,2,9,0.115,0.633,20,38,0.1428571428571428,0.06,30.28693528693529
p031,2,10,0.125,0.531,18,41,0.0,0.04,45.50875050875052
p031,2,11,0.1005,0.3895,17,42,0.1020408163265306,0.12,30.93101343101343
p031,2,12,0.1225,0.403,20,43,0.0,0.02,55.28184778184777
p031,2,13,0.0965,0.3025,20,38,0.0204081632653061,0.0,61.59002409002409
p031,2,14,0.0965,0.3025,19,44,0.0,0.0,69.2823317823318
p031,2,15,0.101,0.3605,23,47,0.0,0.02,73.92320892320893
p031,2,16,0.1015,0.3585,20,43,0.0204081632653061,0.02,59.35234685234686
p031,2,17,0.106,0.3325,21,44,0.1020408163265306,0.04,53.17086317086317
p031,2,18,0.0975,0.3855,19,44,0.0408163265306122,0.08,49.81786731786732
p031,2,19,0.092,0.327,20,46,0.0612244897959183,0.1,56.44424644424645
p031,2,20,0.087,0.322,19,37,0.0204081632653061,0.0,58.23697323697324
p031,2,21,0.087,0.327,21,44,0.0204081632653061,0.04,67.76903276903278
p031,2,22,0.0795,0.325,22,39,0.0612244897959183,0.02,62.81559031559032
p031,2,23,0.079,0.35,19,44,0.1020408163265306,0.08,49.38207438207439
p031,2,24,0.0955,0.3255,18,35,0.0612244897959183,0.06,40.6002981002981
p031,2,25,0.093,0.368,20,39,0.0204081632653061,0.0,57.14885214885215
p031,2,26,0.1015,0.3585,18,37,0.0,0.0,51.13093863093864
p031,2,27,0.1125,0.342,21,42,0.1836734693877551,0.02,45.19813769813769
p031,2,28,0.105,0.3435,21,42,0.0204081632653061,0.0,62.97126797126797
p031,2,29,0.0975,0.327,19,39,0.0,0.0,60.18152768152768
p031,2,30,0.096,0.321,20,43,0.0,0.0,68.64842864842865
p031,2,31,0.106,0.3955,22,42,0.0204081632653061,0.02,60.30932030932032
p031,2,32,0.0849999999999999,0.317,21,41,0.0408163265306122,0.06,61.1672661672662
p031,2,33,0.0905,0.303,23,48,0.0408163265306122,0.06,73.71335621335622
p031,2,34,0.0965,0.308,20,43,0.0,0.04,66.12697862697863
p031,2,35,0.084,0.3355,19,40,0.0204081632653061,0.0,61.44606144606144
p031,2,36,0.0895,0.3265,25,47,0.0204081632653061,0.0,79.53560703560704
p031,2,37,0.0905,0.307,20,36,0.0408163265306122,0.08,50.21568271568271
p031,2,38,0.0785,0.2955,22,39,0.1020408163265306,0.02,61.24473374473374
p031,2,39,0.0815,0.2825,16,28,0.3265306122448979,0.32,21.559059059059063
p031,2,40,0.092,0.3495,18,42,0.0,0.0,60.70400070400071
p031,2,41,0.1055,0.356,20,42,0.0816326530612244,0.04,48.37345587345589
p031,2,42,0.0885,0.3125,21,47,0.0204081632653061,0.02,74.56134706134706
p031,2,43,0.0935,0.3145,20,42,0.0408163265306122,0.02,61.9985094985095
p031,2,44,0.111,0.369,21,42,0.0204081632653061,0.02,57.138292138292144
p031,2,45,0.107,0.3385,21,44,0.0408163265306122,0.04,59.47502447502448
p031,2,46,0.104,0.329,17,39,0.0408163265306122,0.02,47.05804705804706
p031,2,47,0.105,0.37,21,44,0.0816326530612244,0.14,42.77689777689778
p031,2,48,0.112,0.3944999999999999,21,44,0.0204081632653061,0.0,60.91575091575092
p032,1,0,0.083,0.372,16,29,0.1836734693877551,0.22,12.24295724295724
p032,1,1,0.087,0.4325,15,41,0.0204081632653061,0.0,51.11721611721612
p032,1,2,0.095,0.4045,17,38,0.0204081632653061,0.0,47.74725274725275
p032,1,3,0.084,0.3755,21,38,0.0,0.0,62.27106227106227
p032,1,4,0.092,0.36,20,43,0.0408163265306122,0.0,60.93500093500094
p032,1,5,0.0815,0.336,20,43,0.0408163265306122,0.02,63.98555148555149
p032,1,6,0.087,0.3505,19,42,0.0408163265306122,0.0,59.413424413424416
p032,1,7,0.086,0.361,19,40,0.0,0.0,60.798270798270806
p032,1,8,0.0849999999999999,0.3975,17,40,0.0,0.0,55.073260073260094
p032,1,9,0.088,0.4044999999999999,22,44,0.0,0.0,71.39194139194139
p032,1,10,0.095,0.394,18,41,0.0408163265306122,0.06,46.03785103785104
p032,1,11,0.089,0.3715,18,36,0.0,0.0,51.523776523776526
p032,1,12,0.091,0.3775,17,38,0.0,0.0,51.08058608058607
p032,1,13,0.088,0.404,18,43,0.0204081632653061,0.0,58.20512820512821
p032,1,14,0.0825,0.3555,20,43,0.0204081632653061,0.04,62.32460482460482
p032,1,15,0.089,0.38,18,41,0.0408163265306122,0.0,53.02197802197802
p032,1,16,0.088,0.404,18,39,0.0408163265306122,0.0,50.69597069597071
p032,1,17,0.088,0.35,20,42,0.0204081632653061,0.0,63.987283987284
p032,1,18,0.088,0.3585,18,41,0.0408163265306122,0.0,54.71152471152472
p032,1,19,0.087,0.358,19,38,0.0408163265306122,0.0,53.534468534468544
p032,1,20,0.08,0.386,21,47,0.0204081632653061,0.0,72.3809523809524
p032,1,21,0.084,0.3705,16,32,0.0,0.0,45.48834548834549
p032,1,22,0.088,0.3555,20,47,0.0,0.0,72.22794222794222
p032,1,23,0.0854999999999999,0.393,18,42,0.0408163265306122,0.02,53.28551078551081
p032,1,24,0.088,0.3505,17,39,0.0,0.0,55.329175329175335
p032,1,25,0.088,0.4545,21,41,0.0,0.02,63.312983312983306
p032,1,26,0.083,0.3605,20,42,0.0,0.0,66.50766150766151
p032,1,27,0.0865,0.3495,17,40,0.0204081632653061,0.0,54.6875171875172
p032,1,28,0.092,0.3245,18,43,0.0204081632653061,0.04,58.4038984038984
p032,1,29,0.091,0.372,20,44,0.0,0.0,66.01585101585103
p032,1,30,0.0895,0.389,17,42,0.0204081632653061,0.04,50.48127798127798
p032,1,31,0.0895,0.357,18,41,0.0408163265306122,0.0,54.50453200453202
p032,1,32,0.0875,0.4145,18,41,0.0204081632653061,0.0,55.76007326007326
p032,1,33,0.091,0.3945,18,42,0.0,0.0,58.58974358974359
p032,1,34,0.084,0.4535,21,41,0.0,0.04,62.413512413512414
p032,1,35,0.0895,0.3665,18,46,0.0204081632653061,0.04,58.64108614108614
p032,1,36,0.0915,0.3495,20,44,0.0204081632653061,0.0,65.76810326810327
p032,1,37,0.084,0.329,18,39,0.0408163265306122,0.0,56.05275605275605
p032,1,38,0.085,0.3585,16,37,0.0,0.0,50.297605297605294
p032,1,39,0.0915,0.3905,23,46,0.0408163265306122,0.0,70.74175824175823
p032,1,40,0.0895,0.3665,20,42,0.0204081632653061,0.0,61.97848947848948
p032,1,41,0.0905,0.401,25,41,0.0,0.04,65.62779812779813
p032,1,42,0.092,0.3675,22,44,0.0,0.0,70.99011099011099
p032,1,43,0.084,0.3725,19,39,0.0204081632653061,0.0,56.46030646030646
p032,2,0,0.0854999999999999,0.334,17,44,0.0408163265306122,0.0,59.22441672441676
p032,2,1,0.0895,0.386,19,35,0.0,0.0,52.35347985347986
p032,2,2,0.088,0.376,21,45,0.0,0.0,70.29304029304029
p032,2,3,0.0885,0.4,22,43,0.0,0.0,69.9908424908425
p032,2,4,0.0945,0.383,21,40,0.0,0.02,60.48331298331298
p032,2,5,0.0845,0.367,23,44,0.0,0.0,75.2068277068277
p032,2,6,0.091,0.336,18,40,0.0,0.0,59.72934472934472
p032,2,7,0.083,0.382,19,36,0.0,0.0,55.18315018315018
p032,2,8,0.086,0.384,19,38,0.0612244897959183,0.06,44.33455433455435
p032,2,9,0.0835,0.367,18,41,0.0,0.0,59.69400719400719
p032,2,10,0.083,0.3815,17,44,0.0204081632653061,0.0,58.2967032967033
p032,2,11,0.081,0.377,23,44,0.0,0.0,75.43956043956044
p032,2,12,0.082,0.332,16,35,0.0408163265306122,0.04,42.63483263483264
p032,2,13,0.083,0.4085,21,45,0.0,0.0,71.48351648351648
p032,2,14,0.083,0.3735,24,43,0.0,0.02,71.82946682946682
p032,2,15,0.0845,0.345,19,42,0.0408163265306122,0.0,60.55921305921307
p032,2,16,0.0765,0.3115,18,42,0.0204081632653061,0.02,63.96547646547646
p032,2,17,0.0835,0.386,20,42,0.0204081632653061,0.0,62.756410256410255
p032,2,18,0.078,0.3515,19,41,0.0,0.0,64.93603493603494
p032,2,19,0.0775,0.366,20,43,0.0204081632653061,0.0,66.16773366773367
p032,2,20,0.081,0.3155,22,41,0.0612244897959183,0.0,67.82535282535282
p032,2,21,0.079,0.3914999999999999,19,39,0.1224489795918367,0.06,40.140415140415136
p032,2,22,0.076,0.3225,17,31,0.0408163265306122,0.0,49.816959816959816
p032,2,23,0.0795,0.3345,20,41,0.0204081632653061,0.0,66.28059378059378
p032,2,24,0.08,0.3505,19,38,0.0,0.04,57.010087010087005
p032,2,25,0.084,0.3425,23,45,0.0,0.02,77.2085272085272
p032,2,26,0.083,0.3175,21,42,0.0204081632653061,0.0,70.8119658119658
p032,2,27,0.08,0.3235,20,42,0.0,0.02,69.07379907379907
p032,2,28,0.0815,0.365,23,45,0.0,0.0,77.4033649033649
p032,2,29,0.0815,0.3385,22,44,0.0204081632653061,0.0,74.01206151206149
p032,2,30,0.0785,0.34,21,46,0.0204081632653061,0.0,74.75934725934727
p032,2,31,0.0795,0.3155,22,47,0.0612244897959183,0.1,66.61554411554413
p032,2,32,0.0785,0.3325,21,43,0.0,0.0,74.04489654489655
p032,2,33,0.0785,0.366,21,42,0.0204081632653061,0.0,67.02853952853953
p032,2,34,0.0805,0.3365,24,43,0.0204081632653061,0.02,73.69740619740618
p032,2,35,0.084,0.3215,19,33,0.0,0.0,57.53610753610753
p032,2,36,0.0785,0.3535,20,38,0.0204081632653061,0.04,57.066929566929566
p032,2,37,0.084,0.349,17,43,0.0,0.0,61.55991155991156
p032,2,38,0.08,0.349,19,38,0.0408163265306122,0.0,56.1020361020361
p032,2,39,0.076,0.3175,20,43,0.0408163265306122,0.0,68.99877899877899
p032,2,40,0.079,0.339,21,42,0.0204081632653061,0.0,69.61219461219461
p032,2,41,0.077,0.355,20,39,0.0204081632653061,0.0,62.25967725967726
p032,2,42,0.08,0.315,19,40,0.0408163265306122,0.0,62.06954206954208
p032,2,43,0.086,0.358,22,45,0.0204081632653061,0.02,70.41888041888042
p032,2,44,0.08,0.3429999999999999,21,43,0.0204081632653061,0.0,70.25575025575024
p032,2,45,0.0854999999999999,0.3855,18,37,0.0204081632653061,0.0,51.10805860805864
p033,1,0,0.0805,0.168,20,38,0.0204081632653061,0.04,71.30545380545381
p033,1,1,0.0834999999999999,0.208,16,42,0.1020408163265306,0.12,49.11419661419664
p033,1,2,0.08,0.2,19,38,0.1020408163265306,0.18,46.55677655677656
p033,1,3,0.08,0.192,21,41,0.0408163265306122,0.04,75.27065527065527
p033,1,4,0.08,0.204,20,43,0.0408163265306122,0.06,73.60195360195361
p033,1,5,0.0839999999999999,0.215,20,45,0.0408163265306122,0.12,68.80726880726884
p033,1,6,0.08,0.2,16,40,0.1020408163265306,0.06,53.08913308913309
p033,1,7,0.0805,0.2155,18,36,0.0816326530612244,0.14,46.67642917642917
p033,1,8,0.073,0.1955,21,45,0.0204081632653061,0.06,82.5946275946276
p033,1,9,0.073,0.199,18,40,0.0408163265306122,0.14,59.25315425315424
p033,1,10,0.08,0.2075,22,48,0.0204081632653061,0.08,83.92106392106392
p033,1,11,0.0795,0.2075,19,42,0.1020408163265306,0.18,51.7039292039292
p033,1,12,0.0834999999999999,0.215,20,44,0.0408163265306122,0.12,67.64426514426518
p033,1,13,0.08,0.196,20,43,0.0408163265306122,0.1,69.8982498982499
p033,1,14,0.081,0.176,15,35,0.0612244897959183,0.12,45.647130647130645
p033,1,15,0.08,0.199,20,42,0.0,0.04,78.93365893365893
p033,1,16,0.0875,0.22,18,39,0.1020408163265306,0.2,42.32080982080982
p033,1,17,0.08,0.2035,20,44,0.0,0.04,81.4977614977615
p033,1,18,0.0839999999999999,0.215,19,43,0.1020408163265306,0.18,51.16380116380119
p033,1,19,0.0885,0.212,18,45,0.0204081632653061,0.04,73.06259556259558
p033,1,20,0.08,0.204,21,45,0.0612244897959183,0.1,72.46235246235247
p033,1,21,0.08,0.2125,20,45,0.0204081632653061,0.08,76.0945560945561
p033,1,22,0.088,0.2075,17,41,0.0612244897959183,0.0,65.06473506473507
p033,1,23,0.076,0.208,15,33,0.1020408163265306,0.2,35.08794508794508
p033,1,24,0.088,0.216,20,39,0.0816326530612244,0.08,59.00427900427902
p033,1,25,0.0795,0.1875,18,43,0.0612244897959183,0.12,61.02258852258853
p033,1,26,0.0725,0.192,18,43,0.0204081632653061,0.06,73.00671550671551
p033,1,27,0.088,0.212,20,43,0.0,0.04,77.76039776039777
p033,1,28,0.0915,0.2,17,43,0.0816326530612244,0.1,55.25539275539276
p033,1,29,0.0839999999999999,0.196,18,41,0.0612244897959183,0.04,64.79446479446483
p033,1,30,0.08,0.192,21,44,0.0408163265306122,0.08,75.41310541310541
p033,1,31,0.088,0.208,18,36,0.0,0.02,66.27638627638628
p033,1,32,0.08,0.204,18,41,0.0204081632653061,0.08,66.8050468050468
p033,1,33,0.08,0.184,18,42,0.0612244897959183,0.18,54.06593406593407
p033,1,34,0.08,0.2,15,35,0.0816326530612244,0.18,37.94871794871796
p033,1,35,0.0805,0.2239999999999999,19,44,0.0612244897959183,0.14,60.84389334389335
p033,1,36,0.073,0.1925,20,38,0.0816326530612244,0.18,52.98534798534799
p033,1,37,0.079,0.1885,14,37,0.1428571428571428,0.16,35.45991045991046
p033,1,38,0.0915,0.225,16,40,0.0816326530612244,0.22,39.76902726902728
p033,1,39,0.08,0.192,20,41,0.0816326530612244,0.16,57.01668701668702
p033,1,40,0.08,0.1925,18,42,0.0204081632653061,0.1,66.23524623524624
p033,1,41,0.08,0.2155,20,43,0.0204081632653061,0.02,78.78570878570879
p033,1,42,0.08,0.1915,23,43,0.0204081632653061,0.08,81.27391127391128
p033,1,43,0.08,0.2,18,45,0.0,0.08,74.31420431420432
p033,1,44,0.08,0.208,17,36,0.1020408163265306,0.12,44.63617463617464
p033,1,45,0.08,0.1995,21,41,0.0408163265306122,0.06,73.41880341880342
p033,1,46,0.076,0.192,18,41,0.0204081632653061,0.0,75.16483516483517
p033,1,47,0.0795,0.188,19,43,0.1020408163265306,0.14,56.78978428978428
p033,1,48,0.08,0.212,19,43,0.1224489795918367,0.18,50.03553003553004
p033,1,49,0.08,0.204,21,41,0.0204081632653061,0.04,77.65160765160765
p033,1,50,0.072,0.216,26,47,0.0408163265306122,0.16,77.56756756756756
p033,1,51,0.08,0.176,24,49,0.0204081632653061,0.04,90.10582010582011
p033,2,0,0.0875,0.184,17,43,0.0816326530612244,0.08,58.059625559625566
p033,2,1,0.088,0.2,23,46,0.0408163265306122,0.08,80.83435083435084
p033,2,2,0.08,0.208,16,36,0.2040816326530612,0.32,31.93776193776193
p033,2,3,0.08,0.22,19,44,0.0816326530612244,0.12,60.83424083424083
p033,2,4,0.081,0.216,22,40,0.1020408163265306,0.2,55.07469007469007
p033,2,5,0.087,0.2,20,44,0.0204081632653061,0.06,75.5982905982906
p033,2,6,0.08,0.2195,24,43,0.0204081632653061,0.06,81.82446182446184
p033,2,7,0.0795,0.1915,19,43,0.0408163265306122,0.1,67.63634513634513
p033,2,8,0.088,0.2195,19,42,0.0816326530612244,0.16,52.71172271172272
p033,2,9,0.08,0.176,18,40,0.0204081632653061,0.04,69.22669922669921
p033,2,10,0.0839999999999999,0.176,20,37,0.0204081632653061,0.0,72.89377289377293
p033,2,11,0.088,0.1925,15,38,0.0,0.0,66.08058608058609
p033,2,12,0.088,0.2,18,42,0.0408163265306122,0.06,65.65323565323565
p033,2,13,0.081,0.184,18,41,0.0612244897959183,0.1,59.95319495319495
p033,2,14,0.089,0.207,20,43,0.0204081632653061,0.04,75.64185064185064
p033,2,15,0.0885,0.1955,14,32,0.0816326530612244,0.12,40.1984126984127
p033,2,16,0.0805,0.2245,19,41,0.0816326530612244,0.2,50.86303336303336
p033,2,17,0.088,0.2245,17,38,0.0816326530612244,0.16,42.32111232111233
p033,2,18,0.0839999999999999,0.217,21,44,0.0612244897959183,0.12,67.32501732501737
p033,2,19,0.087,0.2155,19,42,0.1020408163265306,0.06,60.22852522852522
p033,2,20,0.076,0.204,17,40,0.0612244897959183,0.1,57.480667480667485
p033,2,21,0.0875,0.208,18,38,0.1224489795918367,0.24,39.85900735900736
p033,2,22,0.088,0.228,20,47,0.0408163265306122,0.08,72.82139282139282
p033,2,23,0.08,0.192,17,35,0.0816326530612244,0.14,44.03337403337404
p033,2,24,0.082,0.208,21,42,0.0816326530612244,0.14,61.90520190520192
p033,2,25,0.08,0.216,21,46,0.0816326530612244,0.14,66.70879670879673
p033,2,26,0.088,0.2005,21,39,0.1224489795918367,0.06,59.42612942612942
p033,2,27,0.088,0.2145,21,41,0.0612244897959183,0.0,73.88784388784389
p033,2,28,0.08,0.192,20,38,0.0204081632653061,0.02,73.27635327635328
p033,2,29,0.088,0.216,18,45,0.0204081632653061,0.08,69.07753907753907
p033,2,30,0.08,0.184,19,40,0.0204081632653061,0.04,71.6076516076516
p033,2,31,0.08,0.2165,19,37,0.1428571428571428,0.22,39.51181951181951
p033,2,32,0.08,0.212,16,39,0.0816326530612244,0.16,44.37822437822439
p033,2,33,0.0805,0.2075,21,44,0.0612244897959183,0.1,70.96115346115347
p033,2,34,0.08,0.192,17,37,0.0612244897959183,0.1,52.68213268213268
p033,2,35,0.08,0.1965,22,43,0.0612244897959183,0.1,72.2792022792023
p033,2,36,0.076,0.1875,21,42,0.0816326530612244,0.16,61.63207163207164
p033,2,37,0.0839999999999999,0.184,21,41,0.0612244897959183,0.06,70.08547008547012
p033,2,38,0.0795,0.208,19,38,0.1428571428571428,0.24,41.76376926376926
p033,2,39,0.079,0.195,21,46,0.0408163265306122,0.08,78.21530321530322
p033,2,40,0.08,0.1965,20,43,0.0816326530612244,0.12,63.28449328449329
p033,2,41,0.088,0.192,19,42,0.0408163265306122,0.06,68.03418803418805
p033,2,42,0.088,0.2155,25,46,0.0816326530612244,0.1,73.31969331969333
p033,2,43,0.08,0.208,20,33,0.1020408163265306,0.16,45.51122551122551
p033,2,44,0.0875,0.208,20,41,0.0612244897959183,0.1,63.01733051733052
p033,2,45,0.0875,0.208,19,38,0.0816326530612244,0.14,50.705568205568206
p033,2,46,0.0755,0.192,19,42,0.0204081632653061,0.04,75.24318274318276
p033,2,47,0.096,0.2115,23,48,0.0204081632653061,0.06,83.94394394394395
p033,2,48,0.0849999999999999,0.2095,20,46,0.0204081632653061,0.0,83.8938388938389
p033,2,49,0.088,0.2125,20,46,0.0612244897959183,0.06,72.56179256179257
p033,2,50,0.1,0.216,20,40,0.0204081632653061,0.04,68.27574827574828
p033,2,51,0.0825,0.192,21,43,0.0816326530612244,0.1,66.92205942205942
p033,2,52,0.08,0.184,20,40,0.0204081632653061,0.0,77.69230769230768
p033,2,53,0.08,0.192,20,37,0.1020408163265306,0.08,56.9149369149369
p033,2,54,0.08,0.216,21,43,0.0,0.02,83.4975634975635
p034,1,0,0.1025,0.2595,17,35,0.0816326530612244,0.1,37.07462957462958
p034,1,1,0.1085,0.2675,16,42,0.0816326530612244,0.08,43.2905157905158
p034,1,2,0.109,0.275,17,37,0.0816326530612244,0.12,34.68770968770969
p034,1,3,0.1005,0.262,19,40,0.1224489795918367,0.16,38.15527065527065
p034,1,4,0.0955,0.275,15,30,0.1836734693877551,0.22,18.976476476476478
p034,1,5,0.106,0.277,19,42,0.0612244897959183,0.04,56.162316162316166
p034,1,6,0.117,0.3105,22,46,0.0612244897959183,0.1,56.90542190542191
p034,1,7,0.1115,0.264,17,45,0.0204081632653061,0.0,63.7039512039512
p034,1,8,0.106,0.273,21,46,0.0612244897959183,0.08,62.74912274912276
p034,1,9,0.111,0.301,19,43,0.0,0.04,60.994345994346
p034,1,10,0.116,0.284,24,46,0.0,0.04,74.87553487553488
p034,1,11,0.121,0.2875,19,42,0.0408163265306122,0.06,52.06893706893707
p034,1,12,0.112,0.2975,16,38,0.1020408163265306,0.16,24.53761453761453
p034,1,13,0.109,0.309,19,39,0.0816326530612244,0.14,36.75846175846176
p034,1,14,0.1055,0.2475,17,38,0.0204081632653061,0.04,54.1061116061116
p034,1,15,0.106,0.2415,19,38,0.0204081632653061,0.0,63.05327305327305
p034,1,16,0.112,0.2785,20,45,0.0,0.0,71.65726165726166
p034,1,17,0.106,0.269,18,32,0.1428571428571428,0.12,27.394537394537394
p034,1,18,0.101,0.257,16,39,0.1020408163265306,0.1,38.04832304832304
p034,1,19,0.1035,0.273,18,36,0.1020408163265306,0.1,36.767234267234265
p034,1,20,0.101,0.273,18,41,0.0816326530612244,0.1,46.15368115368116
p034,1,21,0.106,0.2615,22,43,0.0408163265306122,0.04,68.51972851972853
p034,1,22,0.101,0.259,17,39,0.1632653061224489,0.16,29.911614911614908
p034,1,23,0.102,0.2585,19,40,0.0204081632653061,0.02,63.016203016203015
p034,1,24,0.106,0.284,22,47,0.0204081632653061,0.02,75.62848562848563
p034,1,25,0.106,0.272,17,37,0.0204081632653061,0.04,50.25256025256025
p034,1,26,0.1115,0.294,21,48,0.0204081632653061,0.06,67.23330473330473
p034,1,27,0.101,0.279,17,40,0.0408163265306122,0.0,55.91124091124092
p034,1,28,0.111,0.274,15,38,0.0408163265306122,0.08,41.67832667832668
p034,1,29,0.106,0.294,22,43,0.0204081632653061,0.06,65.7955757955758
p034,1,30,0.0985,0.283,17,37,0.0612244897959183,0.14,36.91600941600942
p034,1,31,0.1085,0.283,18,43,0.0408163265306122,0.06,54.3966768966769
p034,1,32,0.1165,0.2965,21,43,0.0,0.0,68.60088110088111
p034,1,33,0.1095,0.266,17,40,0.0,0.0,59.95063745063745
p034,1,34,0.107,0.2804999999999999,23,45,0.0,0.02,77.93854293854297
p034,1,35,0.101,0.273,16,40,0.0816326530612244,0.1,40.10972510972512
p034,1,36,0.1035,0.259,19,44,0.0204081632653061,0.0,69.58906708906709
p034,1,37,0.106,0.2905,18,42,0.0204081632653061,0.0,60.8956208956209
p034,1,38,0.108,0.2905,18,43,0.0,0.08,56.67502667502668
p034,1,39,0.106,0.278,21,39,0.0,0.02,65.97267597267597
p034,1,40,0.107,0.3235,17,42,0.1020408163265306,0.18,28.782793782793775
p034,1,41,0.101,0.2585,13,31,0.0816326530612244,0.1,33.86886886886888
p034,1,42,0.1065,0.275,21,42,0.0204081632653061,0.0,69.47098197098198
p034,1,43,0.101,0.2695,19,40,0.0204081632653061,0.02,62.15319715319715
p034,1,44,0.106,0.2815,21,44,0.0408163265306122,0.08,61.71512171512172
p034,1,45,0.106,0.2725,22,43,0.0612244897959183,0.0,68.74137874137875
p034,1,46,0.106,0.2825,21,44,0.0408163265306122,0.1,59.76316976316977
p034,1,47,0.1035,0.269,22,42,0.0,0.0,75.54777304777305
p034,1,48,0.106,0.267,21,37,0.1020408163265306,0.12,43.34565334565334
p034,2,0,0.1045,0.278,18,45,0.0408163265306122,0.04,60.26551276551277
p034,2,1,0.101,0.2745,21,42,0.0204081632653061,0.06,65.27500027500027
p034,2,2,0.093,0.2435,17,37,0.2040816326530612,0.24,28.951973951973955
p034,2,3,0.098,0.249,23,47,0.0,0.02,85.79865579865582
p034,2,4,0.117,0.275,23,45,0.0,0.02,76.10814110814111
p034,2,5,0.105,0.292,19,38,0.0612244897959183,0.08,46.06700106700108
p034,2,6,0.1055,0.291,22,44,0.0612244897959183,0.1,59.03136653136654
p034,2,7,0.106,0.2675,19,37,0.0,0.02,59.69771969771969
p034,2,8,0.106,0.285,20,44,0.0,0.04,67.44942744942746
p034,2,9,0.1065,0.2755,21,38,0.0204081632653061,0.02,62.44087494087494
p034,2,10,0.107,0.2675,15,39,0.0408163265306122,0.08,44.56340956340957
p034,2,11,0.106,0.27,19,41,0.0204081632653061,0.0,64.04657404657404
p034,2,12,0.107,0.28,18,41,0.0408163265306122,0.06,52.49001749001749
p034,2,13,0.117,0.2815,19,38,0.0,0.0,58.81117381117381
p034,2,14,0.107,0.269,18,39,0.0816326530612244,0.08,44.41325941325943
p034,2,15,0.117,0.3025,20,44,0.0204081632653061,0.08,56.993971993972
p034,2,16,0.112,0.291,24,47,0.0204081632653061,0.06,72.17646217646218
p034,2,17,0.1115,0.256,19,42,0.0204081632653061,0.02,63.56865106865107
p034,2,18,0.1065,0.273,19,41,0.0408163265306122,0.02,59.394421894421896
p034,2,19,0.106,0.307,21,48,0.0408163265306122,0.08,63.008723008723
p034,2,20,0.107,0.2955,18,43,0.0816326530612244,0.12,43.18510818510819
p034,2,21,0.117,0.2925,21,40,0.0408163265306122,0.04,56.57047157047157
p034,2,22,0.112,0.274,23,47,0.0612244897959183,0.06,69.11625911625912
p034,2,23,0.101,0.2655,20,37,0.1020408163265306,0.02,51.56458656458656
p034,2,24,0.101,0.2885,21,43,0.0816326530612244,0.06,58.01279301279303
p034,2,25,0.107,0.2515,18,31,0.0408163265306122,0.0,51.92406692406692
p034,2,26,0.114,0.258,20,42,0.0408163265306122,0.06,59.069509069509074
p034,2,27,0.1085,0.2765,17,38,0.1224489795918367,0.16,27.473049973049967
p034,2,28,0.102,0.254,19,39,0.1632653061224489,0.22,33.08407308407308
p034,2,29,0.106,0.261,22,44,0.0,0.02,76.46558646558645
p034,2,30,0.1085,0.2925,20,46,0.0408163265306122,0.08,60.2019327019327
p034,2,31,0.107,0.2755,19,39,0.0816326530612244,0.12,42.43985743985745
p034,2,32,0.106,0.2625,20,44,0.0408163265306122,0.06,63.08792308792309
p034,2,33,0.117,0.305,21,41,0.0204081632653061,0.0,62.68592768592769
p034,2,34,0.1165,0.2795,21,41,0.0408163265306122,0.04,59.272871772871774
p034,2,35,0.117,0.293,22,49,0.0204081632653061,0.04,70.25668525668527
p034,2,36,0.117,0.288,20,41,0.0,0.02,62.535777535777534
p034,2,37,0.111,0.2745,17,38,0.1428571428571428,0.18,22.84520784520784
p034,2,38,0.112,0.282,22,41,0.1020408163265306,0.12,47.92473792473792
p034,2,39,0.0985,0.279,24,43,0.0204081632653061,0.0,77.01929951929951
p034,2,40,0.117,0.2945,17,32,0.0,0.0,47.61976261976262
p034,2,41,0.095,0.2345,17,26,0.2653061224489796,0.28,25.53053053053053
p034,2,42,0.111,0.2675,17,39,0.0204081632653061,0.0,55.78034078034077
p034,2,43,0.104,0.2635,18,47,0.0612244897959183,0.04,62.019162019162025
p034,2,44,0.107,0.28,22,44,0.0204081632653061,0.02,71.94463694463694
p034,2,45,0.111,0.281,18,44,0.0816326530612244,0.04,52.373637373637386
p034,2,46,0.112,0.276,20,43,0.0612244897959183,0.12,51.08944108944109
p034,2,47,0.111,0.2585,21,42,0.0408163265306122,0.04,63.96654896654897
p034,2,48,0.109,0.306,21,46,0.0612244897959183,0.04,62.43523743523745
p034,2,49,0.113,0.2655,17,40,0.0408163265306122,0.04,50.7017457017457
p034,2,50,0.117,0.2935,19,45,0.0612244897959183,0.1,50.18221518221518
p034,2,51,0.111,0.2625,22,43,0.0204081632653061,0.0,73.31380831380831
p035,1,0,0.056,0.2304999999999999,9,18,0.3673469387755102,0.42,30.93093093093094
p035,1,1,0.067,0.253,16,27,0.3673469387755102,0.34,27.96439296439296
p035,1,2,0.067,0.292,15,30,0.2040816326530612,0.22,24.06048906048906
p035,1,3,0.067,0.2755,17,46,0.0204081632653061,0.0,74.43008943008944
p035,1,4,0.067,0.2695,17,41,0.0204081632653061,0.0,68.62043362043362
p035,1,5,0.067,0.281,20,39,0.0,0.02,72.57713757713758
p035,1,6,0.068,0.225,20,37,0.0,0.02,75.38054538054537
p035,1,7,0.056,0.258,15,42,0.0204081632653061,0.0,69.38696938696938
p035,1,8,0.056,0.247,19,38,0.0204081632653061,0.02,70.65087065087064
p035,1,9,0.067,0.264,22,43,0.0204081632653061,0.06,78.0842930842931
p035,1,10,0.0565,0.247,19,42,0.0408163265306122,0.0,75.24997524997525
p035,1,11,0.067,0.281,20,41,0.1428571428571428,0.16,45.511610511610506
p035,1,12,0.0565,0.259,16,41,0.0204081632653061,0.02,66.15296615296616
p035,1,13,0.056,0.2755,21,47,0.0204081632653061,0.0,85.95023595023594
p035,1,14,0.062,0.2585,16,38,0.1428571428571428,0.18,33.25633325633326
p035,1,15,0.056,0.276,18,40,0.0612244897959183,0.08,57.613657613657615
p035,1,16,0.056,0.326,23,46,0.0,0.02,84.90413490413489
p035,1,17,0.073,0.2755,18,40,0.0612244897959183,0.1,53.66899866899868
p035,1,18,0.056,0.281,17,39,0.1020408163265306,0.16,41.28084128084127
p035,1,19,0.056,0.2695,19,40,0.0,0.0,75.19552519552519
p035,1,20,0.056,0.213,17,32,0.1428571428571428,0.16,36.91548691548692
p035,1,21,0.056,0.247,17,41,0.0816326530612244,0.08,57.03670703670704
p035,1,22,0.0505,0.247,15,28,0.3061224489795918,0.38,29.27927927927928
p035,1,23,0.056,0.287,19,34,0.1020408163265306,0.14,40.88374088374088
p035,1,24,0.056,0.2585,17,41,0.0204081632653061,0.02,68.58396858396858
p035,1,25,0.0665,0.2805,20,39,0.0408163265306122,0.02,67.9843304843305
p035,1,26,0.067,0.298,22,45,0.0408163265306122,0.08,73.01218801218802
p035,1,27,0.0565,0.264,19,38,0.1224489795918367,0.1,49.63699963699963
p035,1,28,0.0725,0.2815,18,40,0.0816326530612244,0.08,52.65834515834516
p035,1,29,0.057,0.2645,20,38,0.0408163265306122,0.02,68.89911889911889
p035,1,30,0.057,0.248,17,41,0.0204081632653061,0.1,62.22761222761222
p035,1,31,0.062,0.32,18,41,0.0612244897959183,0.12,50.78760078760079
p035,1,32,0.067,0.359,20,43,0.0,0.02,69.8975348975349
p035,1,33,0.056,0.2975,16,41,0.0408163265306122,0.0,61.77001177001177
p035,1,34,0.068,0.298,20,44,0.0204081632653061,0.08,69.11108911108911
p035,1,35,0.056,0.3375,20,38,0.0,0.0,68.20556820556818
p035,1,36,0.057,0.2695,20,44,0.0204081632653061,0.0,80.32373032373033
p035,1,37,0.056,0.281,15,37,0.1020408163265306,0.18,34.48393448393448
p035,1,38,0.067,0.326,18,42,0.0204081632653061,0.04,62.92407792407792
p035,1,39,0.067,0.281,19,45,0.0,0.0,79.74034474034474
p035,1,40,0.0665,0.304,17,41,0.0,0.0,67.66698016698017
p035,1,41,0.056,0.2865,17,44,0.0816326530612244,0.08,56.92890692890695
p035,1,42,0.056,0.2755,19,41,0.0204081632653061,0.0,73.49602349602351
p035,1,43,0.056,0.2815,20,45,0.0,0.04,79.08182908182907
p035,1,44,0.056,0.3595,22,45,0.0,0.04,76.03592603592604
p035,1,45,0.067,0.303,22,43,0.0,0.02,80.26504526504527
p035,1,46,0.056,0.292,14,32,0.0204081632653061,0.02,53.87530387530387
p035,1,47,0.056,0.2585,21,41,0.0204081632653061,0.0,79.95962995962996
p035,1,48,0.056,0.3205,14,32,0.2040816326530612,0.3,21.92192192192192
p035,1,49,0.056,0.247,17,40,0.0612244897959183,0.08,58.13560813560815
p035,1,50,0.056,0.3205,24,48,0.0612244897959183,0.06,75.89017589017591
p035,1,51,0.056,0.253,18,37,0.0204081632653061,0.0,68.23911823911824
p035,1,52,0.056,0.258,26,43,0.0,0.04,86.01293601293601
p035,1,53,0.056,0.242,22,38,0.1632653061224489,0.2,49.19369919369919
p035,1,54,0.056,0.2415,20,31,0.1836734693877551,0.22,39.35363935363935
p035,1,55,0.056,0.349,19,39,0.0204081632653061,0.0,63.57456357456358
p035,2,0,0.056,0.213,14,31,0.2040816326530612,0.22,32.68268268268269
p035,2,1,0.067,0.326,19,45,0.0408163265306122,0.08,63.06652806652807
p035,2,2,0.067,0.2695,20,45,0.0,0.02,81.42059642059642
p035,2,3,0.056,0.27,20,39,0.0816326530612244,0.12,55.60945560945561
p035,2,4,0.056,0.332,23,45,0.0,0.02,83.02148302148304
p035,2,5,0.056,0.3095,18,37,0.1224489795918367,0.2,34.01203401203401
p035,2,6,0.062,0.31,25,45,0.0204081632653061,0.04,80.990880990881
p035,2,7,0.056,0.338,19,36,0.0204081632653061,0.0,60.82951082951083
p035,2,8,0.079,0.371,18,38,0.0,0.0,56.51888151888152
p035,2,9,0.067,0.314,20,34,0.0816326530612244,0.1,45.93236093236093
p035,2,10,0.0844999999999999,0.3595,18,39,0.0816326530612244,0.12,37.00763950763954
p035,2,11,0.067,0.282,20,45,0.0204081632653061,0.04,75.93654093654094
p035,2,12,0.068,0.3935,18,46,0.0408163265306122,0.08,57.02482702482703
p035,2,13,0.067,0.337,25,45,0.0204081632653061,0.06,75.72204072204072
p035,2,14,0.0785,0.303,15,34,0.0204081632653061,0.0,51.17367367367368
p035,2,15,0.0565,0.3145,23,45,0.0204081632653061,0.1,74.98487498487499
p035,2,16,0.056,0.276,23,45,0.0,0.0,90.47894047894049
p035,2,17,0.056,0.2475,19,40,0.0204081632653061,0.04,71.31307131307132
p035,2,18,0.056,0.275,18,44,0.0408163265306122,0.02,70.77847077847078
p035,2,19,0.062,0.2985,20,45,0.0408163265306122,0.04,72.61822261822262
p035,2,20,0.056,0.276,20,44,0.0,0.0,82.05403205403205
p035,2,21,0.056,0.2525,20,43,0.0408163265306122,0.06,72.8068728068728
p035,2,22,0.056,0.275,23,47,0.0408163265306122,0.04,84.67753467753467
p035,2,23,0.0555,0.2865,20,40,0.0816326530612244,0.02,64.4991144991145
p035,2,24,0.067,0.3715,21,42,0.0408163265306122,0.02,64.98327998327999
p035,2,25,0.056,0.3145,18,32,0.0408163265306122,0.0,55.85585585585586
p035,2,26,0.067,0.292,17,34,0.0816326530612244,0.12,39.139854139854144
p035,2,27,0.056,0.281,20,46,0.0,0.04,80.41393041393042
p035,2,28,0.067,0.2645,22,45,0.0204081632653061,0.06,80.59834559834559
p035,2,29,0.056,0.2475,20,43,0.0204081632653061,0.0,81.24388124388125
p035,2,30,0.045,0.236,19,36,0.0,0.0,73.42067342067341
p035,2,31,0.056,0.292,21,42,0.0204081632653061,0.04,74.18462418462418
p035,2,32,0.045,0.258,23,39,0.1428571428571428,0.16,53.10695310695312
p035,2,33,0.056,0.264,22,43,0.0204081632653061,0.02,82.5022825022825
p035,2,34,0.056,0.2804999999999999,23,49,0.0,0.02,90.74074074074076
p035,2,35,0.067,0.292,22,43,0.0204081632653061,0.04,77.13334213334214
p035,2,36,0.0785,0.2975,17,40,0.0816326530612244,0.1,45.39536789536791
p035,2,37,0.068,0.325,26,49,0.0204081632653061,0.04,81.10110110110111
p035,2,38,0.067,0.258,18,33,0.0,0.0,65.55913055913055
p035,2,39,0.067,0.281,22,39,0.0204081632653061,0.04,73.10623810623811
p035,2,40,0.0555,0.236,16,29,0.2244897959183673,0.26,30.380380380380377
p035,2,41,0.057,0.2925,20,45,0.0204081632653061,0.08,71.8960718960719
p035,2,42,0.067,0.292,18,37,0.1224489795918367,0.14,38.75320375320374
p035,2,43,0.056,0.27,20,48,0.0408163265306122,0.02,79.88702988702988
p035,2,44,0.056,0.2415,20,43,0.0408163265306122,0.0,79.46352946352947
p035,2,45,0.057,0.287,21,42,0.0204081632653061,0.0,78.3888283888284
p035,2,46,0.056,0.2695,21,44,0.0816326530612244,0.06,70.00627000627001
p035,2,47,0.056,0.264,17,37,0.0408163265306122,0.02,60.52426052426052
p035,2,48,0.0675,0.2865,20,44,0.0204081632653061,0.02,75.93684343684343
p035,2,49,0.062,0.303,22,46,0.0612244897959183,0.1,70.27522027522029
p035,2,50,0.055,0.2865,18,36,0.1428571428571428,0.2,32.65133265133265
p036,1,0,0.096,0.2425,16,35,0.0612244897959183,0.12,38.47209847209848
p036,1,1,0.106,0.265,17,44,0.0204081632653061,0.02,61.77947177947178
p036,1,2,0.096,0.2535,17,40,0.0204081632653061,0.0,62.035222035222034
p036,1,3,0.096,0.2575,23,39,0.0612244897959183,0.08,62.46917246917247
p036,1,4,0.096,0.253,19,39,0.1632653061224489,0.16,36.46459646459647
p036,1,5,0.0965,0.2465,20,45,0.0408163265306122,0.0,73.7890362890363
p036,1,6,0.0935,0.253,17,45,0.0408163265306122,0.06,61.154258654258655
p036,1,7,0.1015,0.291,23,48,0.0408163265306122,0.06,72.2955097955098
p036,1,8,0.096,0.3095,17,40,0.0816326530612244,0.14,36.32379632379633
p036,1,9,0.091,0.3115,17,41,0.0,0.04,57.379192379192375
p036,1,10,0.096,0.2645,23,46,0.0,0.04,81.5893915893916
p036,1,11,0.096,0.264,17,37,0.1224489795918367,0.2,28.566588566588564
p036,1,12,0.091,0.275,18,42,0.0816326530612244,0.12,47.76463276463277
p036,1,13,0.096,0.2755,20,41,0.0,0.0,70.63888063888065
p036,1,14,0.096,0.2575,19,40,0.0204081632653061,0.0,66.3967263967264
p036,1,15,0.096,0.297,20,42,0.0612244897959183,0.08,55.21851521851522
p036,1,16,0.0935,0.2525,21,39,0.0816326530612244,0.12,52.71835021835023
p036,1,17,0.092,0.283,18,42,0.0816326530612244,0.14,44.87388487388488
p036,1,18,0.096,0.3445,21,46,0.0612244897959183,0.06,59.82476982476984
p036,1,19,0.096,0.29,21,43,0.0408163265306122,0.0,69.37057937057936
p036,1,20,0.101,0.2835,20,41,0.0408163265306122,0.04,60.181995181995184
p036,1,21,0.101,0.269,17,38,0.0204081632653061,0.0,56.72909172909173
p036,1,22,0.101,0.2865,20,38,0.0408163265306122,0.0,59.73924473924475
p036,1,23,0.096,0.2765,18,41,0.0,0.0,65.77687577687577
p036,1,24,0.096,0.316,21,45,0.0,0.04,70.39028039028038
p036,1,25,0.096,0.3105,16,33,0.1020408163265306,0.12,25.621335621335614
p036,1,26,0.096,0.2585,16,40,0.1020408163265306,0.08,42.22255222255222
p036,1,27,0.091,0.269,20,41,0.0,0.0,72.48000748000749
p036,1,28,0.096,0.3,19,39,0.0,0.0,63.241373241373246
p036,1,29,0.101,0.266,20,41,0.0204081632653061,0.02,66.16655116655117
p036,1,30,0.0985,0.257,19,41,0.0816326530612244,0.1,50.73147323147322
p036,1,31,0.096,0.2715,17,44,0.0408163265306122,0.08,55.57326557326558
p036,1,32,0.101,0.3075,21,43,0.0408163265306122,0.08,59.02094402094402
p036,1,33,0.102,0.316,18,41,0.0,0.06,54.83879483879485
p036,1,34,0.096,0.2475,20,46,0.0408163265306122,0.02,73.23818323818324
p036,1,35,0.101,0.305,19,40,0.0204081632653061,0.0,60.45149545149545
p036,1,36,0.099,0.278,18,42,0.0,0.0,66.19449119449119
p036,1,37,0.0995,0.283,22,43,0.0,0.02,74.52895202895203
p036,1,38,0.096,0.289,18,43,0.0,0.02,65.23787523787523
p036,1,39,0.096,0.2725,15,42,0.0816326530612244,0.12,42.06250206250207
p036,1,40,0.101,0.2795,21,41,0.0204081632653061,0.0,69.04800404800403
p036,1,41,0.0854999999999999,0.259,18,40,0.0612244897959183,0.06,56.04816354816358
p036,1,42,0.0955,0.274,22,48,0.0,0.02,81.51043901043901
p036,1,43,0.091,0.284,22,42,0.1020408163265306,0.08,57.71029271029271
p036,1,44,0.096,0.268,24,44,0.0,0.02,80.52679052679052
p036,1,45,0.096,0.2865,22,42,0.0,0.0,75.58173558173559
p036,1,46,0.0985,0.3085,22,45,0.0816326530612244,0.14,54.143676643676656
p036,1,47,0.0915,0.258,18,38,0.0612244897959183,0.06,52.15558965558967
p036,2,0,0.107,0.2915,16,40,0.0816326530612244,0.14,33.12559812559814
p036,2,1,0.104,0.313,20,44,0.0816326530612244,0.1,50.04345004345006
p036,2,2,0.107,0.3275,18,45,0.0,0.02,61.32907632907634
p036,2,3,0.101,0.2555,22,45,0.0,0.0,81.34051634051634
p036,2,4,0.1145,0.2855,20,42,0.0,0.0,66.51516901516901
p036,2,5,0.104,0.2875,24,44,0.0,0.02,76.67007667007668
p036,2,6,0.096,0.2635,18,42,0.0,0.0,68.36022836022836
p036,2,7,0.107,0.281,19,39,0.0204081632653061,0.04,56.43957143957144
p036,2,8,0.106,0.282,19,40,0.1224489795918367,0.14,36.69559669559669
p036,2,9,0.1035,0.2925,21,42,0.0204081632653061,0.02,66.58166408166409
p036,2,10,0.109,0.278,20,47,0.0,0.04,71.28199628199629
p036,2,11,0.104,0.319,18,47,0.0408163265306122,0.06,56.99270699270699
p036,2,12,0.1115,0.2865,20,39,0.1224489795918367,0.16,34.18267168267168
p036,2,13,0.098,0.2855,22,38,0.0204081632653061,0.02,65.84463584463585
p036,2,14,0.104,0.2705,20,45,0.0204081632653061,0.04,68.27816827816828
p036,2,15,0.093,0.328,22,43,0.0816326530612244,0.1,54.640849640849645
p036,2,16,0.0965,0.292,20,42,0.1020408163265306,0.18,41.57880407880408
p036,2,17,0.1095,0.2995,19,43,0.0612244897959183,0.06,52.50693000693002
p036,2,18,0.096,0.272,21,44,0.0,0.02,75.36448536448536
p036,2,19,0.107,0.3325,21,45,0.0204081632653061,0.02,65.5904805904806
p036,2,20,0.0985,0.2725,21,42,0.0,0.02,72.15509465509466
p036,2,21,0.101,0.2785,21,44,0.0204081632653061,0.04,69.29055429055428
p036,2,22,0.099,0.28,22,44,0.0408163265306122,0.0,73.32029832029832
p036,2,23,0.0965,0.301,21,40,0.0816326530612244,0.02,57.6905201905202
p036,2,24,0.1015,0.2705,17,31,0.0408163265306122,0.0,48.95073645073645
p036,2,25,0.097,0.265,20,41,0.0204081632653061,0.0,69.07088407088408
p036,2,26,0.107,0.2685,18,37,0.0,0.0,58.83042383042383
p036,2,27,0.1015,0.2765,22,44,0.0,0.02,75.98546348546347
p036,2,28,0.1065,0.2765,20,42,0.1020408163265306,0.12,46.3049588049588
p036,2,29,0.096,0.274,19,40,0.0612244897959183,0.0,59.98316998316998
p036,2,30,0.096,0.2815,19,41,0.0,0.0,67.65732765732766
p036,2,31,0.1115,0.2895,21,42,0.0204081632653061,0.0,66.82905432905433
p036,2,32,0.096,0.2835,19,41,0.0408163265306122,0.06,57.13966713966715
p036,2,33,0.102,0.264,22,48,0.0,0.0,82.81567281567281
p036,2,34,0.1065,0.274,21,41,0.0,0.0,70.66998316998318
p036,2,35,0.096,0.278,17,38,0.0612244897959183,0.08,44.84935484935485
p036,2,36,0.1015,0.2895,26,45,0.0204081632653061,0.02,75.96621346621346
p036,2,37,0.104,0.2965,18,30,0.0,0.0,52.8957528957529
p036,2,38,0.1015,0.269,23,40,0.0,0.0,75.84081334081334
p036,2,39,0.102,0.2455,19,41,0.0204081632653061,0.0,67.45140745140746
p036,2,40,0.104,0.31,22,46,0.0204081632653061,0.04,70.36817036817035
p036,2,41,0.103,0.2955,20,47,0.0408163265306122,0.0,69.90061490061491
p036,2,42,0.096,0.2925,19,42,0.0408163265306122,0.0,63.07637307637308
p036,2,43,0.0985,0.281,21,41,0.0204081632653061,0.0,69.493091993092
p036,2,44,0.096,0.2545,22,45,0.0408163265306122,0.02,76.017336017336
p036,2,45,0.091,0.2575,16,37,0.0204081632653061,0.0,56.5981915981916
p036,2,46,0.1095,0.278,20,46,0.0204081632653061,0.0,71.20364870364871
p036,2,47,0.101,0.2645,22,39,0.0816326530612244,0.08,55.81609081609082
p037,1,0,0.0975,0.293,17,31,0.1224489795918367,0.12,27.015944515944515
p037,1,1,0.0,0.034,8,11,0.7755102040816326,0.78,33.333333333333336
p037,1,2,0.1105,0.3725,16,41,0.0204081632653061,0.02,43.72017622017623
p037,1,3,0.1185,0.367,18,39,0.0204081632653061,0.04,42.71191521191522
p037,1,4,0.11,0.3345,19,35,0.3061224489795918,0.18,17.993047993047995
p037,1,5,0.102,0.359,17,36,0.1224489795918367,0.16,18.1983081983082
p037,1,6,0.118,0.3545,21,44,0.0612244897959183,0.06,51.02157102157103
p037,1,7,0.135,0.532,21,46,0.0612244897959183,0.1,44.22059422059422
p037,1,8,0.1095,0.374,20,48,0.0408163265306122,0.02,58.74338624338625
p037,1,9,0.1105,0.3515,18,37,0.0816326530612244,0.12,29.05386155386156
p037,1,10,0.117,0.3105,19,41,0.0,0.02,57.9025729025729
p037,1,11,0.0955,0.327,23,43,0.1020408163265306,0.14,50.44200794200793
p037,1,12,0.101,0.295,20,35,0.2653061224489796,0.28,26.470811470811476
p037,1,13,0.119,0.3815,17,36,0.1224489795918367,0.16,12.749287749287747
p037,1,14,0.102,0.2905,19,38,0.1632653061224489,0.18,28.148368148368156
p037,1,15,0.119,0.454,19,40,0.0204081632653061,0.08,41.95156695156695
p037,1,16,0.118,0.3515,17,43,0.0204081632653061,0.1,41.57421157421157
p037,1,17,0.1185,0.3715,20,42,0.1020408163265306,0.1,35.79015829015829
p037,1,18,0.119,0.4145,22,46,0.0204081632653061,0.08,56.78673178673179
p037,1,19,0.118,0.395,19,35,0.0408163265306122,0.04,37.1021571021571
p037,1,20,0.1025,0.377,21,46,0.0,0.04,64.41900691900692
p037,1,21,0.119,0.3465,21,45,0.0612244897959183,0.04,54.71817971817973
p037,1,22,0.118,0.3665,21,44,0.0204081632653061,0.06,54.582274582274586
p037,1,23,0.1185,0.374,19,44,0.0612244897959183,0.02,47.992470492470495
p037,1,24,0.101,0.3145,17,38,0.0408163265306122,0.06,44.23802923802924
p037,1,25,0.1025,0.334,22,40,0.2040816326530612,0.24,33.38192588192589
p037,1,26,0.103,0.319,17,40,0.0,0.0,56.19295119295119
p037,1,27,0.102,0.2945,22,44,0.0,0.02,74.06461406461405
p037,1,28,0.1169999999999999,0.3905,18,35,0.0,0.02,41.57305657305661
p037,1,29,0.118,0.354,18,44,0.0408163265306122,0.04,48.16156816156817
p037,1,30,0.103,0.382,25,42,0.0816326530612244,0.1,48.85429385429386
p037,1,31,0.118,0.455,21,40,0.0408163265306122,0.08,44.57061457061457
p037,1,32,0.103,0.3465,18,41,0.1224489795918367,0.06,37.261932261932266
p037,1,33,0.102,0.3025,17,37,0.1632653061224489,0.18,20.90321090321091
p037,1,34,0.118,0.3425,18,43,0.0204081632653061,0.08,46.70791670791672
p037,1,35,0.118,0.3425,17,36,0.0816326530612244,0.1,26.357896357896365
p037,1,36,0.1175,0.323,23,45,0.0,0.02,71.18428868428869
p037,1,37,0.1175,0.363,18,44,0.0408163265306122,0.06,45.52786302786303
p037,1,38,0.119,0.3785,19,44,0.0204081632653061,0.06,48.93162393162393
p037,1,39,0.1225,0.4595,22,46,0.0408163265306122,0.08,53.57244607244608
p037,1,40,0.119,0.355,19,45,0.0204081632653061,0.06,52.01547701547703
p037,1,41,0.118,0.379,22,45,0.0816326530612244,0.08,48.59991859991862
p037,1,42,0.119,0.4075,20,42,0.0204081632653061,0.08,46.8966218966219
p037,1,43,0.119,0.364,17,40,0.0816326530612244,0.1,29.095854095854104
p037,1,44,0.127,0.4075,19,42,0.0816326530612244,0.12,31.76434676434677
p037,1,45,0.104,0.322,20,40,0.0612244897959183,0.04,51.95085195085196
p037,1,46,0.1025,0.306,18,44,0.0204081632653061,0.1,53.48224598224599
p037,1,47,0.119,0.368,22,46,0.0204081632653061,0.08,57.28723228723229
p037,1,48,0.103,0.359,21,36,0.2857142857142857,0.08,32.510477510477514
p037,1,49,0.118,0.312,21,37,0.0816326530612244,0.14,36.51310651310652
p037,1,50,0.118,0.379,24,38,0.1428571428571428,0.04,38.567358567358575
p037,1,51,0.1015,0.313,18,34,0.2857142857142857,0.04,31.46896896896897
p037,1,52,0.1035,0.3155,23,43,0.0,0.02,72.70427020427022
p037,2,0,0.119,0.349,17,44,0.0816326530612244,0.12,33.873708873708885
p037,2,1,0.103,0.3345,21,43,0.1428571428571428,0.04,47.64099264099264
p037,2,2,0.118,0.367,17,43,0.0612244897959183,0.1,35.26075526075527
p037,2,3,0.103,0.4015,22,43,0.0612244897959183,0.04,55.69190069190071
p037,2,4,0.117,0.3595,20,37,0.1020408163265306,0.18,23.53083853083853
p037,2,5,0.103,0.334,20,40,0.0204081632653061,0.06,53.89779889779891
p037,2,6,0.118,0.418,24,46,0.0204081632653061,0.08,59.40577940577941
p037,2,7,0.109,0.362,18,37,0.1836734693877551,0.0,32.32820732820733
p037,2,8,0.117,0.3775,19,40,0.0,0.02,50.36426536426536
p037,2,9,0.103,0.35,21,39,0.0,0.04,57.62790262790264
p037,2,10,0.119,0.431,19,42,0.0816326530612244,0.18,28.113553113553124
p037,2,11,0.1335,0.463,19,41,0.0408163265306122,0.14,31.844729344729345
p037,2,12,0.118,0.4345,17,39,0.0204081632653061,0.02,41.7012617012617
p037,2,13,0.1175,0.3435,19,36,0.2244897959183673,0.04,29.551447051447045
p037,2,14,0.119,0.454,22,43,0.0408163265306122,0.12,46.855921855921856
p037,2,15,0.118,0.394,17,40,0.0612244897959183,0.16,25.258445258445263
p037,2,16,0.118,0.343,21,44,0.0,0.0,64.87113487113487
p037,2,17,0.118,0.3984999999999999,27,49,0.0,0.06,64.92063492063492
p037,2,18,0.118,0.4225,21,43,0.0204081632653061,0.04,54.5014245014245
p037,2,19,0.102,0.3225,21,43,0.0612244897959183,0.04,58.60409860409862
p037,2,20,0.119,0.3945,20,46,0.0204081632653061,0.08,52.02482702482703
p037,2,21,0.1185,0.399,19,43,0.1020408163265306,0.14,30.83740333740333
p037,2,22,0.103,0.3295,20,38,0.0612244897959183,0.08,45.170390170390185
p037,2,23,0.1175,0.3505,21,45,0.0408163265306122,0.04,57.05587455587456
p037,2,24,0.102,0.323,22,42,0.0408163265306122,0.0,65.73760573760573
p037,2,25,0.118,0.4615,18,37,0.2040816326530612,0.04,25.380545380545385
p037,2,26,0.1035,0.346,18,36,0.0612244897959183,0.02,41.62923912923913
p037,2,27,0.1035,0.3295,18,31,0.0816326530612244,0.1,30.928428428428436
p037,2,28,0.119,0.4115,20,43,0.0204081632653061,0.08,48.17867317867319
p037,2,29,0.118,0.3345,19,41,0.1020408163265306,0.12,34.09805409805409
p037,2,30,0.1175,0.418,21,43,0.1428571428571428,0.22,27.371794871794872
p037,2,31,0.118,0.402,20,42,0.0204081632653061,0.0,54.54212454212455
p037,2,32,0.1105,0.367,21,43,0.0204081632653061,0.06,55.03588753588755
p037,2,33,0.1185,0.362,21,40,0.1632653061224489,0.12,29.944202444202457
p037,2,34,0.1185,0.406,23,44,0.0,0.06,60.95543345543346
p037,2,35,0.119,0.3675,22,44,0.0612244897959183,0.02,55.56683056683058
p037,2,36,0.103,0.3735,22,45,0.0408163265306122,0.06,58.78510378510379
p037,2,37,0.1169999999999999,0.371,24,43,0.1632653061224489,0.08,41.71220671220674
p037,2,38,0.0985,0.3275,17,34,0.3469387755102041,0.18,15.387887887887883
p037,2,39,0.118,0.418,22,47,0.0204081632653061,0.08,58.3068783068783
p037,2,40,0.118,0.367,19,41,0.0612244897959183,0.08,39.31040931040932
p037,2,41,0.118,0.3465,23,40,0.0204081632653061,0.0,61.77353177353178
p037,2,42,0.117,0.349,20,32,0.0,0.02,47.45531245531245
p037,2,43,0.118,0.414,23,41,0.0,0.04,59.08017908017908
p037,2,44,0.123,0.3785,20,45,0.0204081632653061,0.06,51.64224664224665
p037,2,45,0.119,0.3825,21,46,0.0204081632653061,0.0,61.81318681318681
p037,2,46,0.1195,0.4225,23,47,0.0612244897959183,0.08,55.56878306878309
p037,2,47,0.118,0.338,20,45,0.0612244897959183,0.04,53.42617342617342
p037,2,48,0.117,0.359,21,43,0.0204081632653061,0.06,54.28906928906929
p037,2,49,0.119,0.363,20,42,0.0408163265306122,0.08,45.51667051667052
p037,2,50,0.1405,0.4545,21,44,0.1020408163265306,0.22,29.487179487179485
p037,2,51,0.134,0.461,19,42,0.0204081632653061,0.22,31.68498168498169
p037,2,52,0.134,0.4385,23,44,0.0204081632653061,0.1,51.18030118030117
p037,2,53,0.118,0.3665,21,43,0.0,0.02,59.38487938487939
p037,2,54,0.128,0.429,20,36,0.0204081632653061,0.1,35.20960520960521
p038,1,0,0.08,0.2,16,32,0.0612244897959183,0.12,44.60317460317461
p038,1,1,0.072,0.208,16,42,0.0816326530612244,0.1,56.0850960850961
p038,1,2,0.08,0.232,12,28,0.2040816326530612,0.3,26.971256971256967
p038,1,3,0.08,0.232,18,41,0.0408163265306122,0.04,65.57524557524557
p038,1,4,0.088,0.212,19,38,0.1224489795918367,0.18,41.72051172051172
p038,1,5,0.08,0.22,20,43,0.0408163265306122,0.02,75.95430595430595
p038,1,6,0.076,0.22,21,46,0.0408163265306122,0.02,83.13379313379313
p038,1,7,0.072,0.216,19,46,0.0816326530612244,0.12,65.70350570350571
p038,1,8,0.0839999999999999,0.268,21,47,0.0408163265306122,0.04,75.85442585442588
p038,1,9,0.08,0.224,17,41,0.0408163265306122,0.06,62.14324214324216
p038,1,10,0.08,0.248,19,44,0.1020408163265306,0.12,55.65048565048564
p038,1,11,0.096,0.228,20,42,0.0816326530612244,0.12,56.04076604076605
p038,1,12,0.08,0.264,20,39,0.1020408163265306,0.14,48.16772816772816
p038,1,13,0.088,0.224,18,42,0.0,0.02,72.36709236709237
p038,1,14,0.088,0.224,18,39,0.0204081632653061,0.04,64.28813428813429
p038,1,15,0.08,0.216,20,40,0.0408163265306122,0.04,70.65670065670065
p038,1,16,0.08,0.236,21,45,0.0,0.02,84.05966405966406
p038,1,17,0.088,0.228,21,33,0.0204081632653061,0.04,64.62033462033462
p038,1,18,0.0839999999999999,0.216,18,42,0.1020408163265306,0.12,52.95625295625299
p038,1,19,0.08,0.204,19,38,0.0408163265306122,0.02,68.51444851444852
p038,1,20,0.076,0.196,19,41,0.1224489795918367,0.14,52.678062678062666
p038,1,21,0.088,0.2,20,45,0.0408163265306122,0.1,70.55759055759056
p038,1,22,0.088,0.232,16,37,0.0408163265306122,0.0,57.48407748407749
p038,1,23,0.08,0.216,20,42,0.0204081632653061,0.06,73.74990374990375
p038,1,24,0.088,0.236,17,41,0.0204081632653061,0.0,66.97378697378697
p038,1,25,0.088,0.208,18,39,0.0612244897959183,0.08,57.42412742412744
p038,1,26,0.08,0.216,20,43,0.0,0.0,82.96846296846296
p038,1,27,0.072,0.212,17,42,0.0612244897959183,0.04,66.00215600215601
p038,1,28,0.08,0.248,19,41,0.0204081632653061,0.06,66.88369688369689
p038,1,29,0.088,0.212,20,40,0.0408163265306122,0.08,65.44863544863546
p038,1,30,0.08,0.208,19,41,0.0408163265306122,0.0,74.06230406230405
p038,1,31,0.092,0.228,16,39,0.0612244897959183,0.04,53.41154341154342
p038,1,32,0.088,0.22,18,43,0.0204081632653061,0.04,69.81673981673981
p038,1,33,0.088,0.228,19,45,0.0204081632653061,0.04,73.96099396099395
p038,1,34,0.088,0.212,19,43,0.0408163265306122,0.1,65.06198506198507
p038,1,35,0.08,0.208,16,43,0.0816326530612244,0.12,53.610533610533615
p038,1,36,0.08,0.208,19,44,0.0204081632653061,0.0,80.2894102894103
p038,1,37,0.088,0.256,17,40,0.0408163265306122,0.1,52.04952204952205
p038,1,38,0.08,0.228,19,43,0.0204081632653061,0.04,73.3016533016533
p038,1,39,0.092,0.244,20,39,0.0,0.04,68.47660847660848
p038,1,40,0.08,0.236,19,41,0.1020408163265306,0.16,49.301829301829294
p038,1,41,0.088,0.224,16,37,0.0408163265306122,0.04,54.58117458117459
p038,1,42,0.088,0.204,22,41,0.0408163265306122,0.04,75.74684574684575
p038,1,43,0.08,0.208,18,39,0.1224489795918367,0.16,44.77862477862478
p038,1,44,0.0839999999999999,0.216,21,48,0.0,0.02,87.6733876733877
p038,1,45,0.08,0.236,18,35,0.1836734693877551,0.26,32.614812614812614
p038,1,46,0.08,0.228,18,35,0.1020408163265306,0.18,38.177518177518174
p038,1,47,0.096,0.216,25,46,0.0204081632653061,0.04,84.06329406329407
p038,1,48,0.088,0.232,25,42,0.0816326530612244,0.14,62.83613283613284
p038,1,49,0.08,0.208,22,44,0.0,0.0,89.81321981321982
p038,1,50,0.088,0.22,19,37,0.0816326530612244,0.1,51.80697180697182
p038,2,0,0.089,0.2325,14,33,0.1224489795918367,0.2,27.15930215930216
p038,2,1,0.072,0.2165,19,44,0.0612244897959183,0.06,71.02586102586103
p038,2,2,0.0839999999999999,0.232,18,45,0.0408163265306122,0.1,64.19551419551424
p038,2,3,0.0805,0.2235,21,45,0.0408163265306122,0.02,80.42996292996294
p038,2,4,0.088,0.2475,22,45,0.0204081632653061,0.08,75.44819544819545
p038,2,5,0.096,0.26,19,41,0.0612244897959183,0.1,53.40736340736341
p038,2,6,0.0795,0.2035,26,47,0.0,0.02,94.45767195767196
p038,2,7,0.0875,0.2355,18,35,0.0,0.0,64.2124817124817
p038,2,8,0.0915,0.2075,19,41,0.0408163265306122,0.06,65.81870331870333
p038,2,9,0.088,0.224,21,37,0.0204081632653061,0.02,70.7187407187407
p038,2,10,0.096,0.2045,16,38,0.0,0.0,64.17582417582418
p038,2,11,0.08,0.232,19,39,0.1020408163265306,0.08,54.54553454553454
p038,2,12,0.088,0.224,18,43,0.0,0.0,75.5009955009955
p038,2,13,0.087,0.24,21,39,0.0816326530612244,0.12,55.51722051722053
p038,2,14,0.0885,0.2315,16,36,0.0204081632653061,0.0,58.51398101398101
p038,2,15,0.096,0.2645,20,43,0.0204081632653061,0.1,62.66387266387267
p038,2,16,0.0885,0.24,24,44,0.0612244897959183,0.1,70.56504306504307
p038,2,17,0.08,0.216,20,40,0.0204081632653061,0.0,76.74135674135674
p038,2,18,0.088,0.215,17,39,0.1224489795918367,0.12,43.49591349591349
p038,2,19,0.088,0.292,18,40,0.0612244897959183,0.14,44.74221474221475
p038,2,20,0.0839999999999999,0.24,19,41,0.1020408163265306,0.12,51.65275165275168
p038,2,21,0.088,0.208,20,39,0.0,0.02,74.88444488444487
p038,2,22,0.071,0.196,17,33,0.3673469387755102,0.04,47.01058201058202
p038,2,23,0.087,0.232,21,44,0.0408163265306122,0.0,78.60129360129359
p038,2,24,0.079,0.208,20,42,0.0816326530612244,0.02,71.34964634964636
p038,2,25,0.0965,0.2515,22,43,0.0408163265306122,0.06,69.93078243078243
p038,2,26,0.0915,0.216,19,36,0.0612244897959183,0.06,56.176643676643685
p038,2,27,0.095,0.227,21,46,0.0204081632653061,0.04,78.43838343838344
p038,2,28,0.095,0.2325,19,38,0.0204081632653061,0.06,61.017666017666016
p038,2,29,0.088,0.228,21,43,0.0,0.0,82.24345224345224
p038,2,30,0.0915,0.2195,20,42,0.0408163265306122,0.06,68.28050578050579
p038,2,31,0.087,0.228,20,44,0.0408163265306122,0.12,65.50963050963051
p038,2,32,0.095,0.196,19,40,0.0,0.0,74.12087912087912
p038,2,33,0.0839999999999999,0.2395,24,45,0.0408163265306122,0.04,80.90508090508094
p038,2,34,0.088,0.24,19,36,0.1428571428571428,0.14,37.67635767635768
p038,2,35,0.0875,0.2235,21,44,0.1224489795918367,0.16,54.9944724944725
p038,2,36,0.088,0.232,23,48,0.0,0.0,91.73316173316177
p038,2,37,0.096,0.248,21,45,0.0408163265306122,0.1,66.87962687962688
p038,2,38,0.095,0.223,17,40,0.0612244897959183,0.08,53.15705815705817
p038,2,39,0.0915,0.212,27,49,0.0204081632653061,0.04,86.8171743171743
p038,2,40,0.087,0.228,20,33,0.0,0.02,66.7102817102817
p038,2,41,0.08,0.24,23,39,0.0,0.04,78.87700887700888
p038,2,42,0.088,0.228,18,39,0.0204081632653061,0.0,67.59143759143761
p038,2,43,0.088,0.208,18,46,0.0408163265306122,0.04,72.48314248314249
p038,2,44,0.1,0.256,18,39,0.1020408163265306,0.24,35.74101574101574
p038,2,45,0.0885,0.2485,18,45,0.0408163265306122,0.1,61.472433972433976
p038,2,46,0.088,0.223,20,43,0.0408163265306122,0.0,75.6010956010956
p038,2,47,0.087,0.244,19,41,0.0612244897959183,0.14,53.44811844811844
p038,2,48,0.091,0.232,20,41,0.0816326530612244,0.1,57.4006424006424
p038,2,49,0.0915,0.2355,18,36,0.1632653061224489,0.2,31.20881870881871
p038,2,50,0.096,0.2285,16,36,0.0612244897959183,0.12,41.15555115555116
p038,2,51,0.0875,0.2075,19,42,0.0612244897959183,0.04,67.52403502403504
p038,2,52,0.076,0.24,22,42,0.0408163265306122,0.06,74.68083468083469
p039,1,0,0.0915,0.1975,19,36,0.0204081632653061,0.04,63.741351241351246
p039,1,1,0.0825,0.197,18,46,0.0204081632653061,0.0,80.02747252747253
p039,1,2,0.0905,0.249,16,44,0.0408163265306122,0.08,56.75408925408926
p039,1,3,0.0695,0.2105,22,39,0.1224489795918367,0.18,54.700332200332205
p039,1,4,0.087,0.205,20,41,0.0816326530612244,0.1,60.90557590557592
p039,1,5,0.086,0.203,21,45,0.0612244897959183,0.02,78.44118844118844
p039,1,6,0.071,0.1955,15,36,0.0612244897959183,0.12,49.31013431013432
p039,1,7,0.075,0.1925,17,38,0.1020408163265306,0.1,50.39275539275539
p039,1,8,0.0875,0.192,19,40,0.0,0.0,75.9065934065934
p039,1,9,0.0745,0.211,17,44,0.0,0.06,73.36212586212586
p039,1,10,0.0815,0.2025,21,41,0.1020408163265306,0.16,56.65954415954415
p039,1,11,0.0845,0.2165,17,39,0.0612244897959183,0.1,53.17380567380568
p039,1,12,0.086,0.208,19,37,0.1224489795918367,0.18,41.31505131505131
p039,1,13,0.077,0.194,17,35,0.0408163265306122,0.1,53.213268213268215
p039,1,14,0.073,0.204,18,39,0.1632653061224489,0.26,42.362637362637365
p039,1,15,0.0805,0.1815,19,40,0.0204081632653061,0.0,75.1923076923077
p039,1,16,0.074,0.199,17,44,0.0612244897959183,0.16,57.52950752950753
p039,1,17,0.097,0.225,19,37,0.1020408163265306,0.12,44.93080993080992
p039,1,18,0.083,0.203,16,37,0.1224489795918367,0.1,42.44403744403744
p039,1,19,0.074,0.203,22,47,0.0204081632653061,0.02,91.005291005291
p039,1,20,0.084,0.199,21,46,0.0612244897959183,0.08,74.64387464387464
p039,1,21,0.074,0.187,20,43,0.0612244897959183,0.12,67.09401709401709
p039,1,22,0.08,0.2115,16,37,0.1020408163265306,0.14,41.335071335071326
p039,1,23,0.0915,0.201,16,35,0.0612244897959183,0.1,44.99898249898251
p039,1,24,0.078,0.2585,17,37,0.1428571428571428,0.24,31.02190102190102
p039,1,25,0.076,0.2045,19,39,0.2448979591836734,0.12,49.58485958485959
p039,1,26,0.083,0.1915,19,40,0.0408163265306122,0.08,64.80870980870982
p039,1,27,0.0825,0.2045,18,34,0.1224489795918367,0.18,36.07142857142857
p039,1,28,0.086,0.2015,20,40,0.0,0.0,78.64468864468864
p039,1,29,0.0795,0.2045,16,39,0.1224489795918367,0.14,42.13776963776963
p039,1,30,0.0849999999999999,0.208,20,42,0.0,0.04,77.59303259303262
p039,1,31,0.079,0.231,19,41,0.0816326530612244,0.16,52.42137742137743
p039,1,32,0.085,0.219,17,33,0.1632653061224489,0.2,29.463034463034457
p039,1,33,0.0675,0.1845,19,39,0.0816326530612244,0.08,62.45522995522996
p039,1,34,0.0865,0.2215,15,33,0.1632653061224489,0.24,26.474688974688974
p039,1,35,0.0895,0.198,17,46,0.0408163265306122,0.14,60.63593813593815
p039,1,36,0.089,0.2065,19,44,0.0,0.0,80.6776556776557
p039,1,37,0.0865,0.2045,18,41,0.0,0.0,75.04578754578755
p039,1,38,0.0745,0.2075,15,38,0.1428571428571428,0.2,35.86143836143836
p039,1,39,0.0854999999999999,0.214,20,44,0.0612244897959183,0.06,70.44277794277797
p039,1,40,0.078,0.208,16,42,0.0816326530612244,0.12,52.80467280467281
p039,1,41,0.0765,0.218,19,43,0.0408163265306122,0.1,67.19947969947971
p039,1,42,0.079,0.24,19,44,0.0612244897959183,0.16,57.747582747582754
p039,1,43,0.0875,0.239,17,41,0.0816326530612244,0.16,44.83486233486234
p039,1,44,0.083,0.228,16,31,0.2040816326530612,0.32,26.65737165737165
p039,1,45,0.086,0.1965,13,35,0.0408163265306122,0.04,54.24501424501424
p039,1,46,0.0895,0.207,21,41,0.0612244897959183,0.06,68.72589622589624
p039,1,47,0.0725,0.1975,18,40,0.0408163265306122,0.04,68.63146113146114
p039,1,48,0.094,0.1995,21,47,0.0,0.0,88.09523809523812
p039,1,49,0.086,0.209,20,39,0.1632653061224489,0.18,43.77905377905378
p039,1,50,0.0765,0.1965,19,41,0.0408163265306122,0.06,69.490231990232
p039,1,51,0.083,0.202,26,46,0.0408163265306122,0.1,80.17297517297519
p039,1,52,0.082,0.2345,21,35,0.1632653061224489,0.22,39.43162943162943
p039,1,53,0.0775,0.2045,23,43,0.0408163265306122,0.1,77.63634513634514
p039,1,54,0.088,0.2135,18,37,0.0204081632653061,0.0,66.47878647878649
p039,2,0,0.079,0.1925,18,46,0.0408163265306122,0.02,76.62800162800163
p039,2,1,0.075,0.2225,21,38,0.0816326530612244,0.1,60.69591569591571
p039,2,2,0.0795,0.2155,20,48,0.0204081632653061,0.06,80.32925782925783
p039,2,3,0.082,0.197,22,43,0.0612244897959183,0.08,73.65486365486366
p039,2,4,0.081,0.22,19,43,0.0816326530612244,0.18,53.75853875853876
p039,2,5,0.085,0.1835,21,41,0.0,0.0,82.54578754578755
p039,2,6,0.088,0.2065,22,43,0.0204081632653061,0.08,76.988196988197
p039,2,7,0.0844999999999999,0.2025,19,42,0.0,0.02,77.33312983312987
p039,2,8,0.08,0.2045,16,35,0.1428571428571428,0.22,30.805860805860803
p039,2,9,0.09,0.2334999999999999,19,37,0.0408163265306122,0.06,58.445038445038456
p039,2,10,0.083,0.208,21,44,0.0408163265306122,0.04,78.25237325237325
p039,2,11,0.071,0.192,19,43,0.0408163265306122,0.0,78.91941391941391
p039,2,12,0.076,0.206,17,44,0.0612244897959183,0.14,58.905168905168914
p039,2,13,0.0685,0.201,18,35,0.1428571428571428,0.2,38.3058608058608
p039,2,14,0.094,0.2305,20,41,0.0612244897959183,0.08,61.06931106931108
p039,2,15,0.077,0.2005,18,44,0.0612244897959183,0.1,64.75172975172975
p039,2,16,0.073,0.185,19,42,0.0612244897959183,0.08,67.37281237281239
p039,2,17,0.085,0.213,24,46,0.0612244897959183,0.08,78.51703351703352
p039,2,18,0.0755,0.1985,20,42,0.0612244897959183,0.04,72.86223036223036
p039,2,19,0.07,0.181,18,44,0.0204081632653061,0.04,76.73585673585673
p039,2,20,0.0775,0.232,19,46,0.0612244897959183,0.14,63.321480821480826
p039,2,21,0.0839999999999999,0.2085,19,44,0.0408163265306122,0.08,69.49861949861953
p039,2,22,0.089,0.193,20,38,0.0612244897959183,0.08,60.81603581603582
p039,2,23,0.0765,0.195,23,47,0.0204081632653061,0.04,90.93915343915344
p039,2,24,0.078,0.215,17,34,0.1836734693877551,0.14,35.233805233805235
p039,2,25,0.0805,0.234,19,42,0.1632653061224489,0.12,49.60683210683211
p039,2,26,0.0685,0.1965,17,36,0.0408163265306122,0.0,65.77838827838828
p039,2,27,0.086,0.1915,20,39,0.0612244897959183,0.06,64.66422466422468
p039,2,28,0.076,0.215,19,41,0.0204081632653061,0.04,72.991232991233
p039,2,29,0.0815,0.207,22,44,0.0,0.0,89.55617705617705
p039,2,30,0.079,0.192,19,40,0.0204081632653061,0.06,69.993894993895
p039,2,31,0.0805,0.196,20,48,0.0408163265306122,0.08,76.75925925925925
p039,2,32,0.072,0.1925,17,36,0.0612244897959183,0.16,47.74928774928775
p039,2,33,0.093,0.2005,21,42,0.0204081632653061,0.04,75.83842083842084
p039,2,34,0.094,0.221,21,45,0.0204081632653061,0.0,81.69873169873172
p039,2,35,0.0895,0.205,22,43,0.1020408163265306,0.14,61.551689051689046
p039,2,36,0.073,0.204,23,43,0.1224489795918367,0.18,61.77655677655677
p039,2,37,0.0805,0.207,17,36,0.1224489795918367,0.22,36.68071918071918
p039,2,38,0.1045,0.2314999999999999,21,41,0.0,0.02,73.54857604857607
p039,2,39,0.094,0.236,22,42,0.0816326530612244,0.1,62.32991232991234
p039,2,40,0.0835,0.22,24,47,0.0204081632653061,0.0,91.62483912483911
p039,2,41,0.088,0.229,19,37,0.1020408163265306,0.16,42.96956296956296
p039,2,42,0.0825,0.2135,21,39,0.1020408163265306,0.16,53.15664565664565
p039,2,43,0.0995,0.219,17,35,0.1020408163265306,0.08,41.313868813868815
p039,2,44,0.079,0.191,19,43,0.0204081632653061,0.02,77.54375254375255
p039,2,45,0.0915,0.252,16,35,0.1428571428571428,0.28,23.51321101321101
p039,2,46,0.081,0.23,21,45,0.0408163265306122,0.08,74.1047091047091
p039,2,47,0.086,0.196,19,43,0.0408163265306122,0.02,73.49613349613351
p039,2,48,0.088,0.209,21,42,0.0,0.02,81.01145101145102
p039,2,49,0.0895,0.217,20,41,0.0816326530612244,0.08,61.11113861113862
p039,2,50,0.0795,0.208,18,41,0.0612244897959183,0.06,63.863891363891376
p039,2,51,0.0775,0.1965,22,46,0.0204081632653061,0.04,87.03805453805454
p039,2,52,0.087,0.2285,17,41,0.0612244897959183,0.08,55.7933207933208
p039,2,53,0.0849999999999999,0.2225,20,44,0.1020408163265306,0.12,59.393514393514415
p040,1,0,0.087,0.2055,20,38,0.0,0.0,75.84249084249085
p040,1,1,0.089,0.2339999999999999,18,41,0.0816326530612244,0.08,54.76657976657978
p040,1,2,0.092,0.2165,19,42,0.0204081632653061,0.02,72.16546216546217
p040,1,3,0.089,0.228,18,36,0.0204081632653061,0.06,57.95163295163295
p040,1,4,0.087,0.1985,20,45,0.0612244897959183,0.06,72.11843711843713
p040,1,5,0.084,0.218,19,42,0.0204081632653061,0.02,73.92007392007392
p040,1,6,0.088,0.211,19,48,0.0816326530612244,0.08,67.38023738023739
p040,1,7,0.0915,0.219,20,43,0.0,0.06,74.37451187451187
p040,1,8,0.093,0.225,19,43,0.0204081632653061,0.02,72.35856735856737
p040,1,9,0.089,0.2339999999999999,21,46,0.0204081632653061,0.06,77.31440231440233
p040,1,10,0.0915,0.2245,18,44,0.0204081632653061,0.08,66.11130361130361
p040,1,11,0.095,0.2375,21,46,0.0204081632653061,0.1,71.83177683177682
p040,1,12,0.0925,0.23,19,37,0.0,0.02,66.66575916575916
p040,1,13,0.091,0.2005,19,38,0.0,0.0,72.50915750915752
p040,1,14,0.091,0.265,18,44,0.0204081632653061,0.06,64.02814902814903
p040,1,15,0.0915,0.2265,21,43,0.0204081632653061,0.08,71.77190927190928
p040,1,16,0.0935,0.2295,18,44,0.1020408163265306,0.08,55.6108031108031
p040,1,17,0.09,0.219,19,40,0.0204081632653061,0.0,71.67915167915169
p040,1,18,0.092,0.216,21,40,0.0204081632653061,0.02,74.41331441331441
p040,1,19,0.0925,0.233,19,41,0.0816326530612244,0.12,52.710595210595216
p040,1,20,0.097,0.2275,18,40,0.0612244897959183,0.04,58.31507331507331
p040,1,21,0.0854999999999999,0.226,20,41,0.0408163265306122,0.04,69.62822712822715
p040,1,22,0.089,0.2215,17,40,0.0408163265306122,0.06,58.96858396858398
p040,1,23,0.094,0.228,18,41,0.0,0.02,69.25606925606927
p040,1,24,0.0925,0.222,19,42,0.0,0.0,75.72866822866823
p040,1,25,0.091,0.2325,17,40,0.0408163265306122,0.02,61.0949960949961
p040,1,26,0.095,0.2325,20,41,0.0,0.02,73.32942832942832
p040,1,27,0.1005,0.2485,20,42,0.0204081632653061,0.08,63.76384626384627
p040,1,28,0.094,0.221,18,43,0.0204081632653061,0.04,68.28806828806829
p040,1,29,0.092,0.222,19,43,0.0,0.0,77.12976712976713
p040,1,30,0.098,0.2225,17,44,0.0204081632653061,0.04,66.08663608663609
p040,1,31,0.096,0.2035,21,45,0.0,0.02,83.2030932030932
p040,1,32,0.0854999999999999,0.2225,17,40,0.0816326530612244,0.12,49.38435688435692
p040,1,33,0.084,0.2205,18,46,0.0816326530612244,0.1,61.86681186681187
p040,1,34,0.091,0.236,19,41,0.0204081632653061,0.0,71.02140602140601
p040,1,35,0.0925,0.214,20,44,0.0,0.02,79.62267212267211
p040,1,36,0.095,0.2205,21,42,0.0,0.0,80.04548504548505
p040,1,37,0.0865,0.229,20,45,0.0204081632653061,0.08,72.8952853952854
p040,1,38,0.101,0.2165,13,31,0.0408163265306122,0.08,44.68682968682969
p040,1,39,0.091,0.23,21,43,0.0408163265306122,0.04,72.86335786335788
p040,1,40,0.084,0.233,18,38,0.0612244897959183,0.06,56.44380644380645
p040,1,41,0.088,0.2225,21,45,0.0,0.02,83.50625350625351
p040,1,42,0.089,0.2395,20,43,0.1020408163265306,0.12,55.45738045738046
p040,1,43,0.089,0.222,21,43,0.0204081632653061,0.02,78.37315337315337
p040,1,44,0.093,0.2329999999999999,22,38,0.0612244897959183,0.1,60.12105512105514
p040,1,45,0.092,0.2205,26,48,0.0204081632653061,0.04,85.84727584727585
p040,1,46,0.096,0.2545,20,42,0.0204081632653061,0.0,71.64208164208166
p040,1,47,0.097,0.237,17,37,0.0,0.0,61.98357698357699
p040,2,0,0.0985,0.225,19,44,0.0612244897959183,0.06,63.86548636548637
p040,2,1,0.094,0.2285,20,37,0.0204081632653061,0.02,66.45876645876646
p040,2,2,0.1005,0.2275,21,47,0.0,0.0,84.44551694551696
p040,2,3,0.093,0.2155,22,44,0.0,0.04,82.26352726352725
p040,2,4,0.0875,0.249,19,39,0.0408163265306122,0.1,56.349123849123856
p040,2,5,0.0935,0.2225,23,43,0.0,0.02,84.39453189453191
p040,2,6,0.096,0.246,20,43,0.0,0.04,72.45223245223245
p040,2,7,0.089,0.2334999999999999,19,39,0.0204081632653061,0.04,65.4800404800405
p040,2,8,0.09,0.2355,20,37,0.0,0.02,69.0913990913991
p040,2,9,0.091,0.218,19,43,0.0204081632653061,0.0,75.38731038731038
p040,2,10,0.0895,0.2415,21,46,0.0408163265306122,0.06,74.06365156365156
p040,2,11,0.1,0.2455,20,44,0.0,0.04,72.83195283195282
p040,2,12,0.09,0.2325,23,44,0.0204081632653061,0.04,81.27611127611128
p040,2,13,0.087,0.241,17,37,0.0204081632653061,0.0,61.58317658317659
p040,2,14,0.093,0.2025,20,44,0.0,0.02,80.25437525437526
p040,2,15,0.0935,0.225,24,45,0.0204081632653061,0.04,82.47557997557998
p040,2,16,0.091,0.223,20,43,0.0612244897959183,0.0,72.5058575058575
p040,2,17,0.1,0.2405,22,44,0.0,0.04,78.0943580943581
p040,2,18,0.087,0.227,22,47,0.0204081632653061,0.02,85.85800085800086
p040,2,19,0.094,0.23,20,39,0.0204081632653061,0.04,67.02086702086702
p040,2,20,0.0945,0.2345,21,47,0.0408163265306122,0.06,74.85592735592736
p040,2,21,0.094,0.228,22,44,0.0408163265306122,0.0,79.71597971597971
p040,2,22,0.0849999999999999,0.2645,19,37,0.1428571428571428,0.14,37.22024222024224
p040,2,23,0.089,0.208,19,39,0.0816326530612244,0.04,60.889735889735896
p040,2,24,0.0965,0.2275,17,33,0.1836734693877551,0.2,25.874088374088373
p040,2,25,0.089,0.2345,21,44,0.0,0.02,80.78490578490579
p040,2,26,0.101,0.216,18,40,0.0,0.0,69.36040436040436
p040,2,27,0.094,0.254,21,40,0.1020408163265306,0.18,45.7946957946958
p040,2,28,0.096,0.224,21,42,0.0612244897959183,0.08,64.90677490677491
p040,2,29,0.0854999999999999,0.2225,19,42,0.0612244897959183,0.08,62.79502029502032
p040,2,30,0.0905,0.212,19,40,0.0,0.0,74.64175714175714
p040,2,31,0.09,0.2405,23,45,0.0408163265306122,0.08,75.67270567270567
p040,2,32,0.099,0.25,22,42,0.0204081632653061,0.04,72.43644743644744
p040,2,33,0.096,0.235,23,47,0.0,0.02,87.67624767624768
p040,2,34,0.0945,0.2295,16,37,0.1020408163265306,0.14,36.080888580888576
p040,2,35,0.089,0.217,21,42,0.0,0.0,81.82440682440684
p040,2,36,0.0935,0.2235,23,43,0.0408163265306122,0.02,79.53252703252703
p040,2,37,0.0885,0.232,22,40,0.0204081632653061,0.06,72.32229482229484
p040,2,38,0.101,0.2495,21,40,0.0,0.04,69.44620444620445
p040,2,39,0.095,0.2295,18,38,0.0408163265306122,0.02,60.25976525976526
p040,2,40,0.099,0.2325,18,39,0.0408163265306122,0.06,56.58543158543159
p040,2,41,0.0865,0.2215,18,41,0.1428571428571428,0.22,40.21095271095271
p040,2,42,0.097,0.229,21,47,0.0204081632653061,0.02,80.89589589589589
p040,2,43,0.0915,0.224,20,44,0.1020408163265306,0.06,63.251300751300754
p040,2,44,0.093,0.2285,21,40,0.0612244897959183,0.08,62.60650760650761
p040,2,45,0.091,0.232,20,42,0.0408163265306122,0.0,72.70385770385771
p040,2,46,0.088,0.227,21,42,0.0408163265306122,0.06,70.74404074404076
p040,2,47,0.096,0.226,21,39,0.0408163265306122,0.02,68.7969287969288
p040,2,48,0.095,0.2515,21,42,0.0408163265306122,0.08,64.77306977306978
p040,2,49,0.0905,0.221,18,35,0.1020408163265306,0.1,43.785626285626286
p041,1,0,0.0735,0.4325,18,39,0.1428571428571428,0.24,25.57692307692308
p041,1,1,0.0625,0.3605,15,36,0.0204081632653061,0.0,51.43440143440143
p041,1,2,0.0675,0.3595,19,42,0.0204081632653061,0.06,59.98077748077748
p041,1,3,0.062,0.3369999999999999,21,44,0.0408163265306122,0.06,68.01141801141803
p041,1,4,0.0625,0.3605,19,41,0.0204081632653061,0.0,64.98751498751498
p041,1,5,0.07,0.44,20,44,0.0408163265306122,0.06,60.59829059829061
p041,1,6,0.063,0.403,15,39,0.0612244897959183,0.0,49.26739926739927
p041,1,7,0.062,0.378,22,41,0.0612244897959183,0.04,62.413512413512414
p041,1,8,0.0675,0.309,19,44,0.0,0.04,71.83273933273932
p041,1,9,0.062,0.3715,17,40,0.0204081632653061,0.06,52.28690228690228
p041,1,10,0.0625,0.3705,23,45,0.0,0.04,77.31577731577731
p041,1,11,0.06,0.3345,19,42,0.0,0.0,71.25312125312125
p041,1,12,0.061,0.33,18,33,0.0,0.02,57.2143572143572
p041,1,13,0.0675,0.3205,17,37,0.0,0.0,60.64902814902814
p041,1,14,0.0625,0.387,18,43,0.0612244897959183,0.04,55.453805453805465
p041,1,15,0.066,0.411,20,43,0.0,0.08,63.17867317867317
p041,1,16,0.0685,0.3455,17,41,0.0408163265306122,0.0,58.274730774730784
p041,1,17,0.0665,0.3855,18,44,0.0816326530612244,0.16,42.648555148555154
p041,1,18,0.0695,0.386,19,42,0.0816326530612244,0.1,47.30667480667481
p041,1,19,0.065,0.407,21,45,0.0408163265306122,0.08,63.5999185999186
p041,1,20,0.071,0.3225,18,42,0.0612244897959183,0.0,61.26384626384627
p041,1,21,0.072,0.335,19,38,0.0408163265306122,0.06,53.85264385264386
p041,1,22,0.067,0.3575,22,45,0.0204081632653061,0.0,76.84459184459185
p041,1,23,0.067,0.3365,16,41,0.0612244897959183,0.1,45.51161051161051
p041,1,24,0.068,0.325,22,45,0.0,0.0,82.24070224070225
p041,1,25,0.064,0.3675,16,37,0.0,0.04,50.69300069300069
p041,1,26,0.065,0.326,17,47,0.0816326530612244,0.08,56.58301158301159
p041,1,27,0.063,0.308,18,44,0.0408163265306122,0.1,60.06776006776007
p041,1,28,0.0655,0.614,23,44,0.1224489795918367,0.04,61.14061864061864
p041,1,29,0.0675,0.3565,20,40,0.0612244897959183,0.06,55.33602283602284
p041,1,30,0.065,0.333,18,40,0.0816326530612244,0.08,49.2889042889043
p041,1,31,0.0635,0.355,19,43,0.0408163265306122,0.04,62.01751201751202
p041,1,32,0.069,0.3215,17,47,0.0204081632653061,0.06,65.07579007579007
p041,1,33,0.063,0.354,23,43,0.0408163265306122,0.06,69.7895697895698
p041,1,34,0.0625,0.315,19,45,0.0204081632653061,0.02,72.8184228184228
p041,1,35,0.063,0.4065,19,47,0.0204081632653061,0.04,67.72486772486772
p041,1,36,0.0665,0.3555,18,41,0.0204081632653061,0.02,60.65997315997316
p041,1,37,0.0635,0.3335,21,43,0.0,0.0,77.39717739717739
p041,1,38,0.07,0.37,19,40,0.0408163265306122,0.08,51.53758153758154
p041,1,39,0.064,0.3655,19,46,0.0408163265306122,0.02,66.66446666446667
p041,1,40,0.068,0.3185,20,43,0.0,0.02,73.7134937134937
p041,1,41,0.062,0.3415,19,41,0.0408163265306122,0.04,60.8047608047608
p041,1,42,0.062,0.323,16,37,0.0,0.0,58.85115885115885
p041,1,43,0.0655,0.3395,23,46,0.0816326530612244,0.04,71.81997931997932
p041,1,44,0.063,0.3525,19,40,0.0204081632653061,0.02,62.65441265441266
p041,1,45,0.063,0.3525,25,44,0.0204081632653061,0.0,79.15827915827917
p041,1,46,0.062,0.3375,27,47,0.0,0.02,85.03503503503502
p041,1,47,0.068,0.3215,18,42,0.0612244897959183,0.08,54.67082467082468
p041,2,0,0.0725,0.3555,18,45,0.0204081632653061,0.02,64.35960685960686
p041,2,1,0.073,0.6635,19,35,0.0204081632653061,0.0,53.9010989010989
p041,2,2,0.0705,0.58,22,48,0.0,0.02,77.55291005291006
p041,2,3,0.071,0.7115,21,43,0.0,0.0,71.77655677655677
p041,2,4,0.0665,0.555,20,40,0.0,0.02,64.76902726902726
p041,2,5,0.067,0.556,25,45,0.0,0.0,80.05494505494505
p041,2,6,0.069,0.5515000000000001,18,34,0.0,0.0,53.57142857142858
p041,2,7,0.067,0.597,18,37,0.0,0.0,57.8937728937729
p041,2,8,0.07,0.529,20,41,0.0204081632653061,0.0,64.68864468864469
p041,2,9,0.0705,0.4565,15,38,0.0408163265306122,0.1,39.55942205942207
p041,2,10,0.063,0.399,18,41,0.0408163265306122,0.08,51.566951566951566
p041,2,11,0.068,0.369,18,40,0.0408163265306122,0.06,51.58477158477158
p041,2,12,0.064,0.5335000000000001,19,39,0.0,0.0,63.55311355311355
p041,2,13,0.067,0.5235000000000001,18,41,0.0204081632653061,0.02,58.78917378917379
p041,2,14,0.062,0.473,19,42,0.0,0.0,67.3992673992674
p041,2,15,0.071,0.576,24,48,0.0,0.02,79.81481481481482
p041,2,16,0.063,0.511,21,43,0.0612244897959183,0.0,66.3003663003663
p041,2,17,0.0685,0.4655,21,45,0.0,0.04,71.23219373219372
p041,2,18,0.0725,0.421,20,45,0.0204081632653061,0.06,63.666056166056165
p041,2,19,0.066,0.6675,23,43,0.0,0.06,72.17338217338217
p041,2,20,0.0675,0.6014999999999999,20,42,0.0204081632653061,0.0,66.56593406593406
p041,2,21,0.067,0.5105,22,43,0.0408163265306122,0.0,70.34798534798536
p041,2,22,0.0665,0.6455,20,40,0.1020408163265306,0.04,51.01241351241351
p041,2,23,0.072,0.4385,17,33,0.0816326530612244,0.06,35.396825396825406
p041,2,24,0.068,0.366,19,38,0.0408163265306122,0.04,53.55377355377356
p041,2,25,0.068,0.3429999999999999,18,40,0.0612244897959183,0.08,49.95456995456997
p041,2,26,0.0665,0.413,22,47,0.0,0.08,72.94973544973546
p041,2,27,0.067,0.3325,19,42,0.0,0.0,70.73903573903574
p041,2,28,0.063,0.369,21,43,0.0612244897959183,0.06,61.14521114521116
p041,2,29,0.0675,0.3545,18,35,0.0,0.02,55.21062271062271
p041,2,30,0.067,0.3475,21,44,0.0,0.04,72.85983785983785
p041,2,31,0.062,0.3975,21,39,0.0408163265306122,0.0,63.55311355311356
p041,2,32,0.064,0.5305,22,44,0.0,0.04,73.40252340252341
p041,2,33,0.064,0.446,19,47,0.0,0.06,68.25396825396827
p041,2,34,0.0675,0.4085,21,42,0.0204081632653061,0.04,65.24318274318274
p041,2,35,0.0665,0.3905,21,42,0.0204081632653061,0.04,65.48127798127798
p041,2,36,0.068,0.3655,24,42,0.0204081632653061,0.02,72.48864248864248
p041,2,37,0.0705,0.345,19,32,0.0,0.02,56.54618904618905
p041,2,38,0.0675,0.4295,23,39,0.0,0.02,70.39173789173789
p041,2,39,0.068,0.35,17,42,0.0612244897959183,0.06,51.28887128887129
p041,2,40,0.0685,0.385,22,45,0.0204081632653061,0.0,74.93589743589745
p041,2,41,0.0725,0.324,20,47,0.0204081632653061,0.02,74.83876733876734
p041,2,42,0.067,0.368,20,45,0.0612244897959183,0.04,62.56602756602757
p041,2,43,0.071,0.319,21,43,0.0204081632653061,0.0,74.8010098010098
p041,2,44,0.068,0.3275,21,44,0.0408163265306122,0.04,69.86183986183987
p041,2,45,0.072,0.3515,19,41,0.0204081632653061,0.04,60.27995027995029
p041,2,46,0.069,0.4,20,38,0.0816326530612244,0.1,44.67846967846969
p041,2,47,0.0685,0.363,20,44,0.0204081632653061,0.06,64.33738683738684
p041,2,48,0.068,0.3895,19,40,0.0612244897959183,0.08,49.33251933251933
p042,1,0,0.0975,0.237,16,32,0.1020408163265306,0.16,28.917846417846416
p042,1,1,0.089,0.215,16,39,0.0816326530612244,0.1,47.49062249062249
p042,1,2,0.098,0.2475,18,41,0.0408163265306122,0.1,54.18242418242419
p042,1,3,0.094,0.2135,21,41,0.0204081632653061,0.02,75.46942546942547
p042,1,4,0.098,0.211,20,42,0.0204081632653061,0.04,71.8165418165418
p042,1,5,0.099,0.221,21,45,0.0612244897959183,0.02,73.8944988944989
p042,1,6,0.0925,0.2,16,40,0.0612244897959183,0.06,54.87484737484738
p042,1,7,0.098,0.201,22,45,0.0204081632653061,0.02,82.72690272690274
p042,1,8,0.0975,0.2015,16,41,0.0,0.0,67.66483516483517
p042,1,9,0.0955,0.247,21,46,0.0408163265306122,0.08,70.23267773267774
p042,1,10,0.105,0.2235,20,43,0.0204081632653061,0.06,68.32882332882333
p042,1,11,0.0975,0.227,17,39,0.0816326530612244,0.16,41.0910085910086
p042,1,12,0.097,0.2035,20,39,0.0204081632653061,0.04,68.65893365893365
p042,1,13,0.1005,0.2165,16,38,0.0204081632653061,0.06,54.16688666688666
p042,1,14,0.097,0.2045,20,41,0.0204081632653061,0.0,74.92673992673993
p042,1,15,0.099,0.23,22,46,0.0408163265306122,0.1,71.63014663014663
p042,1,16,0.097,0.249,19,35,0.0612244897959183,0.12,44.72620972620973
p042,1,17,0.092,0.227,16,40,0.1020408163265306,0.08,46.32808632808632
p042,1,18,0.0955,0.206,18,37,0.0408163265306122,0.0,63.01282051282052
p042,1,19,0.0895,0.2275,22,44,0.0204081632653061,0.02,81.36655886655888
p042,1,20,0.0955,0.22,19,37,0.1632653061224489,0.18,35.470992970992974
p042,1,21,0.1,0.2125,17,38,0.0204081632653061,0.0,62.62284262284263
p042,1,22,0.09,0.2255,20,40,0.0408163265306122,0.08,63.62109362109362
p042,1,23,0.0995,0.209,18,41,0.0,0.0,71.7002992002992
p042,1,24,0.0925,0.222,18,41,0.0612244897959183,0.12,53.81169631169632
p042,1,25,0.093,0.236,22,42,0.0204081632653061,0.04,75.26642026642027
p042,1,26,0.0854999999999999,0.239,16,43,0.0816326530612244,0.06,54.75346225346229
p042,1,27,0.0955,0.208,20,42,0.0612244897959183,0.06,66.0983235983236
p042,1,28,0.108,0.245,21,38,0.0408163265306122,0.06,59.05212905212906
p042,1,29,0.1015,0.225,19,42,0.0,0.06,67.72995522995524
p042,1,30,0.099,0.2425,15,37,0.0612244897959183,0.1,42.17376717376718
p042,1,31,0.092,0.2245,17,41,0.0204081632653061,0.06,61.61700161700162
p042,1,32,0.0955,0.211,20,47,0.0204081632653061,0.06,76.97018447018448
p042,1,33,0.0915,0.2255,19,41,0.0816326530612244,0.1,55.55129305129305
p042,1,34,0.087,0.2055,19,47,0.0408163265306122,0.04,76.53439153439153
p042,1,35,0.092,0.223,19,44,0.0816326530612244,0.12,57.67679767679768
p042,1,36,0.093,0.2275,17,38,0.1428571428571428,0.18,31.83562683562684
p042,1,37,0.09,0.2165,18,43,0.0,0.0,75.77555577555577
p042,1,38,0.0895,0.235,21,44,0.0204081632653061,0.06,74.53115203115203
p042,1,39,0.0985,0.269,20,42,0.0408163265306122,0.08,59.80703230703231
p042,1,40,0.0975,0.1945,13,31,0.0408163265306122,0.06,48.37301587301588
p042,1,41,0.0935,0.2105,21,41,0.0204081632653061,0.02,75.8887733887734
p042,1,42,0.0875,0.202,19,39,0.0408163265306122,0.04,66.15893365893366
p042,1,43,0.0935,0.2135,21,46,0.0408163265306122,0.06,75.91407341407343
p042,1,44,0.0935,0.2205,20,40,0.1224489795918367,0.16,46.35704385704384
p042,1,45,0.0925,0.2105,19,40,0.0816326530612244,0.12,53.68079618079619
p042,1,46,0.0854999999999999,0.2095,25,45,0.0816326530612244,0.14,69.52977702977707
p042,1,47,0.097,0.2155,24,47,0.0204081632653061,0.04,85.15730015730016
p042,2,0,0.105,0.222,16,37,0.1224489795918367,0.12,33.8025388025388
p042,2,1,0.0985,0.255,18,41,0.1020408163265306,0.2,38.76236126236126
p042,2,2,0.1015,0.2535,19,44,0.0816326530612244,0.12,52.36183986183988
p042,2,3,0.097,0.229,21,45,0.0204081632653061,0.0,80.18364518364518
p042,2,4,0.0975,0.221,20,37,0.1224489795918367,0.18,39.65660715660716
p042,2,5,0.0975,0.22,19,40,0.0408163265306122,0.08,60.0049775049775
p042,2,6,0.101,0.208,25,44,0.0,0.04,83.49046849046849
p042,2,7,0.093,0.2235,19,40,0.0408163265306122,0.08,60.726055726055726
p042,2,8,0.0975,0.209,17,39,0.0,0.02,65.37958287958288
p042,2,9,0.0965,0.2315,20,38,0.0612244897959183,0.1,54.67596717596718
p042,2,10,0.1015,0.211,20,41,0.0408163265306122,0.06,65.46835296835296
p042,2,11,0.0955,0.231,17,42,0.0612244897959183,0.14,49.24575674575674
p042,2,12,0.1005,0.243,16,40,0.0612244897959183,0.1,45.61272811272812
p042,2,13,0.0985,0.2245,18,40,0.0408163265306122,0.1,55.08362758362758
p042,2,14,0.0975,0.2275,20,41,0.0204081632653061,0.08,65.2981827981828
p042,2,15,0.0975,0.212,15,36,0.0408163265306122,0.06,50.38656788656789
p042,2,16,0.0965,0.216,22,43,0.0,0.04,80.0980925980926
p042,2,17,0.1005,0.2215,24,47,0.0,0.0,89.80802230802232
p042,2,18,0.096,0.21,20,42,0.0816326530612244,0.04,65.24997524997526
p042,2,19,0.0915,0.1885,18,40,0.0612244897959183,0.12,54.31929181929183
p042,2,20,0.0945,0.242,21,40,0.1020408163265306,0.14,50.580553080553074
p042,2,21,0.0925,0.2145,19,46,0.0204081632653061,0.02,77.37481987481988
p042,2,22,0.089,0.186,19,39,0.0612244897959183,0.08,59.71713471713473
p042,2,23,0.095,0.2225,22,45,0.0408163265306122,0.06,75.75493075493075
p042,2,24,0.092,0.2085,20,36,0.1020408163265306,0.0,59.98294998294998
p042,2,25,0.088,0.221,20,44,0.0816326530612244,0.14,59.35847935847937
p042,2,26,0.092,0.2025,18,31,0.0408163265306122,0.0,60.0
p042,2,27,0.097,0.1995,21,44,0.0204081632653061,0.04,77.45014245014244
p042,2,28,0.095,0.219,17,37,0.0,0.0,64.26156926156925
p042,2,29,0.091,0.2405,20,43,0.1020408163265306,0.2,49.32553432553433
p042,2,30,0.0975,0.204,20,42,0.0204081632653061,0.02,74.23789173789174
p042,2,31,0.093,0.2045,19,41,0.0,0.0,75.87912087912088
p042,2,32,0.0945,0.198,19,40,0.0,0.0,74.23992673992674
p042,2,33,0.094,0.208,20,42,0.1020408163265306,0.08,59.84170984170984
p042,2,34,0.1,0.2289999999999999,21,44,0.0,0.08,73.16085316085318
p042,2,35,0.1055,0.249,24,48,0.0,0.04,82.16108966108966
p042,2,36,0.0945,0.216,18,43,0.0204081632653061,0.06,66.81766931766933
p042,2,37,0.095,0.2315,20,44,0.0408163265306122,0.14,61.4026664026664
p042,2,38,0.097,0.249,21,42,0.0612244897959183,0.08,62.16617716617717
p042,2,39,0.1,0.2235,24,43,0.0408163265306122,0.04,76.13305613305614
p042,2,40,0.0945,0.2275,19,38,0.0204081632653061,0.06,61.63721413721414
p042,2,41,0.0975,0.219,19,36,0.0612244897959183,0.1,50.744068244068245
p042,2,42,0.106,0.224,19,42,0.0408163265306122,0.04,63.84857384857386
p042,2,43,0.0955,0.204,21,48,0.0204081632653061,0.0,85.35714285714288
p042,2,44,0.0905,0.21,20,40,0.0816326530612244,0.08,60.2916927916928
p042,2,45,0.0985,0.223,19,45,0.0612244897959183,0.04,67.19958969958971
p042,2,46,0.0975,0.2245,20,38,0.0408163265306122,0.08,59.37137687137687
p042,2,47,0.0945,0.2345,19,40,0.1020408163265306,0.14,46.56939906939906
p042,2,48,0.0985,0.2015,19,42,0.0408163265306122,0.0,71.08974358974359
p042,2,49,0.0975,0.213,17,41,0.1224489795918367,0.18,38.44275594275594
p042,2,50,0.101,0.212,21,46,0.0204081632653061,0.04,78.51131351131352
p042,2,51,0.1005,0.229,23,45,0.0816326530612244,0.12,65.85824835824836
p043,1,0,0.1325,0.251,21,38,0.0,0.02,61.08380358380358
p043,1,1,0.1445,0.248,18,44,0.0204081632653061,0.0,61.04731104731105
p043,1,2,0.128,0.2555,19,42,0.0408163265306122,0.06,53.60547360547361
p043,1,3,0.1225,0.2385,18,37,0.1020408163265306,0.16,31.42337392337392
p043,1,4,0.129,0.236,20,42,0.0408163265306122,0.0,63.255838255838256
p043,1,5,0.126,0.2345,19,42,0.1428571428571428,0.16,35.019745019745024
p043,1,6,0.1265,0.2235,18,42,0.0204081632653061,0.02,60.86952336952336
p043,1,7,0.133,0.2465,19,46,0.0204081632653061,0.0,66.38061138061138
p043,1,8,0.1465,0.2595,19,44,0.0,0.04,60.95436095436094
p043,1,9,0.1335,0.2715,22,43,0.0,0.0,69.43671693671693
p043,1,10,0.1375,0.2535,19,41,0.0,0.02,59.56065956065955
p043,1,11,0.1285,0.2475,19,40,0.1020408163265306,0.16,35.32100782100782
p043,1,12,0.1225,0.2565,18,39,0.0408163265306122,0.1,44.88408738408739
p043,1,13,0.1295,0.2405,18,40,0.0204081632653061,0.04,54.03758153758154
p043,1,14,0.1445,0.2665,20,44,0.0408163265306122,0.04,57.87270787270787
p043,1,15,0.142,0.261,20,42,0.0408163265306122,0.08,52.15545215545216
p043,1,16,0.14,0.2495,18,40,0.0816326530612244,0.06,43.070543070543074
p043,1,17,0.128,0.2565,20,47,0.0408163265306122,0.04,64.14843414843415
p043,1,18,0.1355,0.2465,21,46,0.0612244897959183,0.04,62.43881243881244
p043,1,19,0.1335,0.2665,21,43,0.0408163265306122,0.1,53.53510103510104
p043,1,20,0.1275,0.2415,21,43,0.0612244897959183,0.02,62.49262999262999
p043,1,21,0.1275,0.2645,19,39,0.0204081632653061,0.04,53.21027071027071
p043,1,22,0.1355,0.2385,20,46,0.0204081632653061,0.0,69.32426932426931
p043,1,23,0.126,0.2495,18,41,0.0,0.02,59.484869484869485
p043,1,24,0.1295,0.243,20,47,0.0204081632653061,0.08,63.819891319891326
p043,1,25,0.1195,0.252,18,42,0.0612244897959183,0.08,49.36587686587688
p043,1,26,0.1305,0.2505,16,41,0.0408163265306122,0.06,45.08582758582759
p043,1,27,0.1345,0.2395,21,43,0.0816326530612244,0.12,49.50499950499951
p043,1,28,0.138,0.2655,19,38,0.0,0.02,54.51330451330451
p043,1,29,0.134,0.24,19,42,0.0204081632653061,0.0,61.66496166496166
p043,1,30,0.128,0.254,19,44,0.0408163265306122,0.08,54.46787446787446
p043,1,31,0.14,0.2525,17,42,0.0408163265306122,0.06,47.71529771529772
p043,1,32,0.139,0.27,23,45,0.0204081632653061,0.04,68.32821832821834
p043,1,33,0.143,0.251,17,42,0.0612244897959183,0.08,43.63264363264364
p043,1,34,0.1385,0.245,18,45,0.0408163265306122,0.08,52.84130284130284
p043,1,35,0.1345,0.2555,20,43,0.0408163265306122,0.08,53.98805398805399
p043,1,36,0.141,0.2495,19,43,0.0,0.02,62.52516252516252
p043,1,37,0.138,0.27,19,44,0.0408163265306122,0.12,47.73399773399774
p043,1,38,0.123,0.267,20,40,0.0612244897959183,0.12,45.52514052514053
p043,1,39,0.1325,0.242,16,37,0.0408163265306122,0.06,40.33228283228284
p043,1,40,0.1425,0.26,19,40,0.0204081632653061,0.06,51.54330154330154
p043,1,41,0.1225,0.2305,18,40,0.0204081632653061,0.0,60.408952908952905
p043,1,42,0.1405,0.265,16,37,0.0,0.0,47.99029799029798
p043,1,43,0.135,0.2645,22,46,0.0408163265306122,0.02,67.25076725076725
p043,1,44,0.1325,0.2515,19,39,0.0816326530612244,0.1,40.62268312268313
p043,1,45,0.132,0.271,27,47,0.0204081632653061,0.04,71.26841126841127
p043,1,46,0.1225,0.247,23,46,0.0816326530612244,0.16,56.3966988966989
p043,1,47,0.1375,0.2435,23,46,0.0204081632653061,0.04,72.26292226292227
p043,2,0,0.135,0.246,18,44,0.0204081632653061,0.02,59.395659395659386
p043,2,1,0.128,0.2395,20,37,0.0204081632653061,0.04,55.41057541057541
p043,2,2,0.132,0.2525,22,47,0.0,0.02,74.97211497211497
p043,2,3,0.126,0.252,22,45,0.0204081632653061,0.04,69.65382965382965
p043,2,4,0.133,0.2605,22,43,0.0,0.04,66.95316195316194
p043,2,5,0.1475,0.2895,25,44,0.0,0.02,69.32701932701934
p043,2,6,0.1305,0.264,19,41,0.0204081632653061,0.08,51.406433906433904
p043,2,7,0.134,0.251,19,38,0.0408163265306122,0.08,45.64729564729564
p043,2,8,0.121,0.2445,18,38,0.0612244897959183,0.12,40.92757592757594
p043,2,9,0.126,0.2345,18,40,0.0816326530612244,0.12,40.92125092125093
p043,2,10,0.147,0.283,15,39,0.0,0.06,43.19704319704321
p043,2,11,0.1325,0.2675,18,40,0.0408163265306122,0.04,48.23964073964074
p043,2,12,0.1295,0.255,19,40,0.0,0.06,55.496182996183
p043,2,13,0.137,0.2725,20,40,0.0204081632653061,0.06,52.67300267300266
p043,2,14,0.135,0.2515,19,40,0.0408163265306122,0.04,51.86505186505186
p043,2,15,0.134,0.2545,20,42,0.0204081632653061,0.04,58.89075889075889
p043,2,16,0.1405,0.278,24,48,0.0,0.04,72.47247247247246
p043,2,17,0.129,0.2425,19,42,0.0816326530612244,0.08,48.05492305492306
p043,2,18,0.127,0.261,16,42,0.0816326530612244,0.1,37.68455268455269
p043,2,19,0.1285,0.2575,20,47,0.0204081632653061,0.06,64.45838695838695
p043,2,20,0.1235,0.25,20,46,0.0204081632653061,0.04,66.96941446941447
p043,2,21,0.134,0.2625,21,41,0.0612244897959183,0.08,50.72325072325072
p043,2,22,0.129,0.2705,23,46,0.0204081632653061,0.08,67.04699204699205
p043,2,23,0.1295,0.2555,20,39,0.0816326530612244,0.04,48.87307637307638
p043,2,24,0.119,0.2505,21,43,0.1020408163265306,0.06,55.14993014993015
p043,2,25,0.129,0.2425,19,37,0.0612244897959183,0.12,40.32191532191533
p043,2,26,0.131,0.2425,22,41,0.0,0.02,68.51890351890351
p043,2,27,0.126,0.2915,20,43,0.0204081632653061,0.1,52.818312818312826
p043,2,28,0.13,0.2485,22,45,0.0408163265306122,0.06,64.81899481899482
p043,2,29,0.128,0.2405,18,36,0.0816326530612244,0.12,34.716254716254724
p043,2,30,0.132,0.246,20,40,0.1020408163265306,0.12,40.72248072248071
p043,2,31,0.1245,0.237,21,41,0.0,0.04,66.38426888426888
p043,2,32,0.13,0.254,22,43,0.0204081632653061,0.04,65.93714593714593
p043,2,33,0.1305,0.25,22,43,0.0204081632653061,0.0,69.92220242220242
p043,2,34,0.133,0.271,20,46,0.0204081632653061,0.0,66.30911130911132
p043,2,35,0.112,0.2425,23,48,0.0,0.06,79.41226941226942
p043,2,36,0.136,0.2725,20,43,0.0,0.0,64.45566445566445
p043,2,37,0.13,0.2665,18,45,0.0816326530612244,0.12,43.17592317592318
p043,2,38,0.1305,0.2595,24,42,0.0204081632653061,0.02,68.21830071830071
p043,2,39,0.142,0.255,19,33,0.0,0.02,50.436150436150434
p043,2,40,0.135,0.2625,23,41,0.0,0.04,66.33171633171632
p043,2,41,0.138,0.2625,19,40,0.0204081632653061,0.0,56.84860684860684
p043,2,42,0.1315,0.2475,21,46,0.0612244897959183,0.08,59.23024673024673
p043,2,43,0.1335,0.2485,21,47,0.0408163265306122,0.06,64.16881166881167
p043,2,44,0.124,0.242,21,45,0.1020408163265306,0.04,59.22625922625923
p043,2,45,0.1375,0.245,20,41,0.0612244897959183,0.12,46.3903463903464
p043,2,46,0.133,0.2635,19,41,0.0408163265306122,0.0,55.887700887700895
p043,2,47,0.132,0.2535,20,42,0.0408163265306122,0.06,55.23424523424524
p043,2,48,0.139,0.2525,21,40,0.0408163265306122,0.0,60.23056023056023
p043,2,49,0.137,0.2755,22,42,0.0,0.04,63.931513931513926
p043,2,50,0.123,0.238,19,37,0.0408163265306122,0.06,50.13744513744515
p044,1,0,0.088,0.2085,20,38,0.0,0.0,75.40419540419542
p044,1,1,0.096,0.216,18,42,0.0612244897959183,0.08,58.56471856471857
p044,1,2,0.095,0.232,17,37,0.1020408163265306,0.14,38.09254309254309
p044,1,3,0.1035,0.224,22,39,0.0,0.02,74.35427185427186
p044,1,4,0.096,0.2165,19,40,0.0816326530612244,0.08,55.95056595056596
p044,1,5,0.096,0.2845,20,46,0.1020408163265306,0.1,54.98421498421498
p044,1,6,0.103,0.252,16,43,0.0204081632653061,0.04,58.28020328020329
p044,1,7,0.0945,0.2395,22,45,0.0612244897959183,0.08,69.93947243947245
p044,1,8,0.1035,0.223,16,41,0.0,0.0,64.58461208461209
p044,1,9,0.1,0.244,21,44,0.0,0.0,79.06675906675908
p044,1,10,0.103,0.2309999999999999,19,38,0.0612244897959183,0.1,50.79744579744582
p044,1,11,0.103,0.2365,19,45,0.0,0.0,75.62337062337063
p044,1,12,0.096,0.231,19,38,0.0,0.02,67.01437701437702
p044,1,13,0.096,0.216,19,40,0.0204081632653061,0.04,66.84717684717685
p044,1,14,0.1035,0.231,18,43,0.0204081632653061,0.0,68.72886622886624
p044,1,15,0.104,0.2675,22,42,0.0204081632653061,0.02,71.34607134607135
p044,1,16,0.095,0.2235,17,41,0.0204081632653061,0.0,66.55837155837156
p044,1,17,0.095,0.232,18,40,0.0408163265306122,0.0,64.42546942546943
p044,1,18,0.1035,0.2525,21,44,0.0204081632653061,0.02,73.14977064977066
p044,1,19,0.0955,0.2155,19,41,0.0612244897959183,0.02,65.38827288827288
p044,1,20,0.104,0.2275,20,38,0.0408163265306122,0.06,59.37530937530939
p044,1,21,0.096,0.288,20,44,0.1020408163265306,0.14,48.36605836605836
p044,1,22,0.099,0.239,16,41,0.0204081632653061,0.04,57.96978296978296
p044,1,23,0.0955,0.268,21,44,0.0408163265306122,0.08,65.56647306647305
p044,1,24,0.1025,0.271,20,40,0.0204081632653061,0.04,62.17500467500468
p044,1,25,0.081,0.247,15,40,0.1020408163265306,0.12,43.241428241428245
p044,1,26,0.1,0.2285,19,41,0.0,0.0,72.01025201025202
p044,1,27,0.111,0.288,21,38,0.0612244897959183,0.08,49.80073480073481
p044,1,28,0.1144999999999999,0.28,20,42,0.0,0.02,65.21386771386774
p044,1,29,0.096,0.224,15,37,0.1020408163265306,0.12,38.12614812614812
p044,1,30,0.096,0.232,18,44,0.0,0.04,70.37378037378038
p044,1,31,0.1,0.236,16,38,0.1836734693877551,0.24,26.93715693715694
p044,1,32,0.096,0.2435,23,44,0.0,0.04,81.12739112739114
p044,1,33,0.104,0.255,17,43,0.0204081632653061,0.04,60.12276012276012
p044,1,34,0.104,0.24,20,47,0.0204081632653061,0.04,73.8953238953239
p044,1,35,0.097,0.248,16,42,0.1020408163265306,0.1,43.747758747758745
p044,1,36,0.104,0.2595,19,42,0.0,0.02,67.38496738496738
p044,1,37,0.0955,0.2715,23,42,0.0,0.04,75.87953337953337
p044,1,38,0.096,0.256,19,42,0.0612244897959183,0.08,56.94166694166695
p044,1,39,0.104,0.251,17,39,0.0204081632653061,0.02,57.24680724680724
p044,1,40,0.0885,0.2115,18,31,0.2857142857142857,0.0,48.42807092807093
p044,1,41,0.0955,0.228,19,43,0.0408163265306122,0.04,67.23022473022473
p044,1,42,0.104,0.283,21,47,0.0204081632653061,0.06,70.12012012012012
p044,1,43,0.092,0.2725,22,45,0.0612244897959183,0.06,69.08325908325908
p044,1,44,0.1,0.224,22,42,0.0408163265306122,0.08,68.71629871629871
p044,1,45,0.103,0.2575,23,41,0.0408163265306122,0.1,63.8957088957089
p044,1,46,0.0925,0.2365,24,45,0.0612244897959183,0.08,73.09691559691561
p044,1,47,0.1035,0.2625,20,42,0.0408163265306122,0.04,62.97091047091047
p044,2,0,0.088,0.2035,18,44,0.0204081632653061,0.02,74.3019943019943
p044,2,1,0.0955,0.2225,19,38,0.0612244897959183,0.08,55.2858627858628
p044,2,2,0.096,0.2485,20,47,0.0,0.0,81.03389103389104
p044,2,3,0.089,0.252,22,44,0.0,0.0,83.26595826595828
p044,2,4,0.104,0.24,19,39,0.0204081632653061,0.02,63.109813109813125
p044,2,5,0.096,0.292,25,45,0.0408163265306122,0.02,74.64453464453466
p044,2,6,0.096,0.236,19,40,0.0204081632653061,0.06,62.993322993323
p044,2,7,0.096,0.2395,17,38,0.0408163265306122,0.08,51.08416108416109
p044,2,8,0.096,0.245,20,38,0.0204081632653061,0.0,67.46482746482745
p044,2,9,0.111,0.2565,18,42,0.0,0.0,65.48950048950049
p044,2,10,0.1105,0.2525,19,41,0.0204081632653061,0.02,62.87504537504538
p044,2,11,0.104,0.2675,18,42,0.0,0.0,66.05506605506605
p044,2,12,0.111,0.26,19,36,0.0204081632653061,0.0,57.446842446842446
p044,2,13,0.112,0.2365,19,43,0.0,0.0,70.91641091641092
p044,2,14,0.1,0.2355,21,45,0.0,0.0,81.1996611996612
p044,2,15,0.1045,0.2475,22,46,0.0204081632653061,0.02,78.35723085723085
p044,2,16,0.087,0.2145,21,45,0.0408163265306122,0.0,81.63509663509664
p044,2,17,0.088,0.224,21,44,0.0,0.0,83.92590392590391
p044,2,18,0.091,0.217,19,45,0.0204081632653061,0.0,78.05151305151306
p044,2,19,0.095,0.2325,20,40,0.0816326530612244,0.1,55.11616011616013
p044,2,20,0.096,0.247,23,47,0.0204081632653061,0.08,78.53853853853855
p044,2,21,0.0875,0.2155,20,36,0.1020408163265306,0.0,60.35367785367785
p044,2,22,0.096,0.236,20,41,0.0612244897959183,0.0,67.44997744997745
p044,2,23,0.092,0.244,19,37,0.0816326530612244,0.08,50.30404030404031
p044,2,24,0.1005,0.2395,23,46,0.0204081632653061,0.04,80.63951313951314
p044,2,25,0.0995,0.236,18,38,0.0,0.02,63.2995907995908
p044,2,26,0.0955,0.287,23,43,0.0204081632653061,0.08,69.52537702537704
p044,2,27,0.0965,0.2305,20,40,0.0204081632653061,0.0,71.36133386133386
p044,2,28,0.104,0.224,19,41,0.0,0.0,71.50832150832152
p044,2,29,0.104,0.255,23,45,0.0204081632653061,0.04,76.97257697257699
p044,2,30,0.096,0.256,22,46,0.0408163265306122,0.1,69.74182974182973
p044,2,31,0.0945,0.231,21,40,0.0612244897959183,0.1,60.14726264726266
p044,2,32,0.099,0.2405,22,46,0.0612244897959183,0.1,68.1981431981432
p044,2,33,0.096,0.2435,19,43,0.0,0.04,70.32153032153032
p044,2,34,0.096,0.256,20,42,0.0,0.06,68.31732831732832
p044,2,35,0.1035,0.243,23,43,0.0408163265306122,0.02,75.1996226996227
p044,2,36,0.095,0.2355,21,34,0.0,0.0,68.2875732875733
p044,2,37,0.103,0.2635,20,36,0.0,0.0,63.76315876315877
p044,2,38,0.1045,0.232,18,39,0.0204081632653061,0.0,63.26246576246577
p044,2,39,0.095,0.232,18,44,0.0816326530612244,0.1,55.532510532510535
p044,2,40,0.095,0.239,21,40,0.1020408163265306,0.1,54.46550946550946
p044,2,41,0.1035,0.248,18,42,0.0612244897959183,0.0,60.98320848320848
p044,2,42,0.0875,0.2245,19,37,0.1836734693877551,0.04,49.88826738826739
p044,2,43,0.087,0.2385,21,41,0.1020408163265306,0.06,61.40607640607641
p044,2,44,0.1,0.231,18,38,0.1020408163265306,0.14,40.665170665170656
p044,2,45,0.105,0.2325,19,40,0.0204081632653061,0.0,66.75637175637176
p044,2,46,0.107,0.2475,19,40,0.0408163265306122,0.02,60.54587554587554
p044,2,47,0.092,0.239,23,45,0.0204081632653061,0.06,79.57946957946957
p044,2,48,0.0925,0.2355,18,40,0.0816326530612244,0.12,48.79734129734131
p045,1,0,0.0725,0.216,17,32,0.1632653061224489,0.24,32.73952523952524
p045,1,1,0.072,0.223,16,40,0.0408163265306122,0.04,62.33695233695234
p045,1,2,0.0715,0.303,15,35,0.0816326530612244,0.2,30.31286781286782
p045,1,3,0.072,0.2435,18,40,0.0408163265306122,0.1,59.49124949124951
p045,1,4,0.0795,0.2315,18,39,0.0408163265306122,0.1,57.62468512468513
p045,1,5,0.071,0.247,20,45,0.0816326530612244,0.08,67.64110264110265
p045,1,6,0.071,0.276,22,46,0.0408163265306122,0.02,81.0996160996161
p045,1,7,0.0715,0.272,18,45,0.0408163265306122,0.06,66.87140437140438
p045,1,8,0.072,0.2435,20,45,0.0408163265306122,0.1,70.66341066341066
p045,1,9,0.072,0.224,18,42,0.0,0.0,78.02846802846803
p045,1,10,0.071,0.232,23,45,0.0408163265306122,0.08,81.04736604736605
p045,1,11,0.0725,0.264,18,41,0.0,0.04,68.91966141966142
p045,1,12,0.067,0.287,17,38,0.1428571428571428,0.28,32.07014707014707
p045,1,13,0.071,0.2365,19,39,0.0,0.02,73.6982586982587
p045,1,14,0.072,0.2235,18,40,0.0204081632653061,0.06,67.57790757790758
p045,1,15,0.069,0.2355,15,35,0.1632653061224489,0.28,30.52200552200552
p045,1,16,0.072,0.272,19,43,0.0408163265306122,0.08,64.71735471735472
p045,1,17,0.08,0.236,20,42,0.0,0.06,74.12885412885413
p045,1,18,0.072,0.248,18,41,0.0408163265306122,0.04,65.87840587840587
p045,1,19,0.072,0.268,16,42,0.0408163265306122,0.22,47.43358743358744
p045,1,20,0.0715,0.24,17,36,0.1224489795918367,0.16,37.372124872124864
p045,1,21,0.071,0.2525,17,39,0.1224489795918367,0.18,38.23422323422324
p045,1,22,0.0755,0.224,19,41,0.0612244897959183,0.14,58.188215688215685
p045,1,23,0.072,0.224,21,44,0.0612244897959183,0.06,75.03701503701505
p045,1,24,0.072,0.231,15,35,0.0816326530612244,0.16,39.25287925287925
p045,1,25,0.071,0.296,23,42,0.1224489795918367,0.2,52.01173701173701
p045,1,26,0.072,0.252,18,40,0.0204081632653061,0.08,62.87320287320287
p045,1,27,0.079,0.216,13,26,0.1428571428571428,0.26,28.810953810953816
p045,1,28,0.0795,0.252,17,37,0.1632653061224489,0.26,31.315408815408816
p045,1,29,0.072,0.244,19,40,0.0204081632653061,0.06,67.90680790680791
p045,1,30,0.072,0.2555,18,45,0.0408163265306122,0.1,64.7003047003047
p045,1,31,0.0715,0.208,15,37,0.1224489795918367,0.24,37.62457512457512
p045,1,32,0.072,0.252,20,41,0.0408163265306122,0.12,62.83250283250285
p045,1,33,0.072,0.264,19,36,0.0612244897959183,0.16,46.75543675543676
p045,1,34,0.072,0.236,18,39,0.0816326530612244,0.14,50.4943404943405
p045,1,35,0.072,0.22,14,33,0.1632653061224489,0.28,30.07722007722008
p045,1,36,0.0795,0.2595,21,44,0.0,0.02,80.54430804430804
p045,1,37,0.072,0.239,17,41,0.0204081632653061,0.06,64.92745492745492
p045,1,38,0.076,0.283,23,44,0.0204081632653061,0.08,75.85068585068586
p045,1,39,0.072,0.255,18,42,0.0408163265306122,0.04,66.45975645975646
p045,1,40,0.0715,0.2555,18,43,0.0204081632653061,0.04,70.1917576917577
p045,1,41,0.071,0.259,19,43,0.0612244897959183,0.16,56.468391468391474
p045,1,42,0.071,0.224,18,43,0.0612244897959183,0.12,61.2946462946463
p045,1,43,0.071,0.248,19,37,0.0816326530612244,0.2,45.64438064438065
p045,1,44,0.072,0.243,21,41,0.0204081632653061,0.1,70.34716034716034
p045,1,45,0.071,0.2795,18,43,0.0612244897959183,0.18,50.183535183535184
p045,1,46,0.072,0.2175,14,34,0.0612244897959183,0.08,49.11053911053912
p045,1,47,0.072,0.224,21,41,0.0408163265306122,0.04,75.42366542366541
p045,1,48,0.072,0.2475,19,44,0.0408163265306122,0.06,70.30371030371032
p045,1,49,0.072,0.248,22,47,0.0204081632653061,0.08,81.77177177177178
p045,1,50,0.072,0.272,17,37,0.2244897959183673,0.24,31.099121099121096
p045,1,51,0.072,0.232,19,38,0.0204081632653061,0.02,70.24761024761024
p045,1,52,0.072,0.2325,25,45,0.0204081632653061,0.08,83.14017314017313
p045,1,53,0.072,0.224,19,38,0.1020408163265306,0.22,46.70978670978671
p045,1,54,0.072,0.232,20,41,0.1224489795918367,0.2,49.75513975513976
p045,1,55,0.072,0.24,20,43,0.0816326530612244,0.1,63.68775368775369
p045,1,56,0.072,0.228,14,34,0.0,0.1,53.35049335049336
p045,2,0,0.072,0.2315,17,40,0.1020408163265306,0.1,51.168641168641166
p045,2,1,0.064,0.204,21,45,0.1020408163265306,0.14,67.8062678062678
p045,2,2,0.071,0.2395,19,43,0.1020408163265306,0.18,51.80658680658681
p045,2,3,0.076,0.2555,22,45,0.0816326530612244,0.14,64.8061248061248
p045,2,4,0.072,0.2565,19,37,0.1224489795918367,0.26,39.79352979352979
p045,2,5,0.072,0.2315,20,42,0.0204081632653061,0.04,75.95496595496594
p045,2,6,0.0715,0.2405,18,36,0.1020408163265306,0.16,42.08397958397958
p045,2,7,0.0715,0.248,24,47,0.0204081632653061,0.1,82.41991991991992
p045,2,8,0.072,0.272,19,38,0.0,0.02,68.62455862455862
p045,2,9,0.064,0.224,18,42,0.0204081632653061,0.1,68.29301829301829
p045,2,10,0.072,0.22,20,39,0.0408163265306122,0.08,67.17530717530717
p045,2,11,0.0645,0.2445,20,44,0.0204081632653061,0.04,79.00348150348151
p045,2,12,0.072,0.2315,19,47,0.0612244897959183,0.12,67.81495781495782
p045,2,13,0.073,0.2485,18,48,0.0204081632653061,0.12,68.25611325611325
p045,2,14,0.072,0.2515,16,35,0.1836734693877551,0.28,28.206118206118205
p045,2,15,0.072,0.2595,20,41,0.0408163265306122,0.1,63.93360393360393
p045,2,16,0.0715,0.2475,16,37,0.0204081632653061,0.04,58.53834603834605
p045,2,17,0.072,0.24,21,43,0.0612244897959183,0.1,68.44965844965846
p045,2,18,0.0725,0.2475,24,46,0.0,0.06,87.03447953447954
p045,2,19,0.072,0.24,19,45,0.0612244897959183,0.1,66.25185625185625
p045,2,20,0.073,0.236,19,43,0.0612244897959183,0.06,67.55376255376255
p045,2,21,0.072,0.264,18,37,0.1020408163265306,0.2,39.04277904277904
p045,2,22,0.073,0.2565,20,41,0.1020408163265306,0.16,51.29739629739629
p045,2,23,0.08,0.256,18,41,0.0,0.0,71.63845163845163
p045,2,24,0.0715,0.244,17,39,0.0816326530612244,0.12,49.28348678348679
p045,2,25,0.08,0.247,21,45,0.0408163265306122,0.04,76.34480634480634
p045,2,26,0.072,0.224,22,44,0.0612244897959183,0.06,77.41796741796743
p045,2,27,0.072,0.284,19,41,0.1428571428571428,0.24,39.78802978802978
p045,2,28,0.068,0.2485,17,35,0.1224489795918367,0.14,37.92440792440792
p045,2,29,0.072,0.248,18,37,0.0816326530612244,0.12,48.58088858088859
p045,2,30,0.064,0.236,19,45,0.0612244897959183,0.18,61.149611149611154
p045,2,31,0.072,0.2435,18,39,0.0204081632653061,0.06,64.2938542938543
p045,2,32,0.072,0.272,18,41,0.1020408163265306,0.2,43.37018337018336
p045,2,33,0.072,0.236,18,38,0.0612244897959183,0.12,53.44509344509345
p045,2,34,0.072,0.247,20,45,0.0408163265306122,0.14,66.60935660935661
p045,2,35,0.072,0.24,20,41,0.0816326530612244,0.16,55.56809556809557
p045,2,36,0.072,0.2405,18,39,0.0816326530612244,0.18,46.34018634018636
p045,2,37,0.072,0.2435,19,40,0.0408163265306122,0.12,60.020350020350016
p045,2,38,0.064,0.2435,19,38,0.2040816326530612,0.28,41.9006919006919
p045,2,39,0.079,0.239,19,41,0.0408163265306122,0.06,65.64174064174065
p045,2,40,0.0755,0.2555,21,41,0.0816326530612244,0.18,53.712311212311214
p045,2,41,0.079,0.264,17,43,0.0612244897959183,0.14,51.15307615307615
p045,2,42,0.0715,0.2675,16,37,0.1224489795918367,0.22,31.66861916861917
p045,2,43,0.072,0.2445,20,42,0.0408163265306122,0.08,68.56900856900857
p045,2,44,0.072,0.2485,21,42,0.1020408163265306,0.22,54.14744414744414
p045,2,45,0.079,0.2475,24,47,0.0204081632653061,0.04,86.23981123981126
p045,2,46,0.079,0.268,20,39,0.1020408163265306,0.2,44.301719301719295
p045,2,47,0.072,0.2435,23,40,0.0204081632653061,0.04,79.33251933251934
p045,2,48,0.0715,0.231,16,31,0.1632653061224489,0.22,29.095166595166592
p045,2,49,0.0715,0.231,19,43,0.0,0.04,77.4061149061149
p045,2,50,0.079,0.2435,18,36,0.0816326530612244,0.1,47.93447293447294
p045,2,51,0.08,0.2395,19,46,0.0612244897959183,0.06,69.3828993828994
p045,2,52,0.072,0.2325,17,42,0.1020408163265306,0.1,53.63264363264363
p045,2,53,0.0715,0.215,20,38,0.1632653061224489,0.26,45.34878284878285
p045,2,54,0.072,0.2505,18,37,0.0816326530612244,0.16,44.62693462693464
p045,2,55,0.068,0.2435,15,40,0.1428571428571428,0.18,36.36955636955637
p045,2,56,0.0715,0.2314999999999999,18,36,0.2040816326530612,0.26,36.37112387112388
p045,2,57,0.081,0.231,19,41,0.0408163265306122,0.06,65.96635096635097
p045,2,58,0.071,0.256,23,46,0.0204081632653061,0.06,84.15981915981916
p045,2,59,0.076,0.295,19,42,0.1224489795918367,0.22,41.3975513975514
p046,1,0,0.0725,0.2415,17,37,0.0612244897959183,0.06,54.66804716804717
p046,1,1,0.074,0.2475,16,44,0.0612244897959183,0.1,56.6000066000066
p046,1,2,0.0785,0.2345,18,36,0.0204081632653061,0.08,57.94913044913046
p046,1,3,0.081,0.252,21,40,0.0204081632653061,0.0,75.28061028061028
p046,1,4,0.0825,0.2304999999999999,19,42,0.0408163265306122,0.0,72.496864996865
p046,1,5,0.0795,0.249,22,46,0.0408163265306122,0.02,81.77850927850928
p046,1,6,0.0815,0.2375,20,49,0.0408163265306122,0.02,78.97361647361647
p046,1,7,0.0805,0.245,19,45,0.0,0.0,80.12966262966262
p046,1,8,0.0795,0.2465,18,41,0.0,0.02,70.85659835659834
p046,1,9,0.079,0.221,21,35,0.1020408163265306,0.14,49.96287496287496
p046,1,10,0.0795,0.2355,17,43,0.0204081632653061,0.06,66.05619355619355
p046,1,11,0.0755,0.2195,20,45,0.0408163265306122,0.06,75.93618343618344
p046,1,12,0.079,0.2425,19,36,0.0,0.04,65.4948904948905
p046,1,13,0.079,0.2185,19,38,0.0,0.0,74.16509916509918
p046,1,14,0.075,0.2375,18,42,0.0408163265306122,0.04,67.4972224972225
p046,1,15,0.08,0.2755,20,40,0.1020408163265306,0.12,50.15048015048014
p046,1,16,0.077,0.2425,18,42,0.0816326530612244,0.08,58.05492305492306
p046,1,17,0.073,0.251,20,48,0.0408163265306122,0.04,77.79422279422279
p046,1,18,0.0775,0.2225,21,45,0.0408163265306122,0.0,83.0962005962006
p046,1,19,0.0785,0.2324999999999999,21,44,0.0408163265306122,0.06,75.01949751949753
p046,1,20,0.078,0.2395,18,41,0.0612244897959183,0.0,66.62343662343663
p046,1,21,0.074,0.21,19,40,0.0816326530612244,0.1,59.98745998745999
p046,1,22,0.0775,0.2295,20,47,0.0204081632653061,0.0,84.95960245960245
p046,1,23,0.0805,0.239,14,37,0.0408163265306122,0.12,47.457979957979965
p046,1,24,0.087,0.282,22,49,0.0204081632653061,0.06,76.64879164879166
p046,1,25,0.0865,0.2435,18,37,0.0816326530612244,0.08,49.28266178266179
p046,1,26,0.083,0.2365,17,42,0.0408163265306122,0.06,61.45975645975647
p046,1,27,0.0865,0.242,20,42,0.0,0.0,77.53619003619004
p046,1,28,0.084,0.2375,19,38,0.0612244897959183,0.12,52.81875281875282
p046,1,29,0.081,0.2245,20,44,0.0408163265306122,0.04,74.6959596959597
p046,1,30,0.0795,0.2435,20,43,0.0408163265306122,0.08,68.16544566544566
p046,1,31,0.0835,0.2575,17,45,0.0204081632653061,0.06,65.46571296571297
p046,1,32,0.081,0.2505,20,44,0.0,0.02,78.7071137071137
p046,1,33,0.082,0.241,18,43,0.0,0.02,73.37601337601338
p046,1,34,0.078,0.2345,18,40,0.1428571428571428,0.12,45.20696520696521
p046,1,35,0.0825,0.2445,19,40,0.0204081632653061,0.0,70.91231341231342
p046,1,36,0.09,0.28,19,44,0.0408163265306122,0.08,60.91289091289091
p046,1,37,0.0765,0.242,22,46,0.0204081632653061,0.06,81.87074437074436
p046,1,38,0.0825,0.2475,19,42,0.0408163265306122,0.14,57.83220033220034
p046,1,39,0.087,0.2465,18,40,0.0204081632653061,0.0,67.25973225973226
p046,1,40,0.081,0.2755,18,43,0.0816326530612244,0.12,51.377586377586375
p046,1,41,0.0835,0.227,18,39,0.0408163265306122,0.0,66.38201388201388
p046,1,42,0.0835,0.228,17,37,0.0,0.0,66.0987635987636
p046,1,43,0.0835,0.243,23,46,0.0408163265306122,0.0,85.65953315953317
p046,1,44,0.077,0.2205,20,41,0.0612244897959183,0.06,67.96978296978298
p046,1,45,0.08,0.24,25,42,0.0,0.0,86.42686642686643
p046,1,46,0.0765,0.2215,23,45,0.0408163265306122,0.1,78.93704143704144
p046,1,47,0.0845,0.2495,20,45,0.0204081632653061,0.02,76.87497937497938
p046,2,0,0.089,0.238,17,44,0.0204081632653061,0.0,70.38164538164538
p046,2,1,0.085,0.217,19,37,0.0204081632653061,0.06,63.668118668118666
p046,2,2,0.091,0.272,20,46,0.0,0.0,78.58996358996359
p046,2,3,0.088,0.2535,23,45,0.0,0.02,85.16505516505515
p046,2,4,0.089,0.2295,19,39,0.0,0.0,71.96509696509698
p046,2,5,0.081,0.2329999999999999,25,45,0.0,0.0,90.73562573562576
p046,2,6,0.0849999999999999,0.2555,18,42,0.1020408163265306,0.14,46.91235191235193
p046,2,7,0.0935,0.2235,16,35,0.0612244897959183,0.08,44.672942172942186
p046,2,8,0.0854999999999999,0.2355,19,38,0.1020408163265306,0.08,51.60360910360913
p046,2,9,0.088,0.2475,20,39,0.0612244897959183,0.06,60.08393008393009
p046,2,10,0.0875,0.225,19,44,0.0,0.02,77.33109483109483
p046,2,11,0.0854999999999999,0.231,17,45,0.0408163265306122,0.0,70.81677831677835
p046,2,12,0.0905,0.258,24,44,0.0,0.0,84.6891671891672
p046,2,13,0.083,0.239,15,34,0.0204081632653061,0.0,56.50865150865152
p046,2,14,0.088,0.2395,21,44,0.0,0.0,82.37435237435238
p046,2,15,0.084,0.2515,25,48,0.0,0.02,88.88173888173888
p046,2,16,0.086,0.2795,19,40,0.0816326530612244,0.1,50.17336017336018
p046,2,17,0.0845,0.246,17,43,0.0408163265306122,0.0,66.98926948926949
p046,2,18,0.088,0.265,21,46,0.0408163265306122,0.04,73.92029392029391
p046,2,19,0.0905,0.2445,21,45,0.0,0.02,80.70881320881321
p046,2,20,0.086,0.25,20,40,0.0204081632653061,0.0,71.9093819093819
p046,2,21,0.081,0.246,21,44,0.0408163265306122,0.02,76.77661177661177
p046,2,22,0.0835,0.235,20,39,0.1428571428571428,0.14,45.47539297539297
p046,2,23,0.0845,0.2425,19,39,0.1224489795918367,0.08,50.04210254210253
p046,2,24,0.0815,0.2305,19,36,0.0408163265306122,0.0,65.04265254265253
p046,2,25,0.09,0.26,20,44,0.0,0.0,77.46515746515747
p046,2,26,0.084,0.2315,19,42,0.0,0.0,76.8015268015268
p046,2,27,0.087,0.2575,21,41,0.0408163265306122,0.06,66.64703164703165
p046,2,28,0.08,0.2265,20,43,0.0204081632653061,0.0,79.53645953645955
p046,2,29,0.0885,0.2655,19,41,0.0,0.04,67.34093984093984
p046,2,30,0.088,0.2305,22,43,0.0,0.02,82.52230252230251
p046,2,31,0.089,0.243,22,44,0.0204081632653061,0.0,81.78590678590679
p046,2,32,0.0845,0.2265,22,46,0.0204081632653061,0.0,87.07308957308958
p046,2,33,0.0825,0.246,20,45,0.0,0.0,81.93432443432442
p046,2,34,0.0844999999999999,0.2275,20,40,0.0,0.0,76.89972939972942
p046,2,35,0.0885,0.249,22,41,0.0408163265306122,0.0,75.07724757724758
p046,2,36,0.0875,0.242,25,44,0.0612244897959183,0.12,68.75108625108626
p046,2,37,0.0895,0.2525,18,31,0.0,0.02,58.9006864006864
p046,2,38,0.0815,0.2435,23,40,0.0204081632653061,0.02,78.92246642246643
p046,2,39,0.08,0.221,14,35,0.1020408163265306,0.12,39.67186967186967
p046,2,40,0.0825,0.262,22,48,0.0204081632653061,0.02,83.42592592592592
p046,2,41,0.0845,0.2305,21,46,0.0204081632653061,0.02,82.43988493988495
p046,2,42,0.0805,0.219,19,44,0.1020408163265306,0.06,63.98989648989649
p046,2,43,0.0835,0.238,21,42,0.0204081632653061,0.04,74.94717244717245
p046,2,44,0.0805,0.231,21,43,0.0408163265306122,0.02,77.1151096151096
p046,2,45,0.0775,0.216,19,37,0.1020408163265306,0.1,52.32641982641982
p046,2,46,0.0795,0.215,14,28,0.2857142857142857,0.3,28.79200629200629
p046,2,47,0.078,0.226,19,41,0.0816326530612244,0.06,62.41923241923243
p046,2,48,0.079,0.239,22,45,0.0204081632653061,0.06,80.2937552937553
p046,2,49,0.0775,0.214,20,41,0.0204081632653061,0.0,78.81884631884633
p047,1,0,0.0755,0.179,17,32,0.2448979591836734,0.08,42.23544973544973
p047,1,1,0.083,0.191,15,42,0.0204081632653061,0.0,70.01831501831502
p047,1,2,0.0775,0.1935,17,38,0.0204081632653061,0.0,68.58058608058609
p047,1,3,0.08,0.1995,24,40,0.0,0.02,85.36426536426535
p047,1,4,0.081,0.187,19,42,0.0408163265306122,0.0,75.25641025641026
p047,1,5,0.0755,0.1975,23,45,0.0816326530612244,0.06,79.61843711843713
p047,1,6,0.08,0.207,19,48,0.0204081632653061,0.0,84.23566423566426
p047,1,7,0.067,0.1709999999999999,18,28,0.4693877551020408,0.08,46.64021164021164
p047,1,8,0.0,0.0325,11,16,0.7142857142857143,0.08,42.59259259259259
p047,1,9,0.0825,0.188,16,41,0.0,0.0,71.23626373626374
p047,1,10,0.074,0.207,22,46,0.0204081632653061,0.04,87.82133782133782
p047,1,11,0.0815,0.2,20,41,0.0,0.06,75.44261294261294
p047,1,12,0.0815,0.201,19,44,0.0204081632653061,0.08,72.67501017501019
p047,1,13,0.0745,0.2185,16,36,0.0816326530612244,0.18,39.33909183909184
p047,1,14,0.0815,0.1925,17,37,0.0204081632653061,0.04,62.642450142450144
p047,1,15,0.083,0.2035,20,41,0.0204081632653061,0.0,78.26007326007327
p047,1,16,0.075,0.1925,19,39,0.1020408163265306,0.18,49.02930402930403
p047,1,17,0.0854999999999999,0.219,22,40,0.0612244897959183,0.12,64.02042152042155
p047,1,18,0.074,0.211,16,40,0.1020408163265306,0.16,44.80799480799481
p047,1,19,0.0815,0.2055,22,45,0.1020408163265306,0.14,66.02055352055352
p047,1,20,0.0805,0.201,20,43,0.0612244897959183,0.06,71.1019536019536
p047,1,21,0.078,0.187,21,47,0.0204081632653061,0.1,80.26455026455027
p047,1,22,0.0805,0.198,18,41,0.1020408163265306,0.06,59.01404151404151
p047,1,23,0.083,0.194,19,38,0.0408163265306122,0.04,65.94831094831095
p047,1,24,0.0865,0.2085,22,47,0.0408163265306122,0.0,87.29979979979981
p047,1,25,0.0815,0.1855,17,34,0.0,0.02,63.029100529100525
p047,1,26,0.086,0.2105,21,48,0.0408163265306122,0.08,77.43028743028744
p047,1,27,0.0844999999999999,0.2225,17,41,0.0612244897959183,0.14,51.43360393360396
p047,1,28,0.081,0.2125,18,45,0.0408163265306122,0.02,74.26915926915927
p047,1,29,0.081,0.196,20,39,0.0612244897959183,0.1,62.15099715099716
p047,1,30,0.082,0.204,19,38,0.0204081632653061,0.04,68.56735856735857
p047,1,31,0.0839999999999999,0.183,19,42,0.0408163265306122,0.04,70.83842083842087
p047,1,32,0.082,0.2085,20,41,0.0408163265306122,0.08,68.50960850960851
p047,1,33,0.0815,0.2015,16,40,0.0816326530612244,0.14,47.70553520553522
p047,1,34,0.082,0.213,18,42,0.1020408163265306,0.18,48.17718817718818
p047,1,35,0.0805,0.191,19,42,0.0204081632653061,0.04,74.05270655270654
p047,1,36,0.0815,0.19,16,45,0.0816326530612244,0.14,54.11579161579163
p047,1,37,0.0795,0.2105,19,42,0.0816326530612244,0.12,59.34013684013686
p047,1,38,0.092,0.209,19,44,0.0408163265306122,0.06,69.3956593956594
p047,1,39,0.0885,0.191,20,44,0.0204081632653061,0.02,78.94485144485144
p047,1,40,0.078,0.211,21,45,0.0612244897959183,0.14,68.78438878438878
p047,1,41,0.0865,0.226,20,41,0.0612244897959183,0.12,59.601772101772106
p047,1,42,0.0825,0.2115,14,32,0.0204081632653061,0.0,59.380451880451886
p047,1,43,0.088,0.19,19,41,0.1224489795918367,0.16,47.96906796906797
p047,1,44,0.074,0.185,18,36,0.1632653061224489,0.24,38.27838827838828
p047,1,45,0.0849999999999999,0.2065,17,40,0.0204081632653061,0.0,69.35897435897438
p047,1,46,0.091,0.203,25,47,0.0204081632653061,0.02,89.33862433862434
p047,1,47,0.0825,0.1975,17,37,0.0816326530612244,0.08,51.55779405779407
p047,1,48,0.0845,0.186,24,43,0.0816326530612244,0.08,73.05962555962556
p047,1,49,0.083,0.1995,21,41,0.1020408163265306,0.16,56.3024013024013
p047,1,50,0.08,0.186,22,43,0.0204081632653061,0.06,80.74481074481074
p047,1,51,0.0845,0.2195,21,45,0.0612244897959183,0.1,70.0896225896226
p047,2,0,0.075,0.1785,17,44,0.0408163265306122,0.0,74.48717948717949
p047,2,1,0.077,0.2324999999999999,21,45,0.0408163265306122,0.2,65.54758054758057
p047,2,2,0.0825,0.2025,17,41,0.0816326530612244,0.14,51.13044363044365
p047,2,3,0.081,0.208,20,43,0.0612244897959183,0.1,67.12905212905214
p047,2,4,0.0865,0.1945,23,42,0.0408163265306122,0.06,77.91514041514041
p047,2,5,0.087,0.224,19,41,0.1020408163265306,0.18,46.984511984511975
p047,2,6,0.0815,0.219,26,47,0.0204081632653061,0.1,82.94187044187044
p047,2,7,0.0825,0.221,18,41,0.0408163265306122,0.1,60.52555302555302
p047,2,8,0.099,0.216,17,36,0.0816326530612244,0.12,41.6925166925167
p047,2,9,0.084,0.19,19,39,0.0408163265306122,0.1,61.43671143671144
p047,2,10,0.0854999999999999,0.182,22,44,0.0612244897959183,0.1,72.25172975172977
p047,2,11,0.086,0.209,16,40,0.0612244897959183,0.14,48.76480876480878
p047,2,12,0.0875,0.206,20,46,0.0408163265306122,0.04,77.51424501424502
p047,2,13,0.0845,0.196,17,42,0.0612244897959183,0.12,56.16910866910868
p047,2,14,0.087,0.2085,24,44,0.0,0.0,90.47745547745548
p047,2,15,0.082,0.216,15,34,0.1428571428571428,0.18,28.096668096668093
p047,2,16,0.0825,0.1975,19,43,0.0408163265306122,0.08,68.77391127391128
p047,2,17,0.081,0.212,19,37,0.1224489795918367,0.22,42.1051271051271
p047,2,18,0.0839999999999999,0.2339999999999999,24,41,0.0816326530612244,0.22,58.60255860255864
p047,2,19,0.0885,0.199,21,43,0.0408163265306122,0.04,75.8109483109483
p047,2,20,0.0825,0.191,19,43,0.1020408163265306,0.12,57.92735042735043
p047,2,21,0.0854999999999999,0.2135,21,46,0.0612244897959183,0.12,69.8823273823274
p047,2,22,0.0844999999999999,0.214,20,45,0.0408163265306122,0.06,74.34387684387687
p047,2,23,0.086,0.205,19,37,0.0408163265306122,0.06,62.1001221001221
p047,2,24,0.0825,0.2045,21,44,0.0408163265306122,0.04,78.52157102157102
p047,2,25,0.081,0.1975,22,46,0.0612244897959183,0.04,81.44281644281645
p047,2,26,0.081,0.223,21,43,0.1020408163265306,0.04,68.8021538021538
p047,2,27,0.0875,0.1975,19,35,0.1020408163265306,0.14,44.628612128612126
p047,2,28,0.081,0.1935,17,32,0.0408163265306122,0.0,60.23809523809524
p047,2,29,0.081,0.189,19,40,0.0,0.02,75.6023606023606
p047,2,30,0.0875,0.1965,22,43,0.0408163265306122,0.1,72.87444037444038
p047,2,31,0.088,0.2095,19,40,0.0612244897959183,0.12,57.23327723327724
p047,2,32,0.0845,0.1945,19,42,0.1224489795918367,0.14,51.936304436304425
p047,2,33,0.0849999999999999,0.1945,21,43,0.0408163265306122,0.08,72.94057794057797
p047,2,34,0.087,0.198,21,45,0.0,0.0,87.1978021978022
p047,2,35,0.089,0.2205,22,43,0.0612244897959183,0.08,70.58679558679559
p047,2,36,0.0865,0.204,22,42,0.0204081632653061,0.04,79.76699226699226
p047,2,37,0.082,0.189,24,47,0.0408163265306122,0.06,85.3968253968254
p047,2,38,0.08,0.192,19,41,0.0204081632653061,0.04,72.88970288970289
p047,2,39,0.084,0.18,21,41,0.0408163265306122,0.06,72.46642246642247
p047,2,40,0.0865,0.204,23,44,0.0408163265306122,0.0,86.03479853479854
p047,2,41,0.0805,0.2145,20,37,0.1020408163265306,0.18,46.73582923582924
p047,2,42,0.087,0.201,21,35,0.0204081632653061,0.06,66.44078144078144
p047,2,43,0.081,0.2329999999999999,20,38,0.0408163265306122,0.12,58.74539374539376
p047,2,44,0.0854999999999999,0.2005,16,43,0.0612244897959183,0.08,58.53581603581606
p047,2,45,0.0865,0.217,16,33,0.2040816326530612,0.3,26.925139425139424
p047,2,46,0.082,0.1925,18,34,0.1428571428571428,0.14,37.51322751322751
p047,2,47,0.086,0.196,21,45,0.0204081632653061,0.02,83.2030932030932
p047,2,48,0.0805,0.1975,21,43,0.1224489795918367,0.1,62.636345136345135
p047,2,49,0.086,0.1875,21,39,0.0816326530612244,0.12,59.10866910866912
p047,2,50,0.095,0.1915,19,39,0.0204081632653061,0.02,68.6060236060236
p047,2,51,0.082,0.178,18,41,0.0408163265306122,0.0,71.35531135531136
p047,2,52,0.083,0.189,22,43,0.0408163265306122,0.04,79.5014245014245
p047,2,53,0.0815,0.2015,22,43,0.0204081632653061,0.02,84.09137159137158
p047,2,54,0.0795,0.193,20,36,0.0816326530612244,0.06,59.9847374847375
p048,1,0,0.097,0.306,20,38,0.0,0.02,61.64972664972665
p048,1,1,0.092,0.2835,16,45,0.1224489795918367,0.18,35.44247544247545
p048,1,2,0.0985,0.277,18,39,0.0204081632653061,0.06,54.63097713097713
p048,1,3,0.095,0.281,22,43,0.0612244897959183,0.06,64.95401995401996
p048,1,4,0.092,0.298,20,39,0.1224489795918367,0.2,35.822525822525826
p048,1,5,0.1055,0.338,19,39,0.1632653061224489,0.26,23.842331342331345
p048,1,6,0.0895,0.2745,22,45,0.0408163265306122,0.14,64.45184195184196
p048,1,7,0.098,0.2805,16,41,0.0612244897959183,0.04,49.29181929181929
p048,1,8,0.096,0.284,23,43,0.0204081632653061,0.02,75.26218526218527
p048,1,9,0.102,0.291,18,43,0.0612244897959183,0.14,45.35513535513536
p048,1,10,0.109,0.313,17,39,0.0408163265306122,0.12,38.20991320991321
p048,1,11,0.101,0.3195,22,44,0.0612244897959183,0.14,53.54623854623856
p048,1,12,0.108,0.3395,20,40,0.0408163265306122,0.12,44.22026422026423
p048,1,13,0.1035,0.281,21,45,0.0204081632653061,0.08,66.02341352341352
p048,1,14,0.096,0.272,17,34,0.0408163265306122,0.08,42.7027027027027
p048,1,15,0.0945,0.288,18,43,0.0204081632653061,0.08,57.758610258610254
p048,1,16,0.086,0.2545,18,37,0.1224489795918367,0.24,34.27944427944428
p048,1,17,0.1025,0.313,20,45,0.0408163265306122,0.06,60.14825264825265
p048,1,18,0.1025,0.291,21,40,0.0612244897959183,0.02,59.64390214390215
p048,1,19,0.0955,0.283,17,38,0.0816326530612244,0.12,38.3832458832459
p048,1,20,0.1065,0.319,20,46,0.0408163265306122,0.06,59.87732237732238
p048,1,21,0.0965,0.2925,20,42,0.0408163265306122,0.02,63.48642598642599
p048,1,22,0.109,0.2615,20,43,0.0612244897959183,0.14,51.4033264033264
p048,1,23,0.0975,0.3035,16,41,0.1224489795918367,0.12,32.558300058300055
p048,1,24,0.1015,0.2715,17,35,0.1836734693877551,0.28,21.56125906125906
p048,1,25,0.099,0.271,22,42,0.0408163265306122,0.04,67.95339295339296
p048,1,26,0.0965,0.285,17,40,0.0612244897959183,0.08,46.5937090937091
p048,1,27,0.091,0.258,18,43,0.0408163265306122,0.12,55.51029051029051
p048,1,28,0.1005,0.285,20,49,0.0204081632653061,0.04,70.22415272415275
p048,1,29,0.0905,0.247,18,41,0.0816326530612244,0.1,51.25628375628376
p048,1,30,0.098,0.2625,16,38,0.0204081632653061,0.02,53.861223861223856
p048,1,31,0.097,0.293,19,43,0.0816326530612244,0.2,42.64170764170765
p048,1,32,0.092,0.2815,18,38,0.0204081632653061,0.08,52.59424259424261
p048,1,33,0.096,0.2555,20,44,0.0816326530612244,0.12,55.852115852115865
p048,1,34,0.1025,0.31,19,42,0.0,0.02,62.68705518705519
p048,1,35,0.0995,0.289,16,45,0.0408163265306122,0.1,50.03742753742754
p048,1,36,0.1055,0.298,20,43,0.0,0.02,66.83697433697434
p048,1,37,0.095,0.2925,17,42,0.0204081632653061,0.1,51.67425667425668
p048,1,38,0.1,0.277,18,45,0.0408163265306122,0.04,61.43704143704144
p048,1,39,0.0985,0.2905,19,41,0.0816326530612244,0.18,39.97071247071248
p048,1,40,0.095,0.289,18,42,0.0408163265306122,0.1,52.024607024607015
p048,1,41,0.093,0.2655,18,42,0.1224489795918367,0.2,37.921932921932914
p048,1,42,0.092,0.2825,21,45,0.0,0.04,74.6960146960147
p048,1,43,0.0995,0.289,19,44,0.0408163265306122,0.12,54.046381546381554
p048,1,44,0.102,0.2965,16,35,0.0204081632653061,0.02,45.65928565928567
p048,1,45,0.0895,0.247,20,43,0.0612244897959183,0.12,59.34948684948686
p048,1,46,0.0875,0.2675,20,42,0.0204081632653061,0.02,70.51273801273801
p048,1,47,0.092,0.2535,17,44,0.0408163265306122,0.1,56.47559647559648
p048,1,48,0.0895,0.311,25,49,0.0408163265306122,0.02,76.85435435435436
p048,1,49,0.0905,0.253,19,40,0.0204081632653061,0.02,66.30484880484882
p048,1,50,0.096,0.3275,29,48,0.0408163265306122,0.12,64.39582439582439
p048,1,51,0.0915,0.2655,21,45,0.0408163265306122,0.12,64.34745184745185
p048,1,52,0.0865,0.2565,23,46,0.0,0.04,84.65209715209714
p048,2,0,0.1015,0.285,18,45,0.0408163265306122,0.04,60.27909777909778
p048,2,1,0.0965,0.2965,22,43,0.1020408163265306,0.18,47.17230967230967
p048,2,2,0.091,0.242,19,43,0.1020408163265306,0.14,50.4981354981355
p048,2,3,0.0955,0.298,22,48,0.0,0.06,75.40433290433292
p048,2,4,0.091,0.2845,23,44,0.0,0.0,81.91746691746691
p048,2,5,0.087,0.2545,20,41,0.0,0.0,74.88383988383988
p048,2,6,0.102,0.27,22,42,0.0,0.04,72.1011121011121
p048,2,7,0.097,0.2635,20,45,0.0408163265306122,0.1,62.7090277090277
p048,2,8,0.092,0.2425,19,41,0.0408163265306122,0.06,62.196152196152205
p048,2,9,0.0805,0.286,20,37,0.0816326530612244,0.14,45.66332816332817
p048,2,10,0.0895,0.264,21,44,0.0408163265306122,0.08,67.3954448954449
p048,2,11,0.088,0.252,19,45,0.0,0.06,72.08769208769209
p048,2,12,0.0895,0.2725,18,47,0.0816326530612244,0.1,56.63413413413414
p048,2,13,0.091,0.2935,22,44,0.0,0.08,71.22820622820622
p048,2,14,0.094,0.279,18,39,0.0408163265306122,0.1,49.41754941754942
p048,2,15,0.0854999999999999,0.2329999999999999,18,39,0.1020408163265306,0.14,45.199402699402725
p048,2,16,0.1005,0.2735,18,41,0.0612244897959183,0.12,46.75177925177925
p048,2,17,0.0895,0.2825,24,48,0.0204081632653061,0.08,76.53260403260404
p048,2,18,0.092,0.2515,17,39,0.1428571428571428,0.16,32.805222805222805
p048,2,19,0.0815,0.2575,21,44,0.0816326530612244,0.0,72.5963600963601
p048,2,20,0.091,0.2745,22,46,0.0,0.04,79.39791439791439
p048,2,21,0.091,0.27,18,45,0.0204081632653061,0.0,70.36525536525536
p048,2,22,0.092,0.255,20,39,0.0612244897959183,0.08,56.52894652894654
p048,2,23,0.092,0.2725,19,45,0.0612244897959183,0.1,58.23669823669824
p048,2,24,0.092,0.2715,23,43,0.0816326530612244,0.12,61.06370106370108
p048,2,25,0.0955,0.2735,21,40,0.1020408163265306,0.02,58.3004158004158
p048,2,26,0.0885,0.248,19,39,0.1428571428571428,0.2,36.8989593989594
p048,2,27,0.0865,0.226,20,35,0.0408163265306122,0.02,63.54967604967605
p048,2,28,0.095,0.2535,17,43,0.0204081632653061,0.04,62.41576741576741
p048,2,29,0.084,0.2515,21,45,0.0,0.0,83.4075834075834
p048,2,30,0.0865,0.279,19,39,0.0,0.06,62.04982454982456
p048,2,31,0.0915,0.2545,22,42,0.0204081632653061,0.02,75.62356312356313
p048,2,32,0.092,0.253,19,40,0.0204081632653061,0.08,60.39215039215039
p048,2,33,0.0865,0.2515,22,44,0.0,0.04,80.2075427075427
p048,2,34,0.0865,0.257,22,46,0.0408163265306122,0.06,75.60733810733811
p048,2,35,0.096,0.27,22,41,0.0204081632653061,0.08,66.16297616297616
p048,2,36,0.1015,0.2555,21,48,0.0,0.0,81.40461890461891
p048,2,37,0.096,0.2705,20,42,0.0,0.06,66.86587686587687
p048,2,38,0.105,0.2715,19,42,0.0204081632653061,0.02,63.56471856471857
p048,2,39,0.0965,0.294,27,47,0.0204081632653061,0.04,77.41848991848993
p048,2,40,0.0995,0.275,19,37,0.0204081632653061,0.08,52.55808005808007
p048,2,41,0.097,0.248,20,39,0.1836734693877551,0.28,37.25610225610225
p048,2,42,0.092,0.248,20,40,0.0612244897959183,0.14,52.95614295614296
p048,2,43,0.092,0.2655,19,43,0.0408163265306122,0.08,60.60610060610061
p048,2,44,0.092,0.27,18,43,0.1224489795918367,0.24,38.991628991628986
p048,2,45,0.1,0.271,18,41,0.1428571428571428,0.18,32.04171204171204
p048,2,46,0.091,0.259,20,46,0.0612244897959183,0.18,56.08174108174108
p048,2,47,0.091,0.2595,18,41,0.0612244897959183,0.02,59.67434467434467
p048,2,48,0.0965,0.2705,20,44,0.0612244897959183,0.14,54.76066726066727
p048,2,49,0.0865,0.2875,21,41,0.0408163265306122,0.08,61.91122441122442
p048,2,50,0.0885,0.262,20,47,0.0408163265306122,0.04,73.00264550264549
p048,2,51,0.0985,0.255,19,41,0.0408163265306122,0.04,61.24913374913374
p048,2,52,0.1065,0.284,20,43,0.0612244897959183,0.08,55.30186780186781
p048,2,53,0.0915,0.2735,19,37,0.1224489795918367,0.16,35.3008228008228
p048,2,54,0.087,0.265,19,41,0.0408163265306122,0.04,62.98622798622799
p048,2,55,0.092,0.252,14,32,0.0612244897959183,0.16,33.48777348777349
p049,1,0,0.115,0.3465,16,36,0.1020408163265306,0.22,14.502469502469502
p049,1,1,0.1135,0.2935,15,40,0.0204081632653061,0.08,44.07619157619158
p049,1,2,0.099,0.2995,19,42,0.1020408163265306,0.24,37.851862851862855
p049,1,3,0.1115,0.299,17,43,0.0408163265306122,0.06,49.6998371998372
p049,1,4,0.112,0.318,22,41,0.1020408163265306,0.22,38.765578765578766
p049,1,5,0.112,0.3555,21,45,0.0408163265306122,0.1,52.30934230934232
p049,1,6,0.106,0.292,20,44,0.0612244897959183,0.08,55.90216590216591
p049,1,7,0.106,0.3045,16,39,0.0612244897959183,0.06,40.568700568700585
p049,1,8,0.11,0.325,18,39,0.0816326530612244,0.16,30.68596068596069
p049,1,9,0.1195,0.3409999999999999,21,45,0.0204081632653061,0.12,52.50418000418002
p049,1,10,0.1295,0.32,20,43,0.0,0.06,55.21678271678271
p049,1,11,0.12,0.307,22,44,0.0408163265306122,0.08,58.21018821018821
p049,1,12,0.1215,0.313,19,41,0.0204081632653061,0.08,48.64438614438615
p049,1,13,0.1169999999999999,0.314,20,42,0.0612244897959183,0.16,41.10940610940614
p049,1,14,0.1165,0.306,19,39,0.0816326530612244,0.16,33.42119592119593
p049,1,15,0.1095,0.308,15,34,0.0816326530612244,0.16,21.33454883454884
p049,1,16,0.1235,0.3045,18,41,0.0204081632653061,0.12,42.93439043439045
p049,1,17,0.1164999999999999,0.3205,19,44,0.0816326530612244,0.12,42.083704583704616
p049,1,18,0.116,0.289,19,39,0.1428571428571428,0.24,26.247236247236245
p049,1,19,0.1235,0.32,22,41,0.0612244897959183,0.12,46.14474364474365
p049,1,20,0.1165,0.3415,18,41,0.0408163265306122,0.12,38.51640101640101
p049,1,21,0.1135,0.317,21,44,0.0816326530612244,0.1,49.76209726209728
p049,1,22,0.113,0.3095,19,44,0.0816326530612244,0.12,44.01813901813902
p049,1,23,0.127,0.349,22,47,0.0,0.06,62.799227799227815
p049,1,24,0.1105,0.3165,15,43,0.1020408163265306,0.18,27.551260051260044
p049,1,25,0.1175,0.328,17,41,0.0816326530612244,0.18,26.93124443124444
p049,1,26,0.112,0.313,22,39,0.0408163265306122,0.06,54.95594495594495
p049,1,27,0.1185,0.302,18,42,0.0612244897959183,0.16,37.1915596915597
p049,1,28,0.123,0.306,16,37,0.0612244897959183,0.14,26.399421399421403
p049,1,29,0.1135,0.354,21,43,0.0816326530612244,0.22,37.36893486893487
p049,1,30,0.1065,0.3265,17,40,0.0816326530612244,0.2,28.418390918390926
p049,1,31,0.1145,0.2925,16,43,0.0612244897959183,0.1,41.17059367059368
p049,1,32,0.1195,0.3325,16,42,0.0408163265306122,0.12,35.22316272316272
p049,1,33,0.1105,0.3165,20,42,0.0816326530612244,0.2,38.17397067397068
p049,1,34,0.1155,0.3585,18,43,0.0612244897959183,0.2,31.680389180389184
p049,1,35,0.1115,0.368,18,37,0.0408163265306122,0.16,28.222315722315724
p049,1,36,0.1135,0.2925,18,43,0.0612244897959183,0.12,44.31874181874182
p049,1,37,0.107,0.3045,18,43,0.0612244897959183,0.18,39.10960410960411
p049,1,38,0.106,0.285,15,39,0.0816326530612244,0.18,29.02858902858904
p049,1,39,0.1065,0.34,20,48,0.0,0.1,60.11547261547262
p049,1,40,0.112,0.324,20,45,0.0,0.08,59.695299695299695
p049,1,41,0.1075,0.2935,16,44,0.0816326530612244,0.16,36.0827035827036
p049,1,42,0.1085,0.303,20,44,0.0408163265306122,0.08,56.58677908677908
p049,1,43,0.112,0.3165,20,44,0.1020408163265306,0.22,37.999977999978
p049,1,44,0.1115,0.297,17,39,0.0612244897959183,0.12,36.83532433532434
p049,1,45,0.1215,0.346,23,48,0.0408163265306122,0.08,60.17624767624768
p049,1,46,0.1115,0.345,21,41,0.0612244897959183,0.22,38.56287606287607
p049,1,47,0.106,0.3445,19,43,0.0612244897959183,0.2,37.72464772464773
p049,1,48,0.127,0.295,14,32,0.0204081632653061,0.02,38.57500357500358
p049,1,49,0.1215,0.345,20,46,0.0408163265306122,0.1,49.99958749958751
p049,1,50,0.1135,0.304,19,45,0.0612244897959183,0.16,44.40894190894191
p049,1,51,0.1115,0.3005,17,41,0.1224489795918367,0.24,26.350663850663853
p049,1,52,0.108,0.2865,19,39,0.0816326530612244,0.2,35.54510554510556
p049,1,53,0.113,0.3994999999999999,20,45,0.1020408163265306,0.16,35.240130240130235
p049,1,54,0.115,0.3145,19,42,0.0408163265306122,0.08,48.94295394295395
p049,1,55,0.1095,0.3305,26,43,0.0204081632653061,0.14,56.28213378213377
p049,1,56,0.104,0.3095,17,36,0.1224489795918367,0.3,20.825220825220825
p049,1,57,0.1055,0.3445,24,42,0.0612244897959183,0.26,46.08545358545359
p049,1,58,0.104,0.3075,23,45,0.0408163265306122,0.14,60.07711007711009
p049,1,59,0.104,0.3095,20,42,0.0816326530612244,0.18,40.42229042229042
p049,2,0,0.1045,0.2725,16,38,0.2040816326530612,0.02,37.026889526889526
p049,2,1,0.107,0.286,22,46,0.0612244897959183,0.08,63.59067859067861
p049,2,2,0.1035,0.2515,16,36,0.1020408163265306,0.2,26.750074250074245
p049,2,3,0.0945,0.318,20,42,0.1632653061224489,0.16,36.54233904233904
p049,2,4,0.1055,0.319,23,45,0.0204081632653061,0.04,70.20902770902771
p049,2,5,0.1045,0.3355,20,41,0.0,0.12,51.497953997954006
p049,2,6,0.1105,0.3175,23,47,0.0408163265306122,0.1,63.7962962962963
p049,2,7,0.1085,0.2935,19,40,0.1020408163265306,0.1,41.03386353386353
p049,2,8,0.112,0.3085,17,41,0.0204081632653061,0.14,41.03928103928104
p049,2,9,0.1035,0.303,19,42,0.1632653061224489,0.22,31.66817916817917
p049,2,10,0.1045,0.2875,19,41,0.0408163265306122,0.1,51.01175351175352
p049,2,11,0.0995,0.284,17,37,0.1836734693877551,0.26,23.35030085030085
p049,2,12,0.105,0.2935,16,44,0.0816326530612244,0.14,38.52979352979354
p049,2,13,0.0995,0.2975,20,46,0.0612244897959183,0.1,57.61148511148512
p049,2,14,0.1125,0.346,17,41,0.0612244897959183,0.1,36.10827860827862
p049,2,15,0.104,0.3085,20,39,0.1020408163265306,0.22,34.2952842952843
p049,2,16,0.1075,0.275,20,42,0.0204081632653061,0.16,52.03711953711954
p049,2,17,0.0935,0.3345,14,38,0.1020408163265306,0.14,27.09052459052458
p049,2,18,0.112,0.3225,23,47,0.0,0.06,71.4042614042614
p049,2,19,0.0925,0.2985,19,44,0.0816326530612244,0.22,44.44463694463695
p049,2,20,0.097,0.2965,22,46,0.1020408163265306,0.14,54.6031196031196
p049,2,21,0.105,0.3269999999999999,21,45,0.1020408163265306,0.08,51.53785653785653
p049,2,22,0.1075,0.301,16,41,0.0408163265306122,0.16,36.24770374770375
p049,2,23,0.1,0.3305,22,45,0.0612244897959183,0.12,55.81713581713581
p049,2,24,0.112,0.2795,20,44,0.0816326530612244,0.16,45.93648593648594
p049,2,25,0.115,0.2885,18,38,0.0,0.08,48.798303798303806
p049,2,26,0.106,0.33,20,43,0.0408163265306122,0.1,51.34541134541135
p049,2,27,0.1,0.325,20,46,0.1020408163265306,0.12,48.12592812592811
p049,2,28,0.0905,0.293,21,42,0.1020408163265306,0.14,48.991931491931496
p049,2,29,0.113,0.3075,19,41,0.1020408163265306,0.12,37.99123299123299
p049,2,30,0.1095,0.315,18,39,0.0408163265306122,0.12,40.27161777161778
p049,2,31,0.1075,0.3235,21,42,0.0204081632653061,0.04,60.674328174328174
p049,2,32,0.1185,0.3285,20,45,0.0204081632653061,0.08,55.31627781627782
p049,2,33,0.0965,0.2895,21,44,0.0816326530612244,0.26,49.15506165506167
p049,2,34,0.1065,0.3385,21,41,0.1224489795918367,0.2,33.26114576114576
p049,2,35,0.1169999999999999,0.323,19,43,0.0408163265306122,0.1,47.04611204611208
p049,2,36,0.119,0.333,21,43,0.0408163265306122,0.06,54.03452903452904
p049,2,37,0.1185,0.356,18,41,0.0612244897959183,0.16,30.50410300410301
p049,2,38,0.105,0.3025,22,48,0.0408163265306122,0.14,60.52266552266551
p049,2,39,0.1135,0.341,23,46,0.0408163265306122,0.12,57.595755095755095
p049,2,40,0.1175,0.2925,21,43,0.0408163265306122,0.1,54.74202224202224
p049,2,41,0.107,0.3525,25,48,0.0204081632653061,0.12,61.65522665522666
p049,2,42,0.088,0.274,17,40,0.1224489795918367,0.26,33.316503316503315
p049,2,43,0.1065,0.31,18,41,0.1020408163265306,0.18,31.35209385209385
p049,2,44,0.112,0.3289999999999999,20,43,0.0408163265306122,0.1,50.016940016940026
p049,2,45,0.111,0.3115,22,43,0.0612244897959183,0.08,56.23959123959124
p049,2,46,0.1055,0.3395,22,44,0.0408163265306122,0.18,49.150056650056655
p049,2,47,0.1085,0.345,22,43,0.0204081632653061,0.08,58.24338074338075
p049,2,48,0.107,0.3015,20,39,0.0408163265306122,0.08,50.68381568381568
p049,2,49,0.119,0.3285,19,40,0.0204081632653061,0.04,50.10972510972511
p049,2,50,0.1065,0.3065,18,44,0.0612244897959183,0.12,45.86605836605838
p049,2,51,0.1015,0.2955,20,39,0.0408163265306122,0.18,43.33468083468083
p049,2,52,0.1005,0.3195,22,46,0.0408163265306122,0.12,60.462192962192965
p049,2,53,0.111,0.3085,19,43,0.1020408163265306,0.12,40.93142593142593
p049,2,54,0.118,0.3015,20,43,0.0408163265306122,0.1,51.34112134112135
p049,2,55,0.1135,0.2875,20,40,0.0612244897959183,0.12,45.73499323499325
p049,2,56,0.1045,0.3155,21,44,0.0408163265306122,0.06,60.52071302071303
p049,2,57,0.119,0.32,19,42,0.0408163265306122,0.04,51.14372614372615
p049,2,58,0.1195,0.2845,19,43,0.1020408163265306,0.14,39.45816695816696
p049,2,59,0.1155,0.259,19,38,0.2857142857142857,0.12,33.64279114279115
p049,2,60,0.1015,0.3125,22,46,0.0408163265306122,0.1,62.77665027665028
p050,1,0,0.091,0.281,18,35,0.0816326530612244,0.14,36.33782133782134
p050,1,1,0.0895,0.3035,16,45,0.0612244897959183,0.1,48.58597608597609
p050,1,2,0.0745,0.2905,13,28,0.3265306122448979,0.36,22.424924924924927
p050,1,3,0.092,0.306,16,39,0.0816326530612244,0.12,35.81537581537582
p050,1,4,0.0935,0.359,22,42,0.0204081632653061,0.14,53.575801075801074
p050,1,5,0.088,0.266,20,43,0.0408163265306122,0.0,71.2967912967913
p050,1,6,0.093,0.3585,20,45,0.0816326530612244,0.12,47.53814253814255
p050,1,7,0.0875,0.3465,16,41,0.0612244897959183,0.04,45.18521268521269
p050,1,8,0.0854999999999999,0.4285,22,43,0.0204081632653061,0.06,62.7686202686203
p050,1,9,0.094,0.2915,18,42,0.0612244897959183,0.08,51.4833514833515
p050,1,10,0.0915,0.334,17,44,0.0612244897959183,0.1,46.15563365563366
p050,1,11,0.0925,0.378,22,42,0.0,0.06,62.20085470085471
p050,1,12,0.1025,0.4245,20,44,0.0,0.06,57.62210012210013
p050,1,13,0.0935,0.316,19,40,0.0816326530612244,0.14,41.03028853028853
p050,1,14,0.0825,0.328,19,39,0.0204081632653061,0.06,55.716348216348216
p050,1,15,0.099,0.308,18,39,0.0,0.04,55.64163064163065
p050,1,16,0.0845,0.325,18,41,0.1428571428571428,0.14,34.03048653048653
p050,1,17,0.114,0.3835,19,42,0.0408163265306122,0.12,39.62148962148963
p050,1,18,0.0945,0.313,18,41,0.0612244897959183,0.06,49.78195228195229
p050,1,19,0.1025,0.3375,23,47,0.0204081632653061,0.02,73.48741598741599
p050,1,20,0.095,0.3055,21,45,0.0408163265306122,0.02,68.76937376937377
p050,1,21,0.094,0.299,20,44,0.0408163265306122,0.1,58.5877085877086
p050,1,22,0.101,0.3055,19,37,0.0408163265306122,0.02,52.32248732248732
p050,1,23,0.095,0.3225,20,46,0.0408163265306122,0.06,62.26506726506727
p050,1,24,0.095,0.3115,21,45,0.0408163265306122,0.08,62.61321761321761
p050,1,25,0.107,0.3115,17,36,0.0204081632653061,0.04,44.77845977845978
p050,1,26,0.094,0.3415,21,47,0.0204081632653061,0.06,66.64521664521665
p050,1,27,0.0875,0.326,18,42,0.0204081632653061,0.02,59.89497739497739
p050,1,28,0.093,0.277,16,39,0.0408163265306122,0.04,50.649495649495655
p050,1,29,0.0835,0.322,24,46,0.0408163265306122,0.08,70.34421784421784
p050,1,30,0.086,0.3695,18,35,0.1224489795918367,0.2,20.2038302038302
p050,1,31,0.093,0.3,19,43,0.0408163265306122,0.04,60.61825561825562
p050,1,32,0.1085,0.3545,17,40,0.0612244897959183,0.1,34.927757427757435
p050,1,33,0.1085,0.3205,18,43,0.0,0.04,57.25667975667975
p050,1,34,0.105,0.3605,21,44,0.0204081632653061,0.1,54.57440957440958
p050,1,35,0.107,0.327,18,42,0.0,0.02,57.53297253297253
p050,1,36,0.098,0.315,17,46,0.0612244897959183,0.08,50.92587092587093
p050,1,37,0.0945,0.3285,21,41,0.0204081632653061,0.04,61.98701448701448
p050,1,38,0.102,0.3065,19,42,0.0,0.0,65.00830500830502
p050,1,39,0.11,0.3745,20,42,0.0612244897959183,0.06,46.12942612942614
p050,1,40,0.108,0.3465,21,42,0.0,0.1,55.078375078375096
p050,1,41,0.0985,0.3365,16,35,0.0204081632653061,0.0,44.34046684046683
p050,1,42,0.099,0.3285,20,42,0.0204081632653061,0.04,59.81668481668481
p050,1,43,0.099,0.335,19,39,0.0204081632653061,0.02,54.790779790779794
p050,1,44,0.1005,0.3235,21,46,0.0204081632653061,0.08,63.76549626549627
p050,1,45,0.0975,0.492,19,39,0.1632653061224489,0.1,29.650997150997156
p050,1,46,0.1015,0.31,18,37,0.0816326530612244,0.0,46.46198396198397
p050,1,47,0.1025,0.326,26,46,0.0204081632653061,0.06,69.65281215281216
p050,1,48,0.095,0.3165,23,46,0.0408163265306122,0.08,68.15667315667316
p050,1,49,0.095,0.3405,21,45,0.0816326530612244,0.1,53.096558096558105
p050,2,0,0.1,0.2945,17,44,0.0612244897959183,0.1,48.085778085778095
p050,2,1,0.0955,0.3195,21,42,0.0408163265306122,0.04,61.55091905091905
p050,2,2,0.1055,0.3525,20,48,0.0408163265306122,0.08,56.1922636922637
p050,2,3,0.088,0.3419999999999999,22,44,0.0,0.04,70.7913407913408
p050,2,4,0.092,0.2765,20,42,0.0,0.0,72.77321277321278
p050,2,5,0.129,0.329,24,45,0.0204081632653061,0.06,61.76093676093677
p050,2,6,0.09,0.338,18,38,0.0408163265306122,0.06,46.885676885676894
p050,2,7,0.101,0.308,18,39,0.0,0.02,57.017292017292014
p050,2,8,0.099,0.372,18,40,0.0204081632653061,0.08,44.43261943261943
p050,2,9,0.1095,0.306,21,41,0.0204081632653061,0.06,58.81598631598632
p050,2,10,0.096,0.328,19,44,0.0,0.02,64.996974996975
p050,2,11,0.1025,0.324,18,44,0.0204081632653061,0.02,59.08785158785159
p050,2,12,0.098,0.3815,24,43,0.0,0.02,68.25803825803825
p050,2,13,0.0945,0.3365,16,36,0.0408163265306122,0.08,36.78653928653929
p050,2,14,0.1,0.336,20,44,0.0,0.0,67.47659747659748
p050,2,15,0.0854999999999999,0.3375,25,48,0.0,0.04,78.06413556413558
p050,2,16,0.0985,0.3645,20,44,0.0204081632653061,0.06,57.044379544379545
p050,2,17,0.1,0.323,20,43,0.0816326530612244,0.1,48.71277871277872
p050,2,18,0.099,0.352,20,45,0.0204081632653061,0.08,57.60678260678261
p050,2,19,0.106,0.344,21,45,0.0408163265306122,0.06,58.59276859276861
p050,2,20,0.09,0.2925,17,33,0.1020408163265306,0.12,31.23266123266123
p050,2,21,0.0844999999999999,0.3165,21,45,0.0204081632653061,0.0,74.4010769010769
p050,2,22,0.105,0.3125,22,41,0.0612244897959183,0.02,60.55951555951557
p050,2,23,0.0905,0.3389999999999999,15,34,0.2040816326530612,0.18,13.76054626054627
p050,2,24,0.0875,0.3025,20,40,0.0408163265306122,0.02,62.06417956417956
p050,2,25,0.1005,0.3095,20,35,0.0408163265306122,0.06,48.15428065428066
p050,2,26,0.1035,0.307,19,41,0.0,0.02,61.46720896720896
p050,2,27,0.0915,0.314,22,45,0.0408163265306122,0.08,65.57725307725308
p050,2,28,0.1005,0.373,19,42,0.0,0.06,53.15323565323566
p050,2,29,0.1115,0.3465,21,45,0.0408163265306122,0.04,58.88484638484639
p050,2,30,0.1,0.3105,20,38,0.0,0.0,62.33684233684233
p050,2,31,0.104,0.299,21,42,0.0,0.02,68.19291819291819
p050,2,32,0.099,0.299,22,45,0.0408163265306122,0.06,67.14489214489214
p050,2,33,0.099,0.345,22,41,0.1020408163265306,0.16,41.009966009966
p050,2,34,0.096,0.2865,22,47,0.0408163265306122,0.04,73.52638352638354
p050,2,35,0.1,0.3295,18,37,0.0612244897959183,0.1,37.988867988868
p050,2,36,0.0995,0.323,20,41,0.0204081632653061,0.02,60.81798831798832
p050,2,37,0.112,0.3465,23,44,0.0612244897959183,0.1,54.30914430914432
p050,2,38,0.094,0.3115,22,36,0.0204081632653061,0.04,59.77845977845978
p050,2,39,0.1095,0.347,21,41,0.0,0.04,58.94468644468645
p050,2,40,0.103,0.3235,19,41,0.0204081632653061,0.04,55.7018007018007
p050,2,41,0.104,0.312,18,40,0.0204081632653061,0.08,49.24814924814925
p050,2,42,0.0975,0.319,19,39,0.0816326530612244,0.08,44.05111155111155
p050,2,43,0.1105,0.333,21,49,0.0408163265306122,0.08,59.334691834691846
p050,2,44,0.0915,0.2815,19,44,0.0612244897959183,0.04,61.72834922834924
p050,2,45,0.0965,0.363,21,44,0.0204081632653061,0.1,56.34796884796887
p050,2,46,0.1015,0.3035,20,42,0.0408163265306122,0.04,59.34299684299685
p050,2,47,0.0965,0.2735,20,40,0.0408163265306122,0.04,60.97237347237347
p050,2,48,0.089,0.3025,21,40,0.1020408163265306,0.1,49.537724537724536
p050,2,49,0.1055,0.3905,21,43,0.0,0.04,59.85856735856735
p050,2,50,0.0885,0.294,20,39,0.0204081632653061,0.04,61.92398442398442
p051,1,0,0.08,0.256,22,37,0.0,0.02,74.18220418220419
p051,1,1,0.08,0.3245,16,45,0.0408163265306122,0.08,52.97858297858298
p051,1,2,0.088,0.248,17,38,0.0816326530612244,0.12,43.67246367246367
p051,1,3,0.0765,0.2675,23,41,0.0612244897959183,0.08,68.67513117513117
p051,1,4,0.08,0.384,19,40,0.1020408163265306,0.24,32.454212454212445
p051,1,5,0.08,0.264,23,45,0.0408163265306122,0.08,75.70130570130571
p051,1,6,0.08,0.2685,15,37,0.1632653061224489,0.16,29.015609015609016
p051,1,7,0.088,0.284,19,47,0.0612244897959183,0.1,60.60203060203062
p051,1,8,0.08,0.2285,20,43,0.1224489795918367,0.18,50.76483076483076
p051,1,9,0.08,0.24,17,41,0.0,0.02,69.007249007249
p051,1,10,0.08,0.256,17,43,0.0204081632653061,0.08,62.03324203324203
p051,1,11,0.08,0.252,22,43,0.0408163265306122,0.1,70.10560010560012
p051,1,12,0.08,0.256,18,39,0.0612244897959183,0.1,52.672232672232674
p051,1,13,0.072,0.2355,21,41,0.0204081632653061,0.1,71.0979110979111
p051,1,14,0.08,0.276,18,38,0.0816326530612244,0.18,39.5998195998196
p051,1,15,0.08,0.272,19,39,0.0,0.06,64.2981442981443
p051,1,16,0.08,0.28,19,46,0.0612244897959183,0.12,59.773289773289775
p051,1,17,0.072,0.236,19,38,0.1224489795918367,0.16,44.97948497948499
p051,1,18,0.072,0.244,20,40,0.0204081632653061,0.06,70.28776028776029
p051,1,19,0.079,0.2635,20,46,0.0204081632653061,0.06,74.36144936144936
p051,1,20,0.08,0.2435,20,41,0.0612244897959183,0.04,66.80504680504681
p051,1,21,0.08,0.244,20,44,0.0204081632653061,0.04,75.36305536305537
p051,1,22,0.072,0.224,18,39,0.1224489795918367,0.1,50.63734063734063
p051,1,23,0.08,0.224,21,38,0.0204081632653061,0.02,73.9055539055539
p051,1,24,0.072,0.252,24,47,0.0408163265306122,0.08,81.37137137137137
p051,1,25,0.08,0.2355,19,42,0.0,0.04,73.64980364980366
p051,1,26,0.08,0.26,20,44,0.0,0.0,79.84610984610985
p051,1,27,0.08,0.3,19,42,0.0612244897959183,0.16,48.93937893937895
p051,1,28,0.072,0.224,17,43,0.0408163265306122,0.0,72.16766216766217
p051,1,29,0.08,0.224,21,42,0.0612244897959183,0.08,68.71629871629874
p051,1,30,0.08,0.2515,22,41,0.0,0.04,77.90900790900791
p051,1,31,0.072,0.232,19,43,0.0408163265306122,0.1,66.86950686950688
p051,1,32,0.08,0.252,17,39,0.0612244897959183,0.06,54.3953843953844
p051,1,33,0.08,0.256,17,43,0.0408163265306122,0.06,61.5041415041415
p051,1,34,0.08,0.264,19,43,0.0612244897959183,0.16,53.82503382503384
p051,1,35,0.08,0.2405,18,39,0.0816326530612244,0.12,49.99097999098
p051,1,36,0.072,0.2355,17,44,0.0408163265306122,0.06,66.74300674300676
p051,1,37,0.076,0.236,21,45,0.0204081632653061,0.06,78.92738892738893
p051,1,38,0.072,0.224,18,42,0.0816326530612244,0.1,59.245399245399256
p051,1,39,0.0795,0.24,19,41,0.0204081632653061,0.06,67.80354530354529
p051,1,40,0.08,0.304,23,45,0.0,0.08,76.45920645920647
p051,1,41,0.08,0.24,20,44,0.0612244897959183,0.14,61.74229174229175
p051,1,42,0.08,0.2245,15,34,0.0204081632653061,0.02,56.822536822536826
p051,1,43,0.08,0.248,18,38,0.0816326530612244,0.1,49.81002981002982
p051,1,44,0.072,0.22,18,28,0.3469387755102041,0.34,34.839124839124835
p051,1,45,0.072,0.256,20,42,0.0408163265306122,0.04,71.12156112156111
p051,1,46,0.0834999999999999,0.26,22,48,0.0,0.04,83.91713141713144
p051,1,47,0.08,0.252,22,44,0.0612244897959183,0.02,76.41410641410641
p051,1,48,0.08,0.264,24,41,0.0816326530612244,0.1,63.95934395934396
p051,1,49,0.08,0.264,24,42,0.0816326530612244,0.18,57.83398783398784
p051,1,50,0.072,0.26,17,38,0.1632653061224489,0.32,33.582373582373584
p051,1,51,0.08,0.232,23,42,0.0408163265306122,0.08,75.05835505835505
p051,1,52,0.08,0.256,21,40,0.0204081632653061,0.04,71.41460141460142
p051,2,0,0.0755,0.248,15,35,0.1632653061224489,0.28,27.72313522313522
p051,2,1,0.0875,0.216,17,45,0.1224489795918367,0.14,49.35531685531685
p051,2,2,0.08,0.232,22,38,0.1020408163265306,0.16,52.998932998932986
p051,2,3,0.072,0.244,17,42,0.1428571428571428,0.16,42.16403216403216
p051,2,4,0.087,0.2475,21,45,0.0408163265306122,0.12,67.22068222068224
p051,2,5,0.08,0.232,22,37,0.1224489795918367,0.16,49.335929335929336
p051,2,6,0.08,0.24,20,42,0.0408163265306122,0.06,68.96654896654897
p051,2,7,0.088,0.32,24,47,0.0204081632653061,0.06,74.98784498784498
p051,2,8,0.08,0.2645,20,37,0.0,0.02,68.56944856944857
p051,2,9,0.08,0.256,19,41,0.0204081632653061,0.06,66.08289608289608
p051,2,10,0.08,0.248,20,39,0.0408163265306122,0.08,62.46774246774246
p051,2,11,0.08,0.252,19,39,0.1224489795918367,0.2,40.9033209033209
p051,2,12,0.087,0.264,19,43,0.0,0.06,68.56048356048356
p051,2,13,0.088,0.272,17,41,0.0612244897959183,0.06,53.05272305272306
p051,2,14,0.08,0.26,20,41,0.0816326530612244,0.12,55.36503536503537
p051,2,15,0.08,0.296,21,39,0.0204081632653061,0.02,67.980397980398
p051,2,16,0.08,0.264,20,46,0.0204081632653061,0.06,74.07330407330407
p051,2,17,0.088,0.2715,21,44,0.0,0.04,75.46744546744547
p051,2,18,0.08,0.256,22,47,0.0,0.04,85.15086515086514
p051,2,19,0.08,0.256,22,43,0.1020408163265306,0.06,66.26604626604626
p051,2,20,0.08,0.3315,22,46,0.0,0.12,68.9038489038489
p051,2,21,0.088,0.404,21,44,0.1020408163265306,0.22,40.439560439560445
p051,2,22,0.08,0.264,19,46,0.0204081632653061,0.02,75.3960553960554
p051,2,23,0.088,0.255,20,41,0.0204081632653061,0.1,62.95548295548296
p051,2,24,0.08,0.276,22,44,0.0,0.02,81.15456115456115
p051,2,25,0.08,0.248,20,36,0.1020408163265306,0.0,58.88613888613889
p051,2,26,0.08,0.296,19,39,0.1428571428571428,0.24,34.117964117964114
p051,2,27,0.08,0.216,19,35,0.0408163265306122,0.04,61.86549186549186
p051,2,28,0.088,0.288,20,39,0.0816326530612244,0.06,53.64892364892366
p051,2,29,0.087,0.2395,19,41,0.0,0.0,74.004389004389
p051,2,30,0.08,0.26,23,45,0.0408163265306122,0.14,70.54615054615054
p051,2,31,0.088,0.276,20,41,0.0,0.04,68.78988878988879
p051,2,32,0.08,0.232,20,40,0.1020408163265306,0.12,54.5048345048345
p051,2,33,0.08,0.24,19,36,0.1224489795918367,0.18,38.25836825836826
p051,2,34,0.08,0.248,21,44,0.0,0.02,81.57641157641159
p051,2,35,0.08,0.28,18,41,0.0408163265306122,0.1,55.21488521488522
p051,2,36,0.08,0.2755,24,43,0.0204081632653061,0.04,78.07070807070806
p051,2,37,0.088,0.272,22,48,0.0,0.0,85.34820534820535
p051,2,38,0.088,0.268,20,42,0.0204081632653061,0.04,68.49178849178848
p051,2,39,0.08,0.232,19,40,0.1020408163265306,0.14,50.27203027203026
p051,2,40,0.088,0.272,22,44,0.0612244897959183,0.06,68.80363880363882
p051,2,41,0.088,0.28,23,39,0.0,0.02,74.82009482009481
p051,2,42,0.08,0.264,21,44,0.0,0.04,78.12295812295812
p051,2,43,0.08,0.248,19,37,0.0204081632653061,0.06,61.75549175549176
p051,2,44,0.0795,0.256,18,40,0.0,0.02,68.62359612359613
p051,2,45,0.08,0.256,17,38,0.0612244897959183,0.1,49.00922900922901
p051,2,46,0.08,0.256,19,48,0.0612244897959183,0.08,67.16144716144717
p051,2,47,0.08,0.2195,19,42,0.0408163265306122,0.0,74.1932041932042
p051,2,48,0.08,0.296,21,41,0.0204081632653061,0.04,68.69264869264869
p051,2,49,0.08,0.236,22,45,0.0408163265306122,0.04,79.82685982685983
p051,2,50,0.072,0.2435,17,39,0.0612244897959183,0.08,55.29914529914532
p051,2,51,0.08,0.272,19,41,0.0612244897959183,0.04,61.571241571241565
p051,2,52,0.0834999999999999,0.252,21,42,0.0204081632653061,0.0,77.24947474947479
p052,1,0,0.08,0.248,17,36,0.1428571428571428,0.22,30.314710314710315
p052,1,1,0.08,0.232,16,40,0.0204081632653061,0.04,61.91224191224191
p052,1,2,0.088,0.288,18,41,0.0816326530612244,0.18,40.34001034001035
p052,1,3,0.08,0.2195,18,37,0.1224489795918367,0.12,44.76707476707477
p052,1,4,0.087,0.232,19,40,0.0,0.04,69.76938476938477
p052,1,5,0.08,0.224,19,40,0.1224489795918367,0.1,52.39558239558239
p052,1,6,0.0765,0.292,15,24,0.3877551020408163,0.56,21.798584298584306
p052,1,7,0.08,0.216,19,43,0.0408163265306122,0.0,75.82560582560583
p052,1,8,0.072,0.224,21,45,0.1224489795918367,0.12,63.62065362065363
p052,1,9,0.0725,0.22,21,43,0.0612244897959183,0.14,66.62890912890913
p052,1,10,0.08,0.224,18,42,0.0204081632653061,0.06,68.18719818719819
p052,1,11,0.08,0.248,21,45,0.0408163265306122,0.1,70.68915068915071
p052,1,12,0.08,0.232,21,44,0.0204081632653061,0.06,77.0933570933571
p052,1,13,0.08,0.256,17,35,0.1428571428571428,0.2,28.23185823185823
p052,1,14,0.08,0.2155,19,42,0.0,0.02,77.50365750365752
p052,1,15,0.079,0.215,18,40,0.0204081632653061,0.06,66.76209176209177
p052,1,16,0.08,0.231,21,41,0.0408163265306122,0.08,69.11449911449911
p052,1,17,0.08,0.232,20,45,0.0408163265306122,0.06,73.61350361350361
p052,1,18,0.08,0.232,22,41,0.0204081632653061,0.04,77.48000748000747
p052,1,19,0.08,0.232,15,41,0.0204081632653061,0.0,66.8979968979969
p052,1,20,0.08,0.232,20,37,0.0408163265306122,0.02,67.06079706079707
p052,1,21,0.08,0.2315,20,39,0.1020408163265306,0.18,47.71727771727772
p052,1,22,0.072,0.22,18,41,0.1020408163265306,0.12,54.13094413094412
p052,1,23,0.0795,0.212,18,41,0.0612244897959183,0.04,65.31534281534282
p052,1,24,0.08,0.232,18,40,0.1224489795918367,0.16,43.65827365827366
p052,1,25,0.08,0.208,21,46,0.0408163265306122,0.04,81.53076153076152
p052,1,26,0.072,0.2,18,40,0.0204081632653061,0.06,69.27960927960929
p052,1,27,0.08,0.232,21,48,0.0204081632653061,0.04,82.7913627913628
p052,1,28,0.08,0.232,18,45,0.0408163265306122,0.08,66.99974699974699
p052,1,29,0.08,0.224,15,37,0.1224489795918367,0.14,37.7028677028677
p052,1,30,0.08,0.22,22,42,0.0204081632653061,0.12,72.55585255585257
p052,1,31,0.08,0.276,21,42,0.0408163265306122,0.12,62.1883421883422
p052,1,32,0.08,0.2395,19,42,0.0408163265306122,0.12,61.08009108009109
p052,1,33,0.076,0.228,16,37,0.0612244897959183,0.06,52.805112805112806
p052,1,34,0.079,0.224,18,44,0.0,0.02,77.07405207405206
p052,1,35,0.08,0.248,21,44,0.0,0.04,79.72455972455971
p052,1,36,0.0839999999999999,0.256,17,42,0.0,0.0,69.58716958716961
p052,1,37,0.08,0.256,18,45,0.0816326530612244,0.1,57.98358798358799
p052,1,38,0.08,0.24,23,42,0.0816326530612244,0.16,62.08824208824209
p052,1,39,0.079,0.2075,15,37,0.0,0.0,66.84129184129185
p052,1,40,0.08,0.223,22,46,0.0,0.0,90.87582087582086
p052,1,41,0.0875,0.244,23,44,0.0204081632653061,0.06,78.86834636834637
p052,1,42,0.08,0.24,18,42,0.1224489795918367,0.16,45.42157542157542
p052,1,43,0.08,0.224,19,42,0.0,0.0,78.50465850465851
p052,1,44,0.08,0.232,18,36,0.0816326530612244,0.18,41.440121440121445
p052,1,45,0.08,0.224,18,40,0.0204081632653061,0.02,69.32679932679933
p052,1,46,0.087,0.232,23,46,0.0204081632653061,0.08,80.90084590084591
p052,1,47,0.087,0.248,23,41,0.1020408163265306,0.16,55.95777095777095
p052,1,48,0.076,0.212,23,45,0.0204081632653061,0.0,91.64725164725164
p052,1,49,0.08,0.244,24,44,0.0,0.02,86.73871673871675
p052,1,50,0.072,0.224,23,42,0.0408163265306122,0.06,79.61576961576962
p052,2,0,0.072,0.224,17,44,0.0204081632653061,0.0,75.83066583066582
p052,2,1,0.079,0.2355,21,38,0.0612244897959183,0.1,60.82318582318583
p052,2,2,0.079,0.228,20,47,0.0204081632653061,0.04,81.04890604890605
p052,2,3,0.079,0.24,22,45,0.0,0.04,84.42645942645942
p052,2,4,0.08,0.216,20,42,0.0,0.0,81.68641168641169
p052,2,5,0.0755,0.256,25,47,0.0204081632653061,0.08,82.51859001859002
p052,2,6,0.08,0.2435,18,38,0.0,0.04,65.33984533984534
p052,2,7,0.0834999999999999,0.224,18,40,0.0408163265306122,0.06,62.40880990880993
p052,2,8,0.088,0.232,19,38,0.0408163265306122,0.08,58.50157850157851
p052,2,9,0.08,0.244,20,37,0.0816326530612244,0.1,53.6902836902837
p052,2,10,0.08,0.248,17,40,0.0204081632653061,0.08,58.987888987888994
p052,2,11,0.08,0.224,16,37,0.0204081632653061,0.0,62.570592570592574
p052,2,12,0.08,0.264,23,44,0.0,0.02,84.73671473671475
p052,2,13,0.08,0.24,20,38,0.0612244897959183,0.04,63.30924330924332
p052,2,14,0.0834999999999999,0.224,19,45,0.0204081632653061,0.04,75.43282293282296
p052,2,15,0.0834999999999999,0.239,23,47,0.0,0.0,92.10388960388964
p052,2,16,0.08,0.2515,18,41,0.1020408163265306,0.14,47.22117722117721
p052,2,17,0.08,0.24,23,44,0.0408163265306122,0.04,80.52536052536054
p052,2,18,0.0795,0.2355,21,43,0.0612244897959183,0.12,65.26254276254276
p052,2,19,0.08,0.24,21,47,0.0408163265306122,0.06,77.75775775775776
p052,2,20,0.079,0.2035,20,38,0.0,0.02,75.8954008954009
p052,2,21,0.08,0.24,20,42,0.0816326530612244,0.12,58.64908864908865
p052,2,22,0.08,0.224,21,43,0.0408163265306122,0.02,77.93485793485793
p052,2,23,0.08,0.236,21,41,0.0816326530612244,0.02,69.4076494076494
p052,2,24,0.08,0.244,19,42,0.0612244897959183,0.06,63.80424380424381
p052,2,25,0.08,0.204,18,32,0.0408163265306122,0.0,62.85714285714285
p052,2,26,0.072,0.216,19,43,0.0204081632653061,0.08,72.7039127039127
p052,2,27,0.08,0.244,22,47,0.0204081632653061,0.04,83.97111397111398
p052,2,28,0.08,0.24,20,39,0.0204081632653061,0.14,60.09394009394008
p052,2,29,0.08,0.216,21,42,0.0408163265306122,0.04,75.60175560175561
p052,2,30,0.08,0.188,20,42,0.0204081632653061,0.0,80.25641025641026
p052,2,31,0.076,0.228,23,46,0.0204081632653061,0.06,85.77214577214578
p052,2,32,0.076,0.22,24,45,0.0204081632653061,0.04,87.14274714274715
p052,2,33,0.072,0.232,22,42,0.0408163265306122,0.04,78.28586828586829
p052,2,34,0.08,0.24,23,48,0.0,0.0,92.83712283712282
p052,2,35,0.08,0.224,21,43,0.0,0.0,84.54861454861454
p052,2,36,0.088,0.2315,22,42,0.0204081632653061,0.02,78.75919875919877
p052,2,37,0.08,0.24,25,47,0.0612244897959183,0.08,78.2868582868583
p052,2,38,0.08,0.236,20,35,0.0,0.02,68.85819885819886
p052,2,39,0.08,0.228,23,41,0.0204081632653061,0.06,78.40950840950842
p052,2,40,0.08,0.2314999999999999,20,43,0.0204081632653061,0.02,77.18410718410719
p052,2,41,0.08,0.2195,22,46,0.0204081632653061,0.02,86.99336699336699
p052,2,42,0.079,0.239,19,47,0.0408163265306122,0.04,75.1859001859002
p052,2,43,0.08,0.224,19,45,0.1020408163265306,0.12,59.33493933493933
p052,2,44,0.08,0.228,20,37,0.0612244897959183,0.08,59.524689524689535
p052,2,45,0.08,0.224,19,38,0.0816326530612244,0.1,54.5933845933846
p052,2,46,0.08,0.232,21,44,0.0612244897959183,0.06,72.33145233145235
p052,2,47,0.08,0.192,20,41,0.0204081632653061,0.0,78.97435897435898
p052,2,48,0.08,0.244,19,43,0.0408163265306122,0.04,69.31909931909932
p052,2,49,0.08,0.22,21,42,0.0816326530612244,0.12,63.03204303204304
p053,1,0,0.0965,0.285,18,34,0.1020408163265306,0.12,32.81674531674532
p053,1,1,0.0945,0.323,17,43,0.0408163265306122,0.04,53.196905696905695
p053,1,2,0.091,0.2975,17,37,0.0204081632653061,0.0,54.975139975139975
p053,1,3,0.0995,0.3245,22,40,0.0,0.06,62.82494032494032
p053,1,4,0.098,0.2975,20,43,0.0408163265306122,0.04,62.05898205898206
p053,1,5,0.091,0.3125,20,45,0.0408163265306122,0.0,68.49195349195348
p053,1,6,0.1005,0.3585,19,44,0.0408163265306122,0.0,57.96244046244046
p053,1,7,0.1025,0.3115,22,45,0.0,0.06,69.82221232221232
p053,1,8,0.096,0.3435,18,41,0.0204081632653061,0.04,52.985512985512976
p053,1,9,0.0975,0.3235,22,42,0.0,0.02,69.66903716903717
p053,1,10,0.0945,0.332,19,41,0.0,0.0,62.95941545941545
p053,1,11,0.086,0.3035,19,40,0.0,0.04,62.85032285032285
p053,1,12,0.094,0.382,17,38,0.0204081632653061,0.06,42.42979242979244
p053,1,13,0.0925,0.295,20,40,0.0204081632653061,0.02,64.0054065054065
p053,1,14,0.096,0.383,21,48,0.0204081632653061,0.06,63.01587301587301
p053,1,15,0.103,0.3365,19,31,0.0204081632653061,0.04,45.42614042614043
p053,1,16,0.096,0.4014999999999999,19,44,0.0204081632653061,0.02,58.11151811151811
p053,1,17,0.089,0.291,19,40,0.0612244897959183,0.0,59.94813494813496
p053,1,18,0.096,0.331,20,41,0.0,0.0,65.08332508332508
p053,1,19,0.091,0.286,19,40,0.0612244897959183,0.02,58.12059312059312
p053,1,20,0.0895,0.331,20,43,0.0204081632653061,0.02,64.96224246224246
p053,1,21,0.086,0.272,19,42,0.0204081632653061,0.0,69.89032989032991
p053,1,22,0.0915,0.282,18,42,0.0,0.02,65.72795322795324
p053,1,23,0.0955,0.3795,20,43,0.0816326530612244,0.12,42.92735042735044
p053,1,24,0.083,0.2945,18,43,0.0408163265306122,0.02,63.020658020658026
p053,1,25,0.0915,0.2995,18,38,0.1020408163265306,0.12,37.68397518397519
p053,1,26,0.089,0.46,23,44,0.0,0.04,69.83109483109483
p053,1,27,0.092,0.2975,17,38,0.0,0.02,56.54819654819655
p053,1,28,0.0895,0.294,17,40,0.0204081632653061,0.0,59.52878702878704
p053,1,29,0.0895,0.3185,18,43,0.0,0.02,63.83254133254133
p053,1,30,0.088,0.3725,20,47,0.0408163265306122,0.1,56.50507650507651
p053,1,31,0.091,0.299,19,44,0.0,0.08,63.53479853479853
p053,1,32,0.08,0.285,17,45,0.0612244897959183,0.06,58.7843887843888
p053,1,33,0.081,0.327,19,43,0.0204081632653061,0.0,66.85735185735187
p053,1,34,0.0905,0.32,16,37,0.0,0.0,52.84193534193535
p053,1,35,0.085,0.3645,24,48,0.0,0.04,75.48048048048048
p053,1,36,0.0965,0.3125,21,41,0.0,0.0,69.19708169708171
p053,1,37,0.085,0.309,15,36,0.0408163265306122,0.06,43.65304865304866
p053,1,38,0.0915,0.368,19,41,0.0204081632653061,0.0,57.6891451891452
p053,1,39,0.0845,0.2815,19,40,0.0204081632653061,0.04,63.02871552871553
p053,1,40,0.0845,0.3735,21,47,0.0,0.04,69.9867724867725
p053,1,41,0.086,0.4305,21,44,0.1020408163265306,0.06,52.02686202686203
p053,1,42,0.0865,0.292,19,41,0.0816326530612244,0.1,50.08511258511259
p053,1,43,0.086,0.4135,27,43,0.0,0.02,71.11518111518113
p053,1,44,0.0895,0.3,23,45,0.0,0.0,82.0051095051095
p053,1,45,0.0845,0.345,19,39,0.0204081632653061,0.0,59.0940115940116
p053,1,46,0.089,0.3055,19,38,0.0,0.02,61.22358622358623
p053,2,0,0.0865,0.277,18,44,0.0408163265306122,0.04,63.369275869275874
p053,2,1,0.085,0.298,19,35,0.0204081632653061,0.0,58.55146355146355
p053,2,2,0.079,0.308,21,45,0.0,0.0,78.94240394240394
p053,2,3,0.0854999999999999,0.3415,21,41,0.0,0.0,68.91322641322644
p053,2,4,0.0845,0.298,22,43,0.0,0.02,76.5988790988791
p053,2,5,0.086,0.404,22,45,0.0,0.0,73.15018315018315
p053,2,6,0.08,0.2875,18,40,0.0,0.0,67.20324720324722
p053,2,7,0.078,0.297,20,39,0.0,0.02,68.35648835648837
p053,2,8,0.0825,0.3045,20,40,0.0204081632653061,0.02,65.43540793540794
p053,2,9,0.082,0.318,17,40,0.0204081632653061,0.06,53.35654335654336
p053,2,10,0.08,0.412,17,40,0.0204081632653061,0.02,52.03093203093204
p053,2,11,0.0875,0.328,20,38,0.0612244897959183,0.12,45.307312807312805
p053,2,12,0.085,0.29,19,36,0.0204081632653061,0.02,58.782463782463786
p053,2,13,0.075,0.3455,20,46,0.0,0.04,71.33842633842634
p053,2,14,0.078,0.3345,20,42,0.0612244897959183,0.06,57.6023276023276
p053,2,15,0.08,0.3065,23,45,0.0204081632653061,0.02,79.38355938355939
p053,2,16,0.082,0.257,21,42,0.0408163265306122,0.0,74.72516472516473
p053,2,17,0.079,0.3405,21,41,0.0,0.04,66.85724185724185
p053,2,18,0.084,0.3399999999999999,19,45,0.0204081632653061,0.0,67.40586740586741
p053,2,19,0.085,0.3015,19,39,0.0204081632653061,0.0,63.32931832931832
p053,2,20,0.084,0.325,23,47,0.0,0.02,81.52438152438152
p053,2,21,0.086,0.3025,21,40,0.0612244897959183,0.04,60.56947056947058
p053,2,22,0.0795,0.2915,19,36,0.0408163265306122,0.0,59.41273691273691
p053,2,23,0.079,0.3155,20,43,0.0,0.02,71.39474639474639
p053,2,24,0.0805,0.3035,19,41,0.0204081632653061,0.06,61.20909370909371
p053,2,25,0.0845,0.3965,22,45,0.0204081632653061,0.06,65.57081807081808
p053,2,26,0.087,0.329,20,41,0.0204081632653061,0.02,63.1935781935782
p053,2,27,0.081,0.3195,20,40,0.0,0.02,66.67200167200167
p053,2,28,0.085,0.347,23,46,0.0,0.04,75.95018095018095
p053,2,29,0.085,0.2905,22,44,0.0204081632653061,0.0,77.98353298353298
p053,2,30,0.0805,0.3505,22,44,0.0408163265306122,0.08,63.26059576059577
p053,2,31,0.08,0.2895,23,49,0.0,0.0,87.88216788216789
p053,2,32,0.092,0.4175,22,45,0.0204081632653061,0.06,63.78510378510378
p053,2,33,0.084,0.3245,21,42,0.0204081632653061,0.0,69.87316987316987
p053,2,34,0.0845,0.3115,25,45,0.0204081632653061,0.04,75.95977845977846
p053,2,35,0.083,0.39,19,39,0.0408163265306122,0.08,46.85999185999186
p053,2,36,0.083,0.306,23,40,0.0,0.02,74.6900196900197
p053,2,37,0.079,0.296,19,42,0.0204081632653061,0.02,67.30274230274232
p053,2,38,0.081,0.334,22,49,0.0204081632653061,0.06,72.87215787215787
p053,2,39,0.079,0.3565,21,46,0.0204081632653061,0.02,71.13679613679614
p053,2,40,0.084,0.2995,20,44,0.0612244897959183,0.02,65.94506594506595
p053,2,41,0.0875,0.4095,20,43,0.0,0.04,61.76332926332927
p053,2,42,0.08,0.2755,20,41,0.0408163265306122,0.02,67.83464783464784
p053,2,43,0.079,0.2765,19,40,0.0204081632653061,0.0,68.54244354244354
p053,2,44,0.0845,0.291,19,36,0.1020408163265306,0.08,43.722046222046224
p053,2,45,0.079,0.3635,23,45,0.0,0.02,76.2969012969013
p053,2,46,0.079,0.2835,20,39,0.0,0.0,71.32159632159632
p054,1,0,0.1215,0.2925,18,29,0.2653061224489796,0.3,15.7961532961533
p054,1,1,0.087,0.319,14,25,0.4285714285714285,0.52,16.595881595881597
p054,1,2,0.1185,0.3855,13,24,0.3877551020408163,0.42,3.690476190476194
p054,1,3,0.0,0.038,8,12,0.7551020408163265,0.0,50.0
p054,1,4,0.0,0.04,9,18,0.6938775510204082,0.7,33.333333333333336
p054,1,5,0.0,0.041,8,13,0.6326530612244898,0.7,33.333333333333336
p054,1,6,0.127,0.3305,17,34,0.0204081632653061,0.04,35.55055055055055
p054,1,7,0.1265,0.3225,19,43,0.0816326530612244,0.1,40.07235257235258
p054,1,8,0.124,0.3635,17,41,0.0816326530612244,0.1,29.23747923747925
p054,1,9,0.1335,0.319,22,39,0.0408163265306122,0.08,47.38444488444489
p054,1,10,0.1515,0.334,20,43,0.0408163265306122,0.02,51.68575168575168
p054,1,11,0.1395,0.3675,21,46,0.0612244897959183,0.1,44.771144771144776
p054,1,12,0.122,0.35,17,43,0.0816326530612244,0.1,33.62912362912364
p054,1,13,0.118,0.391,20,49,0.0408163265306122,0.1,49.31216931216932
p054,1,14,0.125,0.2905,17,37,0.1428571428571428,0.18,16.62822162822163
p054,1,15,0.1115,0.365,17,38,0.1020408163265306,0.16,20.28085778085778
p054,1,16,0.112,0.33,20,43,0.0816326530612244,0.14,41.45123145123146
p054,1,17,0.137,0.34,19,41,0.0,0.02,50.9020009020009
p054,1,18,0.1265,0.3335,20,42,0.0612244897959183,0.12,40.599253099253104
p054,1,19,0.1275,0.3065,18,38,0.0408163265306122,0.08,39.25840675840677
p054,1,20,0.1215,0.337,18,41,0.0204081632653061,0.1,42.00917950917951
p054,1,21,0.1425,0.3515,20,43,0.0204081632653061,0.02,52.31495231495232
p054,1,22,0.1375,0.3635,21,42,0.0816326530612244,0.12,35.81053581053582
p054,1,23,0.1215,0.3425,22,41,0.0612244897959183,0.1,46.22053372053372
p054,1,24,0.1065,0.3245,20,39,0.2244897959183673,0.3,27.33653983653984
p054,1,25,0.1355,0.39,21,46,0.0204081632653061,0.06,52.6862026862027
p054,1,26,0.128,0.32,20,45,0.0408163265306122,0.04,55.22797522797523
p054,1,27,0.1385,0.309,19,42,0.0,0.0,57.13900713900714
p054,1,28,0.1205,0.3035,20,44,0.0612244897959183,0.02,56.854189354189366
p054,1,29,0.129,0.3205,16,37,0.0816326530612244,0.08,26.6940016940017
p054,1,30,0.119,0.2875,22,43,0.0612244897959183,0.1,54.8853798853799
p054,1,31,0.1295,0.3305,19,44,0.0,0.02,56.77053427053426
p054,1,32,0.1255,0.317,20,43,0.0408163265306122,0.1,48.00385550385551
p054,1,33,0.133,0.341,17,38,0.0612244897959183,0.1,27.881672881672884
p054,1,34,0.1135,0.32,16,41,0.1020408163265306,0.1,31.32992882992882
p054,1,35,0.144,0.3525,21,43,0.0204081632653061,0.06,50.89210089210089
p054,1,36,0.14,0.3425,20,39,0.0,0.0,52.32045232045232
p054,1,37,0.1215,0.3545,20,43,0.0204081632653061,0.02,54.99084249084249
p054,1,38,0.143,0.3505,16,40,0.0816326530612244,0.12,22.64297264297265
p054,1,39,0.1495,0.3425,17,42,0.0816326530612244,0.12,28.38882838882839
p054,1,40,0.124,0.32,17,42,0.1020408163265306,0.14,28.789228789228783
p054,1,41,0.1205,0.298,20,38,0.1020408163265306,0.16,31.987564487564487
p054,1,42,0.148,0.358,17,44,0.0204081632653061,0.0,47.65534765534766
p054,1,43,0.1185,0.3385,18,48,0.0408163265306122,0.12,46.03281853281854
p054,1,44,0.1255,0.3125,19,40,0.0816326530612244,0.1,37.46529496529497
p054,1,45,0.117,0.326,17,39,0.0612244897959183,0.12,32.62289762289763
p054,1,46,0.1355,0.2905,21,45,0.0612244897959183,0.12,49.34494934494936
p054,1,47,0.1255,0.3235,19,42,0.0204081632653061,0.1,46.07115357115358
p054,1,48,0.1405,0.331,19,44,0.0816326530612244,0.12,36.86598686598687
p054,1,49,0.1405,0.3485,17,38,0.0204081632653061,0.04,37.210287210287206
p054,1,50,0.1245,0.294,20,40,0.1428571428571428,0.18,27.385929885929887
p054,1,51,0.117,0.2905,20,44,0.0816326530612244,0.08,51.05231605231607
p054,1,52,0.1515,0.35,20,43,0.0,0.02,54.84605484605485
p054,1,53,0.134,0.3355,21,44,0.1224489795918367,0.16,32.711832711832706
p054,1,54,0.136,0.3405,18,42,0.0816326530612244,0.12,30.969980969980977
p054,1,55,0.1345,0.3465,26,47,0.0408163265306122,0.16,49.742599742599744
p054,1,56,0.129,0.3445,23,43,0.0816326530612244,0.1,46.79872179872181
p054,1,57,0.118,0.357,23,43,0.0408163265306122,0.1,52.928422928422926
p054,1,58,0.147,0.3865,20,45,0.0204081632653061,0.04,50.87505087505088
p054,2,0,0.159,0.3685,18,45,0.0816326530612244,0.12,32.013332013332025
p054,2,1,0.1455,0.3435,17,42,0.1428571428571428,0.18,15.590315590315583
p054,2,2,0.141,0.3685,20,41,0.0612244897959183,0.12,34.02798402798404
p054,2,3,0.138,0.347,21,42,0.1020408163265306,0.12,35.08123508123508
p054,2,4,0.152,0.347,22,46,0.0204081632653061,0.04,59.52160952160952
p054,2,5,0.137,0.373,19,39,0.0,0.04,43.18274318274317
p054,2,6,0.136,0.451,26,46,0.0612244897959183,0.12,47.13064713064714
p054,2,7,0.1545,0.374,18,41,0.0204081632653061,0.04,40.98494098494098
p054,2,8,0.1535,0.3295,17,39,0.0,0.02,44.62704462704463
p054,2,9,0.139,0.3495,19,39,0.0612244897959183,0.08,34.6885346885347
p054,2,10,0.1475,0.384,20,39,0.0408163265306122,0.06,38.94993894993896
p054,2,11,0.1505,0.35,18,44,0.0,0.0,53.21805321805322
p054,2,12,0.145,0.4034999999999999,17,42,0.0612244897959183,0.08,31.420431420431427
p054,2,13,0.1595,0.404,19,42,0.0612244897959183,0.12,32.478632478632484
p054,2,14,0.1595,0.3905,19,38,0.0204081632653061,0.06,37.66788766788767
p054,2,15,0.1585,0.3655,20,45,0.0,0.02,55.85860585860585
p054,2,16,0.1535,0.433,22,44,0.0,0.04,56.735856735856736
p054,2,17,0.1485,0.407,22,47,0.0408163265306122,0.04,55.82010582010582
p054,2,18,0.143,0.341,22,43,0.0408163265306122,0.0,57.59880759880759
p054,2,19,0.1345,0.3735,20,44,0.0816326530612244,0.14,33.1908831908832
p054,2,20,0.132,0.3745,21,46,0.0204081632653061,0.02,56.86609686609686
p054,2,21,0.1295,0.339,21,39,0.0,0.0,56.12318362318362
p054,2,22,0.14,0.3635,17,42,0.1020408163265306,0.14,22.053922053922047
p054,2,23,0.137,0.3695,19,45,0.0612244897959183,0.18,31.119581119581124
p054,2,24,0.1335,0.3745,20,38,0.1224489795918367,0.02,31.966829466829463
p054,2,25,0.1185,0.3845,17,39,0.1428571428571428,0.14,16.185388685388688
p054,2,26,0.144,0.35,18,35,0.0612244897959183,0.08,27.129327129327137
p054,2,27,0.1345,0.355,18,43,0.0612244897959183,0.1,35.033385033385045
p054,2,28,0.142,0.365,18,42,0.0204081632653061,0.06,41.21594121594122
p054,2,29,0.154,0.398,23,45,0.0,0.04,60.3988603988604
p054,2,30,0.152,0.365,20,42,0.0204081632653061,0.02,49.68154968154968
p054,2,31,0.1235,0.347,20,41,0.1224489795918367,0.22,25.98172348172349
p054,2,32,0.144,0.3595,19,43,0.0,0.0,53.36600336600336
p054,2,33,0.1385,0.364,23,47,0.0408163265306122,0.04,59.101959101959096
p054,2,34,0.1335,0.3725,21,43,0.0612244897959183,0.1,40.54353804353804
p054,2,35,0.14,0.374,19,37,0.1224489795918367,0.14,17.073667073667067
p054,2,36,0.1475,0.3275,23,46,0.0204081632653061,0.06,62.002662002662
p054,2,37,0.1415,0.3685,18,45,0.0204081632653061,0.06,44.71174471174472
p054,2,38,0.1215,0.3205,22,43,0.0,0.04,63.68525118525118
p054,2,39,0.1415,0.328,22,40,0.0408163265306122,0.0,55.05395505395504
p054,2,40,0.136,0.365,22,43,0.0612244897959183,0.1,43.55619355619356
p054,2,41,0.154,0.3395,20,33,0.0,0.0,46.21049621049621
p054,2,42,0.164,0.3715,17,37,0.1020408163265306,0.18,11.139161139161136
p054,2,43,0.145,0.384,16,37,0.1428571428571428,0.14,7.549857549857548
p054,2,44,0.148,0.376,18,43,0.0816326530612244,0.1,30.850630850630854
p054,2,45,0.1435,0.3805,16,34,0.0816326530612244,0.18,7.1428571428571495
p054,2,46,0.147,0.3735,19,46,0.0408163265306122,0.04,47.39519739519739
p054,2,47,0.1285,0.365,19,42,0.1020408163265306,0.08,33.53075603075603
p054,2,48,0.1495,0.3835,21,42,0.0204081632653061,0.02,51.26170126170126
p054,2,49,0.139,0.359,21,43,0.0204081632653061,0.0,55.7970057970058
p054,2,50,0.1335,0.3565,17,39,0.0612244897959183,0.06,31.196828696828707
p054,2,51,0.1475,0.401,20,41,0.0612244897959183,0.06,39.13308913308914
p054,2,52,0.138,0.3605,21,43,0.0408163265306122,0.08,45.85849585849586
p054,2,53,0.145,0.348,20,43,0.0204081632653061,0.0,54.51715451715452
p055,1,0,0.1115,0.303,20,38,0.0204081632653061,0.04,54.26484176484177
p055,1,1,0.1135,0.3215,19,46,0.0204081632653061,0.02,61.66410916410916
p055,1,2,0.1175,0.3345,18,41,0.0204081632653061,0.02,50.619218119218125
p055,1,3,0.113,0.2845,18,38,0.0,0.0,57.082302082302085
p055,1,4,0.11,0.291,24,44,0.0408163265306122,0.06,66.42554642554643
p055,1,5,0.1045,0.2915,17,41,0.0612244897959183,0.0,52.72775522775524
p055,1,6,0.1105,0.2745,20,38,0.0204081632653061,0.02,59.207641707641706
p055,1,7,0.0985,0.2715,16,32,0.1836734693877551,0.22,18.612541112541116
p055,1,8,0.111,0.302,19,42,0.0612244897959183,0.08,48.76563376563377
p055,1,9,0.1015,0.3075,22,45,0.0204081632653061,0.06,68.07975557975557
p055,1,10,0.1075,0.34,18,38,0.0612244897959183,0.1,36.43415393415394
p055,1,11,0.1159999999999999,0.3055,19,45,0.0,0.0,65.62122562122565
p055,1,12,0.0945,0.291,18,35,0.1428571428571428,0.22,23.65692615692616
p055,1,13,0.1115,0.3165,17,37,0.0204081632653061,0.04,44.488581988581984
p055,1,14,0.114,0.3155,20,44,0.0204081632653061,0.06,58.258808258808266
p055,1,15,0.1145,0.3145,21,46,0.0,0.04,67.41771991771991
p055,1,16,0.096,0.307,19,37,0.0408163265306122,0.04,51.51096151096152
p055,1,17,0.111,0.3315,16,40,0.0816326530612244,0.14,28.16921316921317
p055,1,18,0.1035,0.317,20,41,0.0612244897959183,0.06,52.00059950059951
p055,1,19,0.118,0.292,21,45,0.0408163265306122,0.04,62.7926827926828
p055,1,20,0.128,0.3335,18,41,0.0612244897959183,0.0,45.30926530926531
p055,1,21,0.11,0.3185,22,39,0.0204081632653061,0.04,59.11438911438912
p055,1,22,0.0975,0.2804999999999999,21,47,0.0204081632653061,0.0,77.47354497354497
p055,1,23,0.105,0.2695,16,31,0.0,0.0,50.5984555984556
p055,1,24,0.115,0.324,20,48,0.0,0.0,68.95252395252395
p055,1,25,0.104,0.315,17,42,0.0408163265306122,0.0,54.15745415745416
p055,1,26,0.128,0.3335,19,41,0.0,0.02,52.98122298122298
p055,1,27,0.1025,0.2885,19,35,0.2040816326530612,0.02,39.1981816981817
p055,1,28,0.0725,0.2405,15,29,0.3469387755102041,0.0,44.57278707278707
p055,1,29,0.1175,0.335,19,41,0.0204081632653061,0.0,54.80197230197231
p055,1,30,0.1255,0.3405,19,42,0.0612244897959183,0.1,39.60754710754711
p055,1,31,0.1385,0.319,18,41,0.0204081632653061,0.04,46.39034639034639
p055,1,32,0.132,0.3245,22,45,0.0,0.0,67.05265705265704
p055,1,33,0.1375,0.3415,17,41,0.0204081632653061,0.0,45.46084546084546
p055,1,34,0.145,0.3385,20,45,0.0204081632653061,0.0,58.03220803220804
p055,1,35,0.147,0.348,18,41,0.0204081632653061,0.02,45.33929533929534
p055,1,36,0.1425,0.354,21,45,0.0,0.0,61.24256124256125
p055,1,37,0.118,0.311,18,33,0.1020408163265306,0.14,23.24324324324324
p055,1,38,0.1345,0.324,18,47,0.0204081632653061,0.04,53.58215358215358
p055,1,39,0.16,0.341,20,45,0.0204081632653061,0.0,57.78195778195777
p055,1,40,0.1335,0.312,19,41,0.0408163265306122,0.02,49.06194656194656
p055,1,41,0.142,0.3145,17,40,0.0,0.02,47.41059741059741
p055,1,42,0.119,0.3725,22,48,0.0612244897959183,0.06,55.20878020878022
p055,1,43,0.125,0.3085,19,38,0.0612244897959183,0.06,41.50529650529651
p055,1,44,0.12,0.332,25,46,0.0612244897959183,0.12,54.56808456808457
p055,1,45,0.122,0.303,23,43,0.0,0.02,69.55075955075957
p055,1,46,0.132,0.295,21,43,0.0204081632653061,0.0,62.67960267960268
p055,2,0,0.106,0.2845,17,41,0.1020408163265306,0.12,37.1982971982972
p055,2,1,0.098,0.301,21,43,0.0204081632653061,0.02,68.32238832238833
p055,2,2,0.1045,0.316,20,47,0.0,0.02,70.40147290147291
p055,2,3,0.1045,0.321,22,46,0.0204081632653061,0.06,67.29616979616979
p055,2,4,0.108,0.2885,20,40,0.0408163265306122,0.08,53.02907302907303
p055,2,5,0.097,0.306,23,43,0.0,0.0,77.05469205469205
p055,2,6,0.091,0.2745,20,39,0.1428571428571428,0.06,47.14313214313214
p055,2,7,0.0985,0.308,17,39,0.0408163265306122,0.04,48.61782111782112
p055,2,8,0.113,0.3075,20,40,0.0,0.04,58.4023034023034
p055,2,9,0.1135,0.2885,20,41,0.0204081632653061,0.02,60.93810843810845
p055,2,10,0.1025,0.303,20,43,0.0,0.02,67.05075955075957
p055,2,11,0.0995,0.303,17,44,0.0408163265306122,0.06,53.43863093863095
p055,2,12,0.111,0.3345,23,43,0.0,0.0,70.86850586850586
p055,2,13,0.1045,0.3295,18,33,0.0204081632653061,0.02,45.24059774059774
p055,2,14,0.1185,0.315,18,41,0.0816326530612244,0.12,35.930958430958434
p055,2,15,0.115,0.3335,20,44,0.0612244897959183,0.1,47.75330275330276
p055,2,16,0.102,0.306,19,43,0.0612244897959183,0.12,48.0864380864381
p055,2,17,0.102,0.2975,21,45,0.0612244897959183,0.04,63.67070367070367
p055,2,18,0.094,0.2885,21,43,0.0,0.02,72.9069729069729
p055,2,19,0.0975,0.332,20,43,0.0204081632653061,0.0,64.80923230923231
p055,2,20,0.106,0.2835,20,39,0.0,0.04,61.18932118932119
p055,2,21,0.1159999999999999,0.312,21,45,0.0612244897959183,0.08,55.18221518221521
p055,2,22,0.1215,0.2965,22,44,0.0408163265306122,0.0,66.31150381150381
p055,2,23,0.097,0.28,18,39,0.1428571428571428,0.12,34.84654984654984
p055,2,24,0.0795,0.254,17,37,0.1224489795918367,0.18,33.496160996160995
p055,2,25,0.0975,0.287,21,37,0.0408163265306122,0.02,59.76957726957727
p055,2,26,0.115,0.3105,21,45,0.0204081632653061,0.08,60.33236533236533
p055,2,27,0.111,0.321,18,37,0.0204081632653061,0.04,46.538131538131545
p055,2,28,0.1395,0.358,21,43,0.0,0.0,58.27805827805828
p055,2,29,0.1325,0.312,20,40,0.0204081632653061,0.0,54.631747131747126
p055,2,30,0.131,0.3105,20,41,0.0,0.04,55.098340098340095
p055,2,31,0.131,0.3505,22,46,0.0204081632653061,0.08,56.18184118184118
p055,2,32,0.126,0.3115,21,41,0.0204081632653061,0.06,54.336864336864345
p055,2,33,0.13,0.3185,20,41,0.0204081632653061,0.04,52.15468215468215
p055,2,34,0.1065,0.282,23,49,0.0,0.02,80.47154297154297
p055,2,35,0.134,0.3355,20,42,0.0,0.02,55.01545501545501
p055,2,36,0.1075,0.286,20,43,0.0816326530612244,0.1,50.63076813076814
p055,2,37,0.1235,0.3015,24,46,0.0204081632653061,0.0,72.66082016082015
p055,2,38,0.1025,0.3185,18,37,0.1020408163265306,0.12,31.88097438097438
p055,2,39,0.1245,0.3425,20,40,0.0,0.0,55.86440836440837
p055,2,40,0.124,0.3235,16,39,0.0204081632653061,0.0,44.69854469854471
p055,2,41,0.1295,0.3135,20,45,0.0612244897959183,0.06,51.2886787886788
p055,2,42,0.1285,0.3515,18,35,0.0816326530612244,0.12,22.20404470404471
p055,2,43,0.131,0.3235,18,37,0.1020408163265306,0.1,26.44661144661144
p055,2,44,0.137,0.3175,19,42,0.0816326530612244,0.06,41.20879120879122
p055,2,45,0.146,0.368,20,42,0.0204081632653061,0.0,51.23310123310123
p055,2,46,0.1169999999999999,0.302,20,43,0.0816326530612244,0.12,44.91540991540995
p055,2,47,0.124,0.293,17,37,0.0204081632653061,0.0,47.56844756844757
p055,2,48,0.1315,0.323,19,38,0.1224489795918367,0.08,29.511517011517004
p055,2,49,0.107,0.291,24,45,0.0204081632653061,0.02,74.50653950653951
p056,1,0,0.059,0.2275,15,28,0.2244897959183673,0.28,31.23123123123123
p056,1,1,0.059,0.232,15,33,0.1020408163265306,0.16,37.39453739453739
p056,1,2,0.061,0.2305,19,44,0.0,0.02,82.37578237578236
p056,1,3,0.0635,0.23,18,40,0.0816326530612244,0.08,59.837309837309846
p056,1,4,0.063,0.258,20,43,0.0,0.08,75.16637516637516
p056,1,5,0.067,0.2795,18,42,0.0816326530612244,0.14,51.17661617661617
p056,1,6,0.0625,0.231,22,46,0.0408163265306122,0.02,87.27078727078725
p056,1,7,0.059,0.217,18,43,0.1020408163265306,0.1,60.751960751960745
p056,1,8,0.0584999999999999,0.208,20,45,0.0204081632653061,0.0,87.76193776193777
p056,1,9,0.063,0.231,19,43,0.0,0.04,79.19182919182919
p056,1,10,0.0584999999999999,0.2305,21,45,0.0,0.0,90.27159027159026
p056,1,11,0.063,0.2339999999999999,19,42,0.0,0.0,81.31318131318132
p056,1,12,0.0605,0.2415,18,43,0.0408163265306122,0.08,67.29421729421729
p056,1,13,0.0605,0.2355,20,42,0.0,0.02,81.69213169213168
p056,1,14,0.066,0.2235,19,41,0.0,0.06,75.05043505043506
p056,1,15,0.064,0.253,19,41,0.0612244897959183,0.06,65.43081543081543
p056,1,16,0.063,0.2485,23,45,0.0204081632653061,0.06,85.2951852951853
p056,1,17,0.065,0.223,18,39,0.0612244897959183,0.08,61.3988163988164
p056,1,18,0.059,0.2575,20,38,0.0408163265306122,0.02,69.59981959981961
p056,1,19,0.0625,0.2205,21,42,0.0204081632653061,0.04,81.34178134178134
p056,1,20,0.063,0.226,18,42,0.0612244897959183,0.06,67.03461703461704
p056,1,21,0.063,0.2465,17,37,0.1428571428571428,0.16,37.40828740828741
p056,1,22,0.0645,0.242,19,41,0.0408163265306122,0.0,74.34937684937684
p056,1,23,0.066,0.2115,18,41,0.0,0.02,77.57438757438756
p056,1,24,0.063,0.2395,17,39,0.0816326530612244,0.12,51.519651519651525
p056,1,25,0.0645,0.2585,18,45,0.0612244897959183,0.14,60.10106260106261
p056,1,26,0.067,0.249,18,40,0.0612244897959183,0.08,59.6020746020746
p056,1,27,0.0635,0.25,17,43,0.0816326530612244,0.1,57.44865744865746
p056,1,28,0.0665,0.2345,21,43,0.0,0.04,83.0081455081455
p056,1,29,0.0695,0.257,19,37,0.0204081632653061,0.08,61.50273900273899
p056,1,30,0.068,0.2305,19,42,0.0408163265306122,0.04,72.24554224554224
p056,1,31,0.0645,0.2515,18,38,0.1224489795918367,0.12,46.53639903639904
p056,1,32,0.065,0.2329999999999999,16,43,0.0,0.0,75.31438031438033
p056,1,33,0.0625,0.253,22,44,0.0,0.06,83.56268356268357
p056,1,34,0.0595,0.2365,17,43,0.0204081632653061,0.0,75.20212520212519
p056,1,35,0.062,0.2285,16,39,0.1020408163265306,0.12,47.85884785884786
p056,1,36,0.06,0.254,21,40,0.0816326530612244,0.12,60.87406087406088
p056,1,37,0.071,0.2145,19,42,0.0,0.0,81.5984665984666
p056,1,38,0.065,0.228,20,42,0.0612244897959183,0.12,65.8026708026708
p056,1,39,0.0665,0.2395,20,42,0.0408163265306122,0.08,70.37903287903288
p056,1,40,0.065,0.2265,18,42,0.0204081632653061,0.04,73.36022836022836
p056,1,41,0.063,0.2305,22,45,0.0204081632653061,0.04,86.56788656788656
p056,1,42,0.063,0.2225,17,31,0.1836734693877551,0.24,34.112684112684114
p056,1,43,0.066,0.2215,17,40,0.0204081632653061,0.0,72.38128238128239
p056,1,44,0.0665,0.2355,23,48,0.0408163265306122,0.0,91.73995423995424
p056,1,45,0.0615,0.2485,19,35,0.1020408163265306,0.1,49.72334972334971
p056,1,46,0.062,0.2275,26,47,0.0,0.04,94.1941941941942
p056,1,47,0.0605,0.253,22,39,0.1632653061224489,0.22,49.37464937464937
p056,1,48,0.063,0.238,23,43,0.0,0.02,89.86678986678986
p056,2,0,0.0645,0.227,17,45,0.0612244897959183,0.08,66.42881892881893
p056,2,1,0.0625,0.237,21,44,0.0816326530612244,0.12,67.7039677039677
p056,2,2,0.064,0.236,20,45,0.0,0.0,87.34008734008734
p056,2,3,0.0635,0.25,22,44,0.0204081632653061,0.04,83.33388333388332
p056,2,4,0.0625,0.233,20,40,0.0408163265306122,0.06,70.91267091267092
p056,2,5,0.063,0.2355,21,39,0.0816326530612244,0.14,59.5920095920096
p056,2,6,0.067,0.2485,22,42,0.1224489795918367,0.12,60.8934758934759
p056,2,7,0.066,0.2445,16,35,0.1428571428571428,0.22,30.335390335390333
p056,2,8,0.0645,0.2245,17,40,0.0,0.02,72.96722546722548
p056,2,9,0.0645,0.2324999999999999,19,35,0.0,0.0,72.36992486992487
p056,2,10,0.0635,0.252,19,43,0.0612244897959183,0.08,66.24316624316624
p056,2,11,0.064,0.216,20,47,0.0,0.04,88.2024882024882
p056,2,12,0.063,0.2485,18,46,0.0204081632653061,0.02,78.37617837617837
p056,2,13,0.069,0.28,25,44,0.0,0.02,85.75416075416075
p056,2,14,0.064,0.247,15,34,0.0408163265306122,0.08,50.44330044330045
p056,2,15,0.0665,0.2525,22,46,0.0,0.06,85.58159808159809
p056,2,16,0.066,0.278,24,44,0.0,0.04,84.81679481679481
p056,2,17,0.064,0.233,20,41,0.0612244897959183,0.06,69.81376981376981
p056,2,18,0.064,0.2195,16,42,0.0408163265306122,0.0,70.85987085987087
p056,2,19,0.063,0.2535,22,46,0.0408163265306122,0.08,79.46297946297946
p056,2,20,0.062,0.256,20,44,0.0,0.04,80.35233035233036
p056,2,21,0.0645,0.2185,21,41,0.0408163265306122,0.04,77.75993025993026
p056,2,22,0.0645,0.2385,23,47,0.0204081632653061,0.02,92.44494494494496
p056,2,23,0.0625,0.2335,20,40,0.1020408163265306,0.04,65.57161557161557
p056,2,24,0.0635,0.2835,21,43,0.1020408163265306,0.1,61.23816123816123
p056,2,25,0.067,0.2415,18,35,0.0612244897959183,0.04,57.64627264627265
p056,2,26,0.0615,0.2165,21,44,0.0,0.0,90.3909403909404
p056,2,27,0.064,0.2155,17,36,0.0612244897959183,0.08,56.16055616055616
p056,2,28,0.0665,0.248,22,43,0.0,0.02,85.88959838959836
p056,2,29,0.068,0.2334999999999999,18,38,0.1224489795918367,0.14,45.65301565301565
p056,2,30,0.067,0.2265,20,41,0.0,0.02,80.5966955966956
p056,2,31,0.0625,0.2115,21,45,0.0,0.0,92.17349217349216
p056,2,32,0.0655,0.2205,22,43,0.0204081632653061,0.04,84.64764214764215
p056,2,33,0.0625,0.241,15,28,0.1836734693877551,0.24,29.87987987987988
p056,2,34,0.0675,0.2415,20,40,0.1224489795918367,0.18,48.59356609356609
p056,2,35,0.063,0.2345,21,42,0.1224489795918367,0.16,56.92450692450692
p056,2,36,0.0655,0.2445,19,41,0.0204081632653061,0.08,68.83457633457634
p056,2,37,0.063,0.213,21,43,0.0612244897959183,0.06,76.76082676082677
p056,2,38,0.063,0.242,20,39,0.1224489795918367,0.14,51.7985017985018
p056,2,39,0.0655,0.254,24,41,0.0,0.02,85.34394284394284
p056,2,40,0.0645,0.2355,21,39,0.0,0.02,80.10788260788262
p056,2,41,0.064,0.2405,18,40,0.0612244897959183,0.08,61.16721116721117
p056,2,42,0.0635,0.2325,18,42,0.0,0.02,77.23052723052722
p056,2,43,0.063,0.243,20,40,0.0612244897959183,0.06,67.53071753071754
p056,2,44,0.064,0.2299999999999999,19,44,0.0408163265306122,0.0,79.51577951577953
p056,2,45,0.064,0.2245,21,42,0.0204081632653061,0.0,84.64508464508465
p056,2,46,0.063,0.2445,18,40,0.1020408163265306,0.14,50.44935044935045
p056,2,47,0.0645,0.224,18,37,0.1020408163265306,0.1,52.23990473990474
p056,2,48,0.064,0.2095,18,39,0.0204081632653061,0.02,73.3057233057233
p056,2,49,0.0615,0.2135,18,38,0.1020408163265306,0.08,56.54390654390654
p056,2,50,0.063,0.259,23,45,0.0204081632653061,0.02,87.94783794783795
p056,2,51,0.064,0.2365,20,41,0.1020408163265306,0.14,57.294107294107285
p057,1,0,0.125,0.2705,16,32,0.0816326530612244,0.12,25.101530101530106
p057,1,1,0.1215,0.2575,16,42,0.0816326530612244,0.08,41.1962786962787
p057,1,2,0.127,0.2935,17,35,0.0612244897959183,0.1,30.218845218845228
p057,1,3,0.127,0.3125,23,43,0.0612244897959183,0.08,54.71091971091972
p057,1,4,0.118,0.255,21,44,0.0204081632653061,0.04,67.5952875952876
p057,1,5,0.122,0.278,18,45,0.0612244897959183,0.0,57.42159742159743
p057,1,6,0.127,0.2775,18,42,0.0204081632653061,0.02,55.34507034507035
p057,1,7,0.138,0.2925,21,44,0.1020408163265306,0.12,43.10079310079311
p057,1,8,0.1275,0.288,16,40,0.0,0.0,51.081768581768586
p057,1,9,0.1265,0.286,20,45,0.0,0.06,61.8985743985744
p057,1,10,0.133,0.282,21,41,0.0,0.02,61.70780670780672
p057,1,11,0.1285,0.2804999999999999,20,44,0.0408163265306122,0.1,52.22527472527474
p057,1,12,0.127,0.2585,18,34,0.0,0.0,51.22336622336622
p057,1,13,0.122,0.26,18,38,0.0,0.0,57.3918973918974
p057,1,14,0.133,0.303,19,44,0.0408163265306122,0.06,50.22434522434523
p057,1,15,0.1375,0.275,20,38,0.0612244897959183,0.12,39.541189541189546
p057,1,16,0.127,0.2815,18,39,0.0408163265306122,0.02,48.71756371756373
p057,1,17,0.133,0.284,20,46,0.0204081632653061,0.0,65.00781000781001
p057,1,18,0.127,0.2375,19,43,0.1020408163265306,0.1,46.08086108086108
p057,1,19,0.133,0.2765,20,42,0.0612244897959183,0.1,46.60919160919161
p057,1,20,0.1345,0.3025,19,43,0.0816326530612244,0.08,42.14049214049215
p057,1,21,0.133,0.27,18,39,0.0408163265306122,0.04,46.58829158829158
p057,1,22,0.0955,0.2225,16,30,0.4489795918367347,0.04,37.1946946946947
p057,1,23,0.1305,0.2635,15,36,0.0612244897959183,0.08,33.14146564146565
p057,1,24,0.1375,0.273,21,46,0.0,0.0,70.63272063272062
p057,1,25,0.133,0.294,18,36,0.0,0.0,48.80534380534382
p057,1,26,0.13,0.302,17,43,0.0408163265306122,0.02,48.6984786984787
p057,1,27,0.1275,0.2935,21,42,0.0,0.04,61.2963787963788
p057,1,28,0.124,0.316,19,38,0.1428571428571428,0.24,20.35772035772036
p057,1,29,0.127,0.2945,19,43,0.0,0.02,59.68732468732469
p057,1,30,0.1325,0.29,15,36,0.0612244897959183,0.1,28.16077066077067
p057,1,31,0.125,0.2825,18,42,0.0204081632653061,0.06,51.61705661705662
p057,1,32,0.1375,0.286,20,46,0.0408163265306122,0.06,56.63300663300664
p057,1,33,0.1325,0.3105,19,42,0.0,0.06,51.79044429044429
p057,1,34,0.1325,0.279,17,46,0.0408163265306122,0.0,56.1035486035486
p057,1,35,0.133,0.2995,20,43,0.0204081632653061,0.02,57.75825275825276
p057,1,36,0.1275,0.277,18,37,0.1020408163265306,0.18,24.527192027192022
p057,1,37,0.137,0.2915,21,42,0.0,0.0,63.652663652663655
p057,1,38,0.1375,0.297,19,38,0.0612244897959183,0.08,38.66173866173867
p057,1,39,0.1275,0.2895,19,47,0.0408163265306122,0.04,58.58322608322609
p057,1,40,0.138,0.282,19,44,0.0204081632653061,0.0,60.024860024860025
p057,1,41,0.13,0.2805,20,41,0.0612244897959183,0.06,49.34472934472935
p057,1,42,0.122,0.2555,16,41,0.1020408163265306,0.18,28.35516835516835
p057,1,43,0.135,0.2975,22,46,0.0612244897959183,0.08,56.01095601095602
p057,1,44,0.1275,0.2794999999999999,21,40,0.0408163265306122,0.04,55.37177287177288
p057,1,45,0.1325,0.261,26,45,0.0,0.02,73.81906631906632
p057,1,46,0.137,0.31,20,38,0.0408163265306122,0.12,38.41863841863842
p057,1,47,0.1265,0.2785,22,44,0.0,0.0,71.68473418473418
p057,2,0,0.1215,0.26,18,48,0.0408163265306122,0.08,56.88009438009437
p057,2,1,0.1245,0.2995,22,45,0.0408163265306122,0.08,59.17156167156168
p057,2,2,0.122,0.2925,22,48,0.0,0.02,73.34906334906337
p057,2,3,0.121,0.294,21,42,0.0816326530612244,0.14,44.01087901087902
p057,2,4,0.124,0.25,20,35,0.1224489795918367,0.18,27.88007788007788
p057,2,5,0.1215,0.282,19,39,0.0408163265306122,0.06,48.65428615428616
p057,2,6,0.1285,0.3145,25,46,0.0204081632653061,0.08,62.76163526163526
p057,2,7,0.122,0.289,22,42,0.0,0.02,67.28915728915729
p057,2,8,0.117,0.301,19,41,0.0,0.02,58.853523853523846
p057,2,9,0.119,0.2765,22,39,0.0612244897959183,0.08,52.71012771012772
p057,2,10,0.122,0.288,20,43,0.0408163265306122,0.04,57.29564729564729
p057,2,11,0.122,0.287,20,45,0.0204081632653061,0.02,64.19265419265419
p057,2,12,0.122,0.287,18,44,0.0612244897959183,0.1,45.979385979386
p057,2,13,0.1265,0.308,24,44,0.0408163265306122,0.08,58.94342144342145
p057,2,14,0.117,0.26,15,34,0.0204081632653061,0.0,46.31131131131131
p057,2,15,0.1175,0.259,21,44,0.0,0.0,73.39859089859091
p057,2,16,0.126,0.2975,26,47,0.0,0.02,74.2771342771343
p057,2,17,0.114,0.247,19,41,0.0408163265306122,0.0,62.06316206316206
p057,2,18,0.123,0.291,18,40,0.0408163265306122,0.1,42.5936375936376
p057,2,19,0.122,0.2945,21,46,0.0204081632653061,0.04,65.25305525305525
p057,2,20,0.122,0.282,19,43,0.0,0.0,63.98090398090398
p057,2,21,0.1185,0.254,20,40,0.0408163265306122,0.06,55.834378334378336
p057,2,22,0.118,0.2765,20,43,0.0408163265306122,0.0,63.10288310288311
p057,2,23,0.121,0.2905,19,40,0.1224489795918367,0.14,32.27331727331727
p057,2,24,0.119,0.277,21,42,0.0816326530612244,0.04,55.44803044803046
p057,2,25,0.1165,0.2515,21,36,0.0408163265306122,0.0,59.36912186912187
p057,2,26,0.1195,0.263,18,42,0.0,0.0,62.81504031504032
p057,2,27,0.1215,0.3055,19,44,0.0408163265306122,0.12,47.15663465663466
p057,2,28,0.121,0.2735,23,42,0.0612244897959183,0.1,56.90949190949191
p057,2,29,0.123,0.253,19,41,0.0408163265306122,0.04,55.61600061600063
p057,2,30,0.122,0.2615,19,41,0.0,0.0,63.46885346885347
p057,2,31,0.121,0.271,22,44,0.0408163265306122,0.08,61.575696575696576
p057,2,32,0.117,0.2794999999999999,17,38,0.1224489795918367,0.12,28.852643852643865
p057,2,33,0.1275,0.252,22,42,0.0204081632653061,0.02,67.30238480238481
p057,2,34,0.1295,0.255,24,48,0.0,0.04,75.84620334620335
p057,2,35,0.13,0.2825,19,42,0.0,0.02,58.8921888921889
p057,2,36,0.117,0.272,19,40,0.0204081632653061,0.0,59.94527494527495
p057,2,37,0.122,0.2725,25,47,0.0204081632653061,0.0,77.2029172029172
p057,2,38,0.127,0.298,18,33,0.0,0.0,47.26941226941227
p057,2,39,0.123,0.296,22,39,0.0,0.02,62.5042075042075
p057,2,40,0.1245,0.2685,18,39,0.0816326530612244,0.1,38.44479094479095
p057,2,41,0.1275,0.2625,19,48,0.0204081632653061,0.0,67.37058487058486
p057,2,42,0.1325,0.2825,21,42,0.0612244897959183,0.06,52.21229471229472
p057,2,43,0.122,0.256,19,44,0.0612244897959183,0.02,58.87084887084888
p057,2,44,0.1205,0.281,20,39,0.0408163265306122,0.08,49.52158202158203
p057,2,45,0.1265,0.265,19,39,0.0408163265306122,0.06,49.16551166551167
p057,2,46,0.123,0.255,20,42,0.1224489795918367,0.2,36.5920315920316
p057,2,47,0.122,0.266,17,38,0.0204081632653061,0.0,52.02939202939203
p057,2,48,0.1295,0.264,21,45,0.0612244897959183,0.1,54.92088242088243
p058,1,0,0.131,0.3429999999999999,20,37,0.0204081632653061,0.04,44.33592933592934
p058,1,1,0.111,0.3685,19,46,0.0204081632653061,0.02,57.55464255464256
p058,1,2,0.113,0.3145,17,43,0.0204081632653061,0.06,50.17209517209517
p058,1,3,0.129,0.333,20,38,0.0,0.08,45.772420772420766
p058,1,4,0.111,0.303,20,43,0.0408163265306122,0.04,58.41319341319342
p058,1,5,0.1285,0.34,21,45,0.0204081632653061,0.06,56.01697851697852
p058,1,6,0.1115,0.3435,18,48,0.0204081632653061,0.06,55.13549263549263
p058,1,7,0.11,0.316,21,46,0.0204081632653061,0.08,62.254342254342255
p058,1,8,0.1145,0.309,18,41,0.0612244897959183,0.08,43.56859606859607
p058,1,9,0.1105,0.3175,22,46,0.0,0.02,72.30260480260479
p058,1,10,0.131,0.3645,18,41,0.0,0.1,39.375474375474376
p058,1,11,0.1135,0.3415,20,45,0.0408163265306122,0.08,52.82450032450032
p058,1,12,0.131,0.2975,19,38,0.0,0.06,48.32068332068332
p058,1,13,0.131,0.29,18,40,0.0,0.02,52.95828795828796
p058,1,14,0.131,0.3105,19,43,0.0,0.06,53.42963842963844
p058,1,15,0.122,0.308,19,40,0.1020408163265306,0.2,28.96071896071896
p058,1,16,0.1315,0.3395,20,42,0.0204081632653061,0.08,47.27378477378477
p058,1,17,0.13,0.286,16,41,0.0816326530612244,0.1,33.18571318571319
p058,1,18,0.1095,0.3795,20,46,0.0612244897959183,0.14,43.96927146927148
p058,1,19,0.1315,0.3379999999999999,22,45,0.0408163265306122,0.02,59.20659670659671
p058,1,20,0.131,0.2945,21,42,0.0408163265306122,0.08,51.89733689733691
p058,1,21,0.13,0.3755,17,38,0.0612244897959183,0.04,30.94831094831095
p058,1,22,0.1125,0.3275,19,46,0.0408163265306122,0.06,55.21694771694772
p058,1,23,0.1125,0.2945,20,47,0.0816326530612244,0.14,50.01394251394252
p058,1,24,0.132,0.325,16,32,0.0,0.0,38.61432861432861
p058,1,25,0.112,0.312,21,49,0.0,0.02,71.3971113971114
p058,1,26,0.1285,0.3055,18,44,0.0612244897959183,0.08,44.43176693176694
p058,1,27,0.13,0.3035,16,39,0.0612244897959183,0.06,34.95451495451496
p058,1,28,0.129,0.3355,24,44,0.0204081632653061,0.06,59.82823482823482
p058,1,29,0.1315,0.3365,16,39,0.0204081632653061,0.08,34.204121704121704
p058,1,30,0.13,0.306,20,42,0.0204081632653061,0.02,56.539836539836536
p058,1,31,0.13,0.3375,19,43,0.0,0.02,54.668734668734665
p058,1,32,0.1325,0.3885,20,48,0.0,0.04,56.17724867724868
p058,1,33,0.132,0.3455,18,40,0.0,0.0,49.01648901648903
p058,1,34,0.113,0.307,16,44,0.1428571428571428,0.14,28.13082313082313
p058,1,35,0.133,0.313,20,43,0.0204081632653061,0.02,56.406901406901405
p058,1,36,0.128,0.316,18,46,0.0408163265306122,0.06,50.2966702966703
p058,1,37,0.13,0.295,19,42,0.0204081632653061,0.06,51.55628155628156
p058,1,38,0.129,0.394,20,42,0.0612244897959183,0.12,36.05006105006105
p058,1,39,0.131,0.36,18,46,0.0,0.08,48.08803308803309
p058,1,40,0.1305,0.3685,15,36,0.0408163265306122,0.06,26.86375936375937
p058,1,41,0.1275,0.327,21,40,0.0816326530612244,0.08,42.15140965140966
p058,1,42,0.1125,0.3225,18,39,0.1020408163265306,0.12,31.66372416372416
p058,1,43,0.112,0.3075,18,44,0.0204081632653061,0.08,52.92204292204293
p058,1,44,0.127,0.3325,23,46,0.0408163265306122,0.02,64.49157949157949
p058,1,45,0.133,0.304,20,44,0.0408163265306122,0.06,52.50519750519751
p058,1,46,0.1205,0.303,25,45,0.0204081632653061,0.04,68.23920073920074
p058,1,47,0.113,0.3205,26,47,0.0,0.04,73.21821821821821
p058,1,48,0.1295,0.325,17,42,0.0408163265306122,0.08,39.67761717761719
p058,2,0,0.1305,0.298,18,44,0.0816326530612244,0.06,44.17722667722669
p058,2,1,0.1125,0.311,20,41,0.0816326530612244,0.04,49.92924242924244
p058,2,2,0.13,0.3355,21,46,0.0,0.06,59.77328977328977
p058,2,3,0.131,0.299,22,45,0.0,0.04,66.13960113960114
p058,2,4,0.13,0.3295,22,43,0.0,0.02,62.61239261239261
p058,2,5,0.1215,0.361,25,46,0.0,0.08,62.15459965459966
p058,2,6,0.132,0.331,18,42,0.0204081632653061,0.06,45.0955350955351
p058,2,7,0.134,0.372,18,40,0.0,0.02,44.035794035794034
p058,2,8,0.1315,0.337,19,36,0.0,0.0,47.239134739134734
p058,2,9,0.127,0.317,21,42,0.0204081632653061,0.04,56.68212168212168
p058,2,10,0.13,0.328,19,46,0.0204081632653061,0.04,55.23303523303523
p058,2,11,0.1285,0.3135,17,44,0.0612244897959183,0.12,37.546310046310055
p058,2,12,0.131,0.3435,24,43,0.0,0.0,65.2057002057002
p058,2,13,0.1295,0.308,16,33,0.0204081632653061,0.02,36.67846417846418
p058,2,14,0.132,0.3555,22,46,0.0,0.04,61.52790152790152
p058,2,15,0.134,0.354,24,44,0.0,0.02,62.87056287056287
p058,2,16,0.1295,0.2875,19,39,0.0204081632653061,0.0,54.13548163548163
p058,2,17,0.132,0.3175,18,43,0.0612244897959183,0.06,42.96703296703297
p058,2,18,0.112,0.3405,21,47,0.0204081632653061,0.08,60.60775060775061
p058,2,19,0.1305,0.3465,20,46,0.0204081632653061,0.04,55.64308814308814
p058,2,20,0.1295,0.3285,19,42,0.0612244897959183,0.1,39.856367356367365
p058,2,21,0.1325,0.3685,23,47,0.0,0.04,63.77055627055628
p058,2,22,0.1285,0.2955,19,37,0.1224489795918367,0.04,35.4002079002079
p058,2,23,0.1285,0.3615,19,42,0.1020408163265306,0.1,32.02925452925453
p058,2,24,0.1305,0.2875,17,30,0.0612244897959183,0.0,37.96332046332047
p058,2,25,0.131,0.313,22,43,0.0,0.06,60.32224532224532
p058,2,26,0.129,0.369,19,38,0.0204081632653061,0.08,37.40691240691242
p058,2,27,0.1125,0.3105,23,45,0.0,0.02,73.62601612601614
p058,2,28,0.133,0.3645,22,44,0.0204081632653061,0.0,59.14755414755415
p058,2,29,0.1325,0.3325,20,42,0.0,0.06,51.96919446919447
p058,2,30,0.131,0.305,17,39,0.0204081632653061,0.06,41.70912670912672
p058,2,31,0.1325,0.346,22,42,0.0204081632653061,0.08,51.14694364694365
p058,2,32,0.127,0.3335,22,41,0.0204081632653061,0.02,57.98122298122298
p058,2,33,0.131,0.303,22,48,0.0,0.0,72.007007007007
p058,2,34,0.129,0.337,19,42,0.0,0.04,51.82297682297682
p058,2,35,0.132,0.306,21,45,0.0,0.04,62.81985281985282
p058,2,36,0.132,0.3245,23,46,0.0204081632653061,0.04,64.63100463100463
p058,2,37,0.13,0.349,21,36,0.0,0.04,47.45327745327745
p058,2,38,0.128,0.3535,23,42,0.0612244897959183,0.14,43.53111353111354
p058,2,39,0.131,0.3285,17,35,0.0204081632653061,0.0,39.78412478412479
p058,2,40,0.13,0.3375,18,44,0.0408163265306122,0.08,43.25237325237325
p058,2,41,0.121,0.3245,19,37,0.0408163265306122,0.06,41.95497695497696
p058,2,42,0.132,0.3355,20,45,0.0204081632653061,0.04,55.10499510499511
p058,2,43,0.13,0.294,19,44,0.0612244897959183,0.02,53.16228316228317
p058,2,44,0.111,0.3005,22,42,0.0408163265306122,0.04,62.14329714329714
p058,2,45,0.13,0.3095,21,45,0.0612244897959183,0.02,57.654687654687656
p058,2,46,0.13,0.3295,16,39,0.0816326530612244,0.12,24.41540441540442
p058,2,47,0.111,0.289,18,37,0.1020408163265306,0.1,34.66196966196966
p058,2,48,0.129,0.3855,21,42,0.0204081632653061,0.1,45.04477004477005
p059,1,0,0.09,0.2395,18,37,0.0408163265306122,0.08,53.611633611633614
p059,1,1,0.1,0.291,16,44,0.0816326530612244,0.12,41.82237182237183
p059,1,2,0.0955,0.2555,18,38,0.0204081632653061,0.02,59.919067419067424
p059,1,3,0.0905,0.3415,21,43,0.0408163265306122,0.12,54.41383691383692
p059,1,4,0.088,0.29,20,41,0.0408163265306122,0.0,66.33028633028634
p059,1,5,0.101,0.282,21,46,0.0408163265306122,0.08,65.41965041965041
p059,1,6,0.1005,0.2805,14,34,0.1224489795918367,0.18,19.616402116402117
p059,1,7,0.101,0.3005,20,37,0.0204081632653061,0.02,57.58489258489259
p059,1,8,0.0995,0.271,19,45,0.0204081632653061,0.08,63.21489071489072
p059,1,9,0.1005,0.285,19,43,0.0,0.04,65.0959475959476
p059,1,10,0.081,0.261,20,41,0.0204081632653061,0.04,69.57710457710458
p059,1,11,0.1,0.2685,18,42,0.0,0.0,66.9073469073469
p059,1,12,0.09,0.2855,18,40,0.0408163265306122,0.1,51.00133100133101
p059,1,13,0.08,0.2605,19,40,0.0204081632653061,0.04,66.2022462022462
p059,1,14,0.08,0.244,20,41,0.0204081632653061,0.02,73.36875336875336
p059,1,15,0.089,0.261,21,47,0.0,0.04,80.12655512655513
p059,1,16,0.081,0.2555,21,37,0.0204081632653061,0.06,65.52855052855053
p059,1,17,0.09,0.275,17,39,0.1224489795918367,0.16,33.310013310013304
p059,1,18,0.08,0.299,19,45,0.0408163265306122,0.1,60.82214082214082
p059,1,19,0.081,0.251,21,43,0.0612244897959183,0.04,70.76125576125575
p059,1,20,0.0785,0.25,22,44,0.0204081632653061,0.02,81.73335423335423
p059,1,21,0.0895,0.2605,18,39,0.0612244897959183,0.04,55.51543301543303
p059,1,22,0.08,0.2405,19,40,0.0408163265306122,0.0,69.52699952699953
p059,1,23,0.0905,0.249,18,42,0.0,0.02,69.26935176935176
p059,1,24,0.1,0.2605,20,43,0.0,0.02,71.90025190025189
p059,1,25,0.0815,0.2505,20,40,0.0,0.0,75.31171281171281
p059,1,26,0.09,0.26,17,42,0.0408163265306122,0.0,62.99629299629299
p059,1,27,0.081,0.28,16,36,0.2244897959183673,0.24,24.49245949245949
p059,1,28,0.089,0.2845,21,37,0.1632653061224489,0.2,35.324060324060326
p059,1,29,0.0945,0.3545,23,40,0.0,0.04,65.24521774521774
p059,1,30,0.0865,0.2635,18,42,0.0204081632653061,0.02,66.3893288893289
p059,1,31,0.1,0.2805,21,45,0.0,0.04,72.99145299145299
p059,1,32,0.101,0.28,17,39,0.0408163265306122,0.08,47.12168212168211
p059,1,33,0.11,0.3045,21,43,0.0612244897959183,0.14,49.241879241879246
p059,1,34,0.1,0.294,17,41,0.0,0.0,60.69179069179069
p059,1,35,0.105,0.2995,19,44,0.0408163265306122,0.02,60.94506594506595
p059,1,36,0.09,0.2965,20,42,0.0408163265306122,0.06,60.92994092994093
p059,1,37,0.104,0.31,19,42,0.0408163265306122,0.08,52.01245201245202
p059,1,38,0.09,0.2905,19,43,0.1020408163265306,0.18,42.17767217767218
p059,1,39,0.1005,0.333,20,41,0.0204081632653061,0.1,52.17148467148468
p059,1,40,0.091,0.28,19,45,0.0204081632653061,0.0,71.74520674520674
p059,1,41,0.101,0.316,19,44,0.0408163265306122,0.06,56.54209154209153
p059,1,42,0.081,0.241,20,37,0.1632653061224489,0.12,44.75777975777976
p059,1,43,0.0805,0.23,17,40,0.0204081632653061,0.04,64.37434687434687
p059,1,44,0.09,0.305,25,48,0.0408163265306122,0.04,75.48405548405549
p059,1,45,0.089,0.261,18,38,0.0204081632653061,0.0,62.76798776798777
p059,1,46,0.096,0.2755,27,43,0.0,0.04,76.64213664213663
p059,1,47,0.0815,0.259,23,45,0.0612244897959183,0.12,69.76000726000727
p059,1,48,0.0905,0.291,21,37,0.0816326530612244,0.14,45.16282766282768
p059,2,0,0.11,0.3095,19,44,0.0204081632653061,0.02,61.13454113454114
p059,2,1,0.1095,0.2905,20,39,0.0612244897959183,0.1,46.95687445687447
p059,2,2,0.11,0.3145,18,43,0.0816326530612244,0.12,40.56892056892058
p059,2,3,0.111,0.319,23,44,0.0,0.02,71.85025685025686
p059,2,4,0.1035,0.3145,20,41,0.0,0.02,63.0974105974106
p059,2,5,0.1245,0.4,24,42,0.0204081632653061,0.08,52.72995522995524
p059,2,6,0.12,0.3255,22,43,0.0,0.02,65.39374539374539
p059,2,7,0.1055,0.32,17,41,0.0204081632653061,0.06,48.843156343156345
p059,2,8,0.0995,0.311,20,40,0.0204081632653061,0.06,57.03343453343453
p059,2,9,0.102,0.2935,20,40,0.0408163265306122,0.08,53.95714395714396
p059,2,10,0.1045,0.27,16,38,0.0408163265306122,0.08,43.62634612634613
p059,2,11,0.1,0.305,19,41,0.0204081632653061,0.06,56.416086416086415
p059,2,12,0.12,0.3419999999999999,19,43,0.0204081632653061,0.06,50.51458051458053
p059,2,13,0.1,0.32,20,44,0.0204081632653061,0.08,59.289839289839286
p059,2,14,0.09,0.2595,15,31,0.0204081632653061,0.1,43.53067353067352
p059,2,15,0.0255,0.148,15,25,0.5510204081632653,0.04,46.2962962962963
p059,2,16,0.11,0.2985,18,39,0.1020408163265306,0.18,29.1058091058091
p059,2,17,0.0805,0.3025,20,31,0.3673469387755102,0.1,36.72636922636922
p059,2,18,0.1095,0.298,21,45,0.0816326530612244,0.14,50.1947276947277
p059,2,19,0.0915,0.2795,22,45,0.0612244897959183,0.04,70.35345785345787
p059,2,20,0.0815,0.2395,17,37,0.0816326530612244,0.16,41.0851785851786
p059,2,21,0.081,0.276,18,36,0.1428571428571428,0.22,29.654764654764648
p059,2,22,0.09,0.2855,18,38,0.2040816326530612,0.06,40.23617023617024
p059,2,23,0.0849999999999999,0.2485,19,38,0.0204081632653061,0.06,61.79701679701682
p059,2,24,0.0905,0.2955,16,36,0.1836734693877551,0.2,20.679003179003185
p059,2,25,0.1005,0.294,22,45,0.0408163265306122,0.04,69.14010164010165
p059,2,26,0.0935,0.276,20,41,0.0408163265306122,0.04,62.718460218460216
p059,2,27,0.09,0.2865,20,43,0.0816326530612244,0.1,54.74738474738476
p059,2,28,0.1,0.267,21,38,0.0816326530612244,0.12,48.43722843722844
p059,2,29,0.1055,0.31,20,40,0.1224489795918367,0.2,32.68909018909019
p059,2,30,0.114,0.3055,19,40,0.0204081632653061,0.06,51.75065175065175
p059,2,31,0.1,0.291,23,46,0.0,0.04,77.98435798435798
p059,2,32,0.1,0.264,18,40,0.0204081632653061,0.06,56.85718685718686
p059,2,33,0.0945,0.296,22,41,0.0408163265306122,0.1,59.6847121847122
p059,2,34,0.1,0.295,18,35,0.0,0.02,53.42848342848343
p059,2,35,0.107,0.3255,21,41,0.0408163265306122,0.06,55.07832007832008
p059,2,36,0.101,0.305,22,45,0.0408163265306122,0.04,67.91995291995292
p059,2,37,0.1145,0.3205,22,45,0.0204081632653061,0.04,65.53506803506804
p059,2,38,0.11,0.3,22,47,0.0408163265306122,0.08,65.13799513799515
p059,2,39,0.12,0.351,19,40,0.0204081632653061,0.08,43.91567391567392
p059,2,40,0.13,0.3665,21,45,0.0408163265306122,0.08,48.77437877437877
p059,2,41,0.11,0.3245,25,48,0.0408163265306122,0.04,68.77019877019877
p059,2,42,0.1055,0.3115,20,35,0.0408163265306122,0.06,46.76360426360427
p059,2,43,0.1105,0.32,21,42,0.0,0.02,64.54319704319704
p059,2,44,0.1025,0.334,18,41,0.0204081632653061,0.06,50.53699303699304
p059,2,45,0.1115,0.313,20,44,0.0204081632653061,0.02,62.80800030800031
p059,2,46,0.101,0.3605,17,36,0.0612244897959183,0.12,29.132814132814143
p059,2,47,0.111,0.323,19,43,0.1632653061224489,0.02,43.97732897732897
p059,2,48,0.1,0.3105,19,43,0.0816326530612244,0.08,49.43492943492944
p059,2,49,0.0965,0.29,20,42,0.0,0.1,61.09117359117359
p059,2,50,0.1005,0.2855,21,40,0.1020408163265306,0.08,50.35318285318285
p059,2,51,0.095,0.2755,19,40,0.0816326530612244,0.08,50.28275528275529
p059,2,52,0.1005,0.287,18,44,0.0408163265306122,0.08,55.33123783123784
p059,2,53,0.0955,0.2595,17,36,0.2653061224489796,0.18,25.47308297308297
p059,2,54,0.1095,0.3035,22,42,0.0408163265306122,0.1,56.644584144584144
p059,2,55,0.1005,0.269,20,43,0.0204081632653061,0.0,70.4012529012529
p059,2,56,0.1215,0.3495,17,31,0.0,0.02,39.19097669097669
p060,1,0,0.071,0.2385,17,35,0.0612244897959183,0.12,47.205832205832216
p060,1,1,0.0755,0.2745,16,42,0.0816326530612244,0.14,44.8914023914024
p060,1,2,0.066,0.254,16,35,0.1428571428571428,0.2,29.38443938443938
p060,1,3,0.075,0.256,19,42,0.0408163265306122,0.06,66.17447117447118
p060,1,4,0.061,0.2405,19,42,0.0612244897959183,0.12,62.40856240856241
p060,1,5,0.068,0.2385,21,41,0.0816326530612244,0.06,68.31083831083832
p060,1,6,0.0655,0.293,22,44,0.1224489795918367,0.16,55.65656315656315
p060,1,7,0.068,0.2735,18,44,0.0612244897959183,0.1,60.18788018788019
p060,1,8,0.064,0.2575,21,47,0.0204081632653061,0.02,85.90018590018592
p060,1,9,0.076,0.2615,19,41,0.0204081632653061,0.08,64.63287463287465
p060,1,10,0.063,0.2905,17,44,0.0408163265306122,0.16,53.88300388300389
p060,1,11,0.074,0.2895,24,45,0.0,0.04,83.04293304293306
p060,1,12,0.07,0.2665,18,42,0.0204081632653061,0.04,68.16574816574817
p060,1,13,0.0675,0.247,20,41,0.0408163265306122,0.12,64.40443190443192
p060,1,14,0.067,0.2655,18,37,0.0408163265306122,0.1,54.63336963336963
p060,1,15,0.071,0.2425,17,35,0.1224489795918367,0.18,34.107019107019106
p060,1,16,0.07,0.246,19,43,0.0612244897959183,0.14,59.85963985963986
p060,1,17,0.06,0.2485,21,40,0.1224489795918367,0.14,54.810854810854806
p060,1,18,0.073,0.2455,20,39,0.0408163265306122,0.08,64.38465938465939
p060,1,19,0.0715,0.254,17,43,0.0612244897959183,0.08,59.495346995347006
p060,1,20,0.06,0.252,20,38,0.2040816326530612,0.26,43.43079343079342
p060,1,21,0.056,0.2,17,35,0.2448979591836734,0.16,38.84818884818885
p060,1,22,0.0605,0.2195,20,42,0.1224489795918367,0.16,56.04505604505604
p060,1,23,0.068,0.2335,20,43,0.0816326530612244,0.04,70.84634084634085
p060,1,24,0.063,0.2285,19,38,0.0816326530612244,0.16,52.3969023969024
p060,1,25,0.0625,0.264,22,39,0.0816326530612244,0.08,64.67566467566469
p060,1,26,0.067,0.2295,17,41,0.0,0.04,71.3016863016863
p060,1,27,0.064,0.2735,18,31,0.2040816326530612,0.24,31.388531388531387
p060,1,28,0.06,0.239,21,46,0.0612244897959183,0.1,74.30067430067432
p060,1,29,0.07,0.264,18,42,0.0204081632653061,0.04,68.41599841599843
p060,1,30,0.064,0.2585,15,37,0.2244897959183673,0.24,31.974281974281972
p060,1,31,0.0565,0.23,17,35,0.2448979591836734,0.28,34.643984643984645
p060,1,32,0.0645,0.2655,21,40,0.0816326530612244,0.1,61.45571395571397
p060,1,33,0.0715,0.2655,18,37,0.0408163265306122,0.12,51.710089210089215
p060,1,34,0.0579999999999999,0.2475,17,43,0.0816326530612244,0.16,52.14335214335215
p060,1,35,0.0715,0.2505,18,40,0.0816326530612244,0.12,52.29583979583981
p060,1,36,0.0695,0.241,19,41,0.1020408163265306,0.14,53.15318065318064
p060,1,37,0.068,0.266,20,47,0.0,0.04,82.24510224510225
p060,1,38,0.07,0.253,19,43,0.0,0.04,75.56105556105557
p060,1,39,0.0675,0.247,18,45,0.0408163265306122,0.04,72.17813967813969
p060,1,40,0.063,0.273,21,46,0.0408163265306122,0.08,75.13007513007513
p060,1,41,0.067,0.249,16,37,0.0816326530612244,0.08,48.613063613063616
p060,1,42,0.072,0.2705,23,46,0.0204081632653061,0.02,86.17397617397616
p060,1,43,0.071,0.2815,25,44,0.0816326530612244,0.14,64.4928994928995
p060,1,44,0.072,0.253,18,41,0.0816326530612244,0.1,55.06044506044506
p060,1,45,0.067,0.2395,15,35,0.0612244897959183,0.1,47.52901252901253
p060,1,46,0.065,0.264,23,45,0.0612244897959183,0.1,75.03993003993004
p060,1,47,0.065,0.235,17,35,0.2653061224489796,0.32,33.90538890538891
p060,1,48,0.0685,0.2685,17,40,0.0816326530612244,0.18,43.271815771815774
p060,1,49,0.069,0.304,21,43,0.1020408163265306,0.08,59.84748484748484
p060,1,50,0.07,0.276,22,45,0.0612244897959183,0.06,73.97100397100397
p060,1,51,0.064,0.2485,20,43,0.1020408163265306,0.14,58.657008657008646
p060,1,52,0.075,0.2815,26,46,0.0612244897959183,0.16,66.63372163372163
p060,1,53,0.065,0.2925,23,46,0.0,0.04,86.16754116754117
p060,1,54,0.064,0.2385,21,46,0.0408163265306122,0.06,80.43538043538042
p060,1,55,0.065,0.26,17,37,0.0204081632653061,0.06,59.36381436381436
p060,2,0,0.064,0.2275,18,44,0.0816326530612244,0.12,61.51206151206153
p060,2,1,0.0605,0.2295,22,47,0.0612244897959183,0.08,80.76648076648077
p060,2,2,0.064,0.236,18,44,0.0408163265306122,0.06,70.97867097867098
p060,2,3,0.0695,0.2535,23,45,0.0,0.04,87.71796521796522
p060,2,4,0.062,0.246,20,39,0.0612244897959183,0.18,54.83725483725484
p060,2,5,0.064,0.2445,19,40,0.0,0.0,77.6980276980277
p060,2,6,0.068,0.252,22,44,0.0,0.02,86.41410641410641
p060,2,7,0.063,0.254,19,43,0.0408163265306122,0.1,66.57206657206657
p060,2,8,0.0635,0.241,19,40,0.0408163265306122,0.06,67.73091773091772
p060,2,9,0.063,0.227,22,39,0.0612244897959183,0.06,72.61217261217261
p060,2,10,0.066,0.2314999999999999,16,40,0.0612244897959183,0.1,54.97816497816499
p060,2,11,0.0635,0.236,20,44,0.0816326530612244,0.12,65.42311542311543
p060,2,12,0.062,0.24,18,46,0.0204081632653061,0.06,75.52332552332554
p060,2,13,0.06,0.269,25,46,0.0,0.04,88.75798875798876
p060,2,14,0.06,0.2495,15,35,0.0204081632653061,0.0,61.26346126346126
p060,2,15,0.07,0.2735,21,42,0.0408163265306122,0.08,68.52324852324853
p060,2,16,0.0595,0.2825,24,46,0.0816326530612244,0.16,66.77171677171678
p060,2,17,0.06,0.2315,21,44,0.0612244897959183,0.08,74.33917433917435
p060,2,18,0.069,0.243,21,42,0.1428571428571428,0.12,56.205931205931215
p060,2,19,0.06,0.253,21,45,0.0,0.02,86.16748616748617
p060,2,20,0.07,0.245,20,44,0.0408163265306122,0.04,75.26295526295526
p060,2,21,0.064,0.255,20,37,0.0612244897959183,0.1,58.7796587796588
p060,2,22,0.062,0.2655,19,42,0.0612244897959183,0.08,63.60976360976361
p060,2,23,0.068,0.2835,21,42,0.1224489795918367,0.14,52.91907291907293
p060,2,24,0.0675,0.2475,21,41,0.1020408163265306,0.04,66.99988449988449
p060,2,25,0.068,0.2495,21,41,0.0408163265306122,0.04,73.82349382349383
p060,2,26,0.068,0.224,19,33,0.0408163265306122,0.02,64.49163449163449
p060,2,27,0.067,0.2445,17,44,0.0816326530612244,0.14,54.86326986326986
p060,2,28,0.068,0.264,19,42,0.0204081632653061,0.04,71.27314127314126
p060,2,29,0.059,0.25,19,36,0.2244897959183673,0.28,38.68593868593869
p060,2,30,0.064,0.2535,21,45,0.0204081632653061,0.08,78.18092818092818
p060,2,31,0.0615,0.24,21,41,0.0,0.02,82.34058234058234
p060,2,32,0.06,0.228,17,40,0.0204081632653061,0.06,66.65126665126665
p060,2,33,0.065,0.258,23,42,0.0204081632653061,0.02,83.96368896368897
p060,2,34,0.0675,0.246,22,42,0.0204081632653061,0.02,82.18869968869969
p060,2,35,0.068,0.246,23,47,0.0,0.02,93.24181324181323
p060,2,36,0.082,0.2615,19,41,0.0204081632653061,0.08,63.2043032043032
p060,2,37,0.061,0.26,22,43,0.0204081632653061,0.06,79.1989791989792
p060,2,38,0.0635,0.2575,24,42,0.0408163265306122,0.0,83.72273372273372
p060,2,39,0.07,0.254,21,36,0.0204081632653061,0.0,72.57125257125257
p060,2,40,0.067,0.264,23,44,0.0408163265306122,0.08,77.51449251449252
p060,2,41,0.0579999999999999,0.226,18,36,0.3061224489795918,0.14,42.41109241109242
p060,2,42,0.076,0.253,18,39,0.0204081632653061,0.06,62.39052239052239
p060,2,43,0.0595,0.2465,22,47,0.0408163265306122,0.08,81.44573144573145
p060,2,44,0.068,0.2695,18,34,0.1224489795918367,0.2,33.217503217503214
p060,2,45,0.063,0.2535,21,43,0.1020408163265306,0.08,66.09301609301609
p060,2,46,0.059,0.248,22,46,0.0204081632653061,0.04,86.09818609818609
p060,2,47,0.064,0.242,21,39,0.1428571428571428,0.02,62.90961290961291
p060,2,48,0.0735,0.244,20,44,0.0408163265306122,0.0,78.23342573342573
p060,2,49,0.0625,0.242,16,36,0.0204081632653061,0.0,63.2962632962633
p060,2,50,0.064,0.2515,21,48,0.0408163265306122,0.06,80.41613041613043
p060,2,51,0.0615,0.248,23,42,0.0204081632653061,0.02,85.20278520278521
p061,1,0,0.1135,0.301,20,36,0.0,0.04,53.8057013057013
p061,1,1,0.1125,0.313,18,46,0.0408163265306122,0.06,54.28744678744679
p061,1,2,0.1195,0.2955,18,41,0.0612244897959183,0.06,45.58132308132309
p061,1,3,0.117,0.332,22,38,0.0,0.06,55.34342034342035
p061,1,4,0.115,0.296,19,44,0.0408163265306122,0.08,53.35890835890836
p061,1,5,0.11,0.292,22,47,0.0612244897959183,0.04,67.26154726154726
p061,1,6,0.125,0.3075,17,44,0.0612244897959183,0.1,40.83209583209584
p061,1,7,0.115,0.3135,21,47,0.0408163265306122,0.08,60.21521521521522
p061,1,8,0.1215,0.324,17,41,0.0612244897959183,0.1,36.16762366762368
p061,1,9,0.112,0.3225,17,43,0.0408163265306122,0.12,41.67288167288168
p061,1,10,0.1245,0.3355,21,43,0.0204081632653061,0.06,54.85570735570735
p061,1,11,0.126,0.363,19,40,0.0204081632653061,0.12,37.58219758219759
p061,1,12,0.118,0.332,19,44,0.0204081632653061,0.06,53.27382327382328
p061,1,13,0.134,0.3195,19,40,0.0204081632653061,0.06,45.58734558734559
p061,1,14,0.1235,0.311,19,42,0.0204081632653061,0.06,51.50229900229901
p061,1,15,0.1295,0.3295,18,45,0.0408163265306122,0.06,47.30612480612481
p061,1,16,0.1295,0.346,24,47,0.0204081632653061,0.06,62.50429000429002
p061,1,17,0.1245,0.3555,20,44,0.0204081632653061,0.06,51.75480425480426
p061,1,18,0.12,0.328,19,41,0.0408163265306122,0.0,52.52648252648253
p061,1,19,0.1185,0.3115,20,42,0.0204081632653061,0.0,60.57923307923309
p061,1,20,0.1169999999999999,0.3155,18,42,0.0612244897959183,0.08,43.60475860475864
p061,1,21,0.128,0.327,18,40,0.0204081632653061,0.04,45.73606573606573
p061,1,22,0.1169999999999999,0.3045,22,40,0.0408163265306122,0.02,59.60207460207463
p061,1,23,0.1155,0.2825,15,39,0.0612244897959183,0.1,36.80529430529432
p061,1,24,0.116,0.3245,18,40,0.0612244897959183,0.08,40.37785037785039
p061,1,25,0.109,0.3215,20,41,0.0,0.0,62.93903793903794
p061,1,26,0.1159999999999999,0.316,16,40,0.0612244897959183,0.08,36.4667964667965
p061,1,27,0.131,0.3215,17,42,0.0408163265306122,0.14,34.11526911526912
p061,1,28,0.116,0.346,21,45,0.0,0.06,60.77352077352077
p061,1,29,0.111,0.327,19,40,0.0204081632653061,0.06,50.31278531278531
p061,1,30,0.118,0.3445,17,41,0.0408163265306122,0.08,39.1817091817092
p061,1,31,0.1235,0.297,20,43,0.0,0.02,62.65136015136016
p061,1,32,0.133,0.3355,20,47,0.0204081632653061,0.04,57.43100243100243
p061,1,33,0.1255,0.329,19,40,0.0204081632653061,0.04,48.51205601205601
p061,1,34,0.1215,0.3105,16,45,0.0612244897959183,0.06,43.96993146993148
p061,1,35,0.1195,0.3265,19,42,0.0612244897959183,0.1,42.43751993751994
p061,1,36,0.126,0.335,18,43,0.0204081632653061,0.04,49.25760925760925
p061,1,37,0.123,0.326,17,42,0.0204081632653061,0.08,43.5060885060885
p061,1,38,0.1055,0.3025,22,39,0.1020408163265306,0.14,43.0043505043505
p061,1,39,0.118,0.305,20,41,0.0612244897959183,0.08,47.89756789756791
p061,1,40,0.124,0.307,15,35,0.0204081632653061,0.04,37.51828751828752
p061,1,41,0.1164999999999999,0.3215,19,42,0.1224489795918367,0.16,30.953893453893475
p061,1,42,0.1185,0.303,20,43,0.0204081632653061,0.04,59.00843150843152
p061,1,43,0.1215,0.323,19,43,0.0408163265306122,0.06,49.678387178387176
p061,1,44,0.115,0.3429999999999999,23,45,0.0612244897959183,0.04,60.7828157828158
p061,1,45,0.1295,0.295,20,43,0.0408163265306122,0.04,54.80923230923232
p061,1,46,0.112,0.323,25,45,0.0,0.0,74.34566434566435
p061,1,47,0.1085,0.2815,22,43,0.0,0.0,74.38809688809688
p061,2,0,0.13,0.308,18,44,0.0204081632653061,0.0,55.99368599368599
p061,2,1,0.123,0.3305,20,39,0.0408163265306122,0.08,43.97138897138898
p061,2,2,0.1175,0.3415,21,48,0.0,0.02,67.13463463463464
p061,2,3,0.1305,0.33,22,45,0.0204081632653061,0.06,58.92274142274142
p061,2,4,0.1295,0.312,20,44,0.0204081632653061,0.08,53.06683056683057
p061,2,5,0.123,0.37,26,45,0.0,0.06,61.46635646635647
p061,2,6,0.119,0.3305,18,38,0.0,0.02,49.1972741972742
p061,2,7,0.123,0.324,17,40,0.0,0.0,50.93054593054594
p061,2,8,0.112,0.311,19,36,0.1224489795918367,0.04,36.49517649517649
p061,2,9,0.122,0.305,21,41,0.0204081632653061,0.02,59.64359964359964
p061,2,10,0.121,0.297,19,47,0.0,0.0,67.84570284570285
p061,2,11,0.123,0.319,19,48,0.0204081632653061,0.06,57.23080223080223
p061,2,12,0.115,0.342,25,44,0.0,0.02,68.59557359557358
p061,2,13,0.1255,0.3025,15,34,0.0204081632653061,0.0,40.03324753324754
p061,2,14,0.121,0.3175,22,45,0.0,0.02,68.52055352055352
p061,2,15,0.121,0.336,24,46,0.0,0.0,72.1835571835572
p061,2,16,0.1185,0.3015,19,40,0.0612244897959183,0.08,44.46586696586698
p061,2,17,0.1115,0.2784999999999999,18,39,0.1020408163265306,0.06,41.86177936177936
p061,2,18,0.1125,0.3125,21,45,0.0612244897959183,0.08,55.96549846549848
p061,2,19,0.143,0.3405,20,44,0.0,0.02,57.07905707905707
p061,2,20,0.1305,0.32,21,43,0.0816326530612244,0.06,47.83583033583034
p061,2,21,0.1185,0.3,22,46,0.0204081632653061,0.0,71.62049412049412
p061,2,22,0.119,0.324,20,38,0.1020408163265306,0.04,40.85321585321585
p061,2,23,0.106,0.348,21,41,0.1020408163265306,0.06,45.92130592130592
p061,2,24,0.115,0.306,20,37,0.0408163265306122,0.0,53.17190817190818
p061,2,25,0.126,0.2965,18,42,0.0,0.0,57.91406791406792
p061,2,26,0.114,0.297,20,44,0.0,0.02,66.1953161953162
p061,2,27,0.1205,0.3545,21,41,0.0204081632653061,0.04,53.19393569393569
p061,2,28,0.1165,0.313,21,44,0.0408163265306122,0.02,61.61752411752412
p061,2,29,0.1169999999999999,0.2925,19,36,0.0,0.0,55.145970145970175
p061,2,30,0.124,0.32,20,43,0.0,0.0,62.08186208186208
p061,2,31,0.124,0.3255,23,39,0.0408163265306122,0.04,55.08035508035508
p061,2,32,0.118,0.3255,22,46,0.0,0.02,69.71608971608971
p061,2,33,0.1235,0.318,19,45,0.0204081632653061,0.04,56.499603999604005
p061,2,34,0.126,0.32,21,41,0.0204081632653061,0.04,55.33786533786533
p061,2,35,0.122,0.337,21,40,0.0612244897959183,0.1,42.989032989033
p061,2,36,0.1275,0.3325,24,45,0.0204081632653061,0.0,67.32328482328482
p061,2,37,0.1185,0.3645,19,37,0.0204081632653061,0.04,42.77901527901528
p061,2,38,0.1175,0.3025,20,37,0.0204081632653061,0.02,53.45612095612096
p061,2,39,0.1395,0.341,18,44,0.0,0.06,48.56339856339857
p061,2,40,0.1255,0.346,21,44,0.0612244897959183,0.1,46.38300388300389
p061,2,41,0.122,0.315,20,47,0.0408163265306122,0.0,63.42485342485343
p061,2,42,0.124,0.3205,20,43,0.0408163265306122,0.02,55.41805541805542
p061,2,43,0.1225,0.3195,22,43,0.0204081632653061,0.02,63.01815551815551
p061,2,44,0.121,0.316,21,42,0.0408163265306122,0.04,55.82984082984083
p061,2,45,0.114,0.3135,17,37,0.0408163265306122,0.04,41.81269181269181
p061,2,46,0.123,0.2895,18,40,0.1224489795918367,0.0,42.47923747923748
p061,2,47,0.118,0.3255,22,42,0.0204081632653061,0.0,64.05878405878407
p062,1,0,0.0745,0.2575,19,37,0.0204081632653061,0.04,63.96591646591647
p062,1,1,0.074,0.2825,19,46,0.0204081632653061,0.02,74.97277497277499
p062,1,2,0.074,0.261,18,42,0.0204081632653061,0.02,69.61576961576962
p062,1,3,0.0795,0.2835,18,36,0.0408163265306122,0.06,52.27702977702978
p062,1,4,0.074,0.241,21,44,0.0408163265306122,0.0,80.7956307956308
p062,1,5,0.085,0.283,17,43,0.0204081632653061,0.06,59.99191499191499
p062,1,6,0.08,0.2845,18,38,0.1428571428571428,0.16,33.457963457963466
p062,1,7,0.0765,0.241,19,45,0.0204081632653061,0.0,79.1014916014916
p062,1,8,0.08,0.2865,19,41,0.0,0.02,69.11449911449911
p062,1,9,0.079,0.265,21,45,0.0,0.0,83.24670824670825
p062,1,10,0.079,0.327,17,39,0.0816326530612244,0.1,41.04131604131605
p062,1,11,0.08,0.288,20,45,0.0612244897959183,0.1,61.92324192324193
p062,1,12,0.085,0.2865,19,35,0.0408163265306122,0.06,51.766106766106766
p062,1,13,0.08,0.2625,19,40,0.0,0.0,72.08670208670209
p062,1,14,0.0835,0.297,19,43,0.0204081632653061,0.02,67.41326491326491
p062,1,15,0.0765,0.2985,23,44,0.0204081632653061,0.06,76.03193853193854
p062,1,16,0.079,0.2635,18,42,0.0408163265306122,0.0,67.64594264594265
p062,1,17,0.084,0.3265,21,45,0.1020408163265306,0.16,49.180499180499176
p062,1,18,0.088,0.281,20,45,0.0408163265306122,0.04,68.65568865568865
p062,1,19,0.085,0.299,21,40,0.1836734693877551,0.24,38.67114367114367
p062,1,20,0.0895,0.2745,19,44,0.0612244897959183,0.04,62.90524040524041
p062,1,21,0.084,0.2675,19,38,0.0204081632653061,0.0,65.68876568876568
p062,1,22,0.0775,0.2715,22,43,0.0612244897959183,0.08,68.21978571978572
p062,1,23,0.0795,0.2615,18,41,0.0204081632653061,0.06,63.27044077044077
p062,1,24,0.079,0.26,20,40,0.0816326530612244,0.16,50.617375617375615
p062,1,25,0.09,0.2865,20,43,0.0,0.04,69.82674982674982
p062,1,26,0.08,0.261,17,40,0.0612244897959183,0.02,58.48023848023848
p062,1,27,0.085,0.2985,20,41,0.0204081632653061,0.04,64.87096987096986
p062,1,28,0.082,0.2665,21,39,0.0,0.02,72.83811283811282
p062,1,29,0.0765,0.274,20,44,0.0204081632653061,0.02,75.04523754523754
p062,1,30,0.08,0.2745,17,39,0.0612244897959183,0.08,50.291280291280295
p062,1,31,0.085,0.2975,17,42,0.0408163265306122,0.06,54.87745987745988
p062,1,32,0.082,0.2605,20,43,0.0,0.04,74.33411433411433
p062,1,33,0.08,0.256,17,35,0.1632653061224489,0.2,28.23185823185823
p062,1,34,0.079,0.2705,18,44,0.0408163265306122,0.02,67.65749265749265
p062,1,35,0.0795,0.256,20,46,0.0612244897959183,0.12,64.67569217569218
p062,1,36,0.0815,0.2715,18,42,0.0612244897959183,0.06,58.31339581339582
p062,1,37,0.08,0.258,18,38,0.0612244897959183,0.1,51.1899811899812
p062,1,38,0.079,0.2784999999999999,22,44,0.0204081632653061,0.06,75.05775005775006
p062,1,39,0.0875,0.287,20,44,0.0204081632653061,0.04,69.27303677303676
p062,1,40,0.085,0.2755,17,36,0.0204081632653061,0.02,55.47201047201048
p062,1,41,0.0795,0.333,22,42,0.0204081632653061,0.04,68.77099627099626
p062,1,42,0.079,0.259,19,42,0.0408163265306122,0.06,64.92178992178992
p062,1,43,0.077,0.2715,21,48,0.0,0.0,85.63635063635064
p062,1,44,0.079,0.2835,22,42,0.1020408163265306,0.1,58.765633765633766
p062,1,45,0.085,0.306,23,43,0.0612244897959183,0.12,61.65786665786666
p062,1,46,0.0795,0.2775,23,42,0.0204081632653061,0.04,76.7075042075042
p062,1,47,0.0815,0.2605,22,42,0.1020408163265306,0.14,56.768994268994255
p062,1,48,0.084,0.277,18,40,0.0816326530612244,0.1,48.51884851884852
p062,2,0,0.072,0.244,17,44,0.0204081632653061,0.0,73.82866382866382
p062,2,1,0.072,0.272,19,41,0.0612244897959183,0.08,59.77229977229978
p062,2,2,0.072,0.296,21,46,0.0408163265306122,0.08,70.92301092301092
p062,2,3,0.072,0.26,21,44,0.0,0.0,84.13182413182413
p062,2,4,0.072,0.2635,19,41,0.0,0.0,75.17341517341517
p062,2,5,0.076,0.264,25,45,0.0408163265306122,0.06,78.5055385055385
p062,2,6,0.072,0.304,18,42,0.0612244897959183,0.12,51.766491766491775
p062,2,7,0.072,0.256,18,40,0.0204081632653061,0.04,66.17650617650618
p062,2,8,0.072,0.2835,19,40,0.0204081632653061,0.06,63.95285395285395
p062,2,9,0.072,0.288,19,42,0.0612244897959183,0.04,63.15645315645316
p062,2,10,0.065,0.236,18,41,0.0,0.0,77.21188221188221
p062,2,11,0.072,0.236,17,41,0.0612244897959183,0.06,60.46585046585048
p062,2,12,0.072,0.2765,20,42,0.0408163265306122,0.12,61.66210166210166
p062,2,13,0.073,0.279,18,40,0.0612244897959183,0.12,51.46679646679647
p062,2,14,0.072,0.292,18,39,0.0612244897959183,0.1,50.97339097339098
p062,2,15,0.072,0.268,22,43,0.0,0.02,82.57807257807256
p062,2,16,0.072,0.3075,24,47,0.0,0.02,86.13327613327613
p062,2,17,0.0715,0.2805,19,43,0.0816326530612244,0.06,61.07549857549858
p062,2,18,0.072,0.24,16,38,0.1020408163265306,0.12,43.52088352088352
p062,2,19,0.072,0.32,20,45,0.0612244897959183,0.16,55.06924506924508
p062,2,20,0.072,0.272,21,45,0.1020408163265306,0.12,61.19680119680118
p062,2,21,0.072,0.256,18,39,0.0408163265306122,0.1,56.957946957946966
p062,2,22,0.0715,0.272,21,45,0.0204081632653061,0.0,81.95076945076946
p062,2,23,0.072,0.2795,23,43,0.0408163265306122,0.02,79.04596904596906
p062,2,24,0.068,0.292,18,39,0.0816326530612244,0.0,58.804078804078806
p062,2,25,0.076,0.2595,18,37,0.0816326530612244,0.1,48.329208329208335
p062,2,26,0.071,0.276,20,41,0.0408163265306122,0.08,64.37189937189937
p062,2,27,0.0645,0.2635,21,41,0.0408163265306122,0.1,67.6998701998702
p062,2,28,0.071,0.2885,21,48,0.0,0.08,77.95581295581296
p062,2,29,0.072,0.268,22,43,0.0204081632653061,0.04,78.34526834526834
p062,2,30,0.0715,0.276,22,44,0.0204081632653061,0.02,80.7974182974183
p062,2,31,0.0715,0.239,21,40,0.0,0.02,79.37291687291687
p062,2,32,0.072,0.2395,20,41,0.0,0.0,79.95676995676996
p062,2,33,0.072,0.2835,22,43,0.0204081632653061,0.02,78.64556864556864
p062,2,34,0.0715,0.2645,22,44,0.0816326530612244,0.1,67.39830489830491
p062,2,35,0.071,0.256,21,47,0.0612244897959183,0.1,72.21435721435722
p062,2,36,0.072,0.272,20,42,0.0,0.04,74.28186428186429
p062,2,37,0.072,0.24,19,44,0.0408163265306122,0.04,72.9063129063129
p062,2,38,0.079,0.2875,22,42,0.1632653061224489,0.2,46.19592119592121
p062,2,39,0.064,0.252,21,36,0.0,0.0,76.58097658097658
p062,2,40,0.065,0.28,20,38,0.0,0.0,73.72322872322871
p062,2,41,0.071,0.2565,18,40,0.0408163265306122,0.04,63.98359898359899
p062,2,42,0.073,0.2885,19,43,0.0,0.04,71.29321629321629
p062,2,43,0.08,0.296,20,42,0.0204081632653061,0.06,65.74189574189575
p062,2,44,0.08,0.3035,18,42,0.0816326530612244,0.14,45.67897567897568
p062,2,45,0.072,0.2485,17,42,0.1020408163265306,0.08,53.88289388289388
p062,2,46,0.0715,0.28,21,44,0.0204081632653061,0.0,79.86791736791737
p062,2,47,0.079,0.2635,21,42,0.0408163265306122,0.08,67.38139238139239
p062,2,48,0.08,0.256,19,40,0.0204081632653061,0.0,70.35640035640036
p062,2,49,0.0795,0.259,20,41,0.1020408163265306,0.12,53.2032307032307
p062,2,50,0.072,0.268,20,39,0.0612244897959183,0.1,58.13769813769813
p062,2,51,0.08,0.292,21,40,0.0204081632653061,0.02,69.66284966284967
p063,1,0,0.072,0.32,21,38,0.0,0.02,68.58165858165857
p063,1,1,0.08,0.368,18,43,0.0204081632653061,0.0,60.61039061039062
p063,1,2,0.072,0.32,17,41,0.0204081632653061,0.0,62.374902374902376
p063,1,3,0.076,0.3355,20,42,0.0204081632653061,0.06,62.74032274032274
p063,1,4,0.08,0.2635,18,36,0.1836734693877551,0.16,32.99596299596299
p063,1,5,0.0725,0.3275,22,46,0.0408163265306122,0.06,71.88361438361439
p063,1,6,0.079,0.3235,18,44,0.0408163265306122,0.06,58.64848364848365
p063,1,7,0.078,0.304,21,45,0.0408163265306122,0.06,69.26343926343927
p063,1,8,0.073,0.3075,19,42,0.0204081632653061,0.04,65.72831072831073
p063,1,9,0.072,0.2955,21,45,0.0408163265306122,0.0,77.0984170984171
p063,1,10,0.072,0.328,18,41,0.0816326530612244,0.12,45.7010857010857
p063,1,11,0.0755,0.3275,19,44,0.0408163265306122,0.08,59.6105171105171
p063,1,12,0.0725,0.308,14,26,0.4081632653061224,0.46,21.14936364936365
p063,1,13,0.0725,0.3265,19,35,0.0612244897959183,0.08,46.50548900548901
p063,1,14,0.072,0.32,18,39,0.0408163265306122,0.08,52.40339240339241
p063,1,15,0.073,0.3435,18,42,0.0204081632653061,0.0,63.447458447458445
p063,1,16,0.0795,0.3525,21,41,0.0,0.0,69.24069674069673
p063,1,17,0.072,0.353,19,42,0.0408163265306122,0.0,62.73460273460274
p063,1,18,0.073,0.3399999999999999,19,40,0.0408163265306122,0.0,61.23370623370624
p063,1,19,0.079,0.3635,20,43,0.0204081632653061,0.0,66.06084106084107
p063,1,20,0.079,0.2915,18,41,0.0408163265306122,0.0,63.56108856108856
p063,1,21,0.079,0.3035,18,38,0.0408163265306122,0.0,58.51373351373351
p063,1,22,0.073,0.32,22,45,0.0204081632653061,0.02,77.31792231792232
p063,1,23,0.073,0.2965,18,37,0.1428571428571428,0.02,45.6043406043406
p063,1,24,0.0725,0.3125,16,32,0.3061224489795918,0.04,33.66187616187616
p063,1,25,0.079,0.3795,22,43,0.0,0.02,70.40089540089538
p063,1,26,0.072,0.3525,16,41,0.0408163265306122,0.0,54.35974435974436
p063,1,27,0.079,0.3235,21,41,0.0,0.02,70.4107954107954
p063,1,28,0.0795,0.3395,21,40,0.0204081632653061,0.02,65.02714252714252
p063,1,29,0.079,0.3125,21,44,0.0408163265306122,0.12,61.33688633688634
p063,1,30,0.064,0.2435,11,22,0.5510204081632653,0.12,35.18518518518518
p063,1,31,0.072,0.2625,12,22,0.3673469387755102,0.38,25.822965822965823
p063,1,32,0.072,0.328,19,44,0.0,0.0,72.56311256311255
p063,1,33,0.072,0.3325,20,45,0.0,0.02,73.92381392381392
p063,1,34,0.072,0.3035,22,42,0.0,0.02,77.74246774246774
p063,1,35,0.072,0.3525,18,45,0.0408163265306122,0.02,62.3980023980024
p063,1,36,0.071,0.3795,20,44,0.0204081632653061,0.04,64.59299959299959
p063,1,37,0.072,0.3515,15,37,0.1020408163265306,0.14,29.225819225819222
p063,1,38,0.073,0.328,18,43,0.0,0.02,66.8101618101618
p063,1,39,0.08,0.3195,17,37,0.1836734693877551,0.16,26.29145629145629
p063,1,40,0.0725,0.311,19,39,0.0816326530612244,0.1,48.95244145244146
p063,1,41,0.073,0.296,13,31,0.0204081632653061,0.0,53.18389818389819
p063,1,42,0.073,0.36,21,43,0.0408163265306122,0.06,62.28420728420729
p063,1,43,0.072,0.3235,18,38,0.0612244897959183,0.06,50.24189024189025
p063,1,44,0.072,0.307,20,43,0.0612244897959183,0.08,61.21385121385122
p063,1,45,0.0725,0.3399999999999999,23,45,0.0408163265306122,0.0,77.2868197868198
p063,1,46,0.0785,0.295,22,46,0.0204081632653061,0.0,81.64480414480414
p063,1,47,0.073,0.32,21,41,0.0816326530612244,0.0,64.51775951775953
p063,1,48,0.072,0.2915,21,40,0.1224489795918367,0.18,44.898084898084896
p063,1,49,0.072,0.391,20,42,0.0204081632653061,0.0,65.4945054945055
p063,2,0,0.079,0.268,17,38,0.1224489795918367,0.12,39.05141405141405
p063,2,1,0.079,0.32,21,44,0.0816326530612244,0.1,57.67608267608268
p063,2,2,0.0725,0.2435,15,29,0.4081632653061224,0.44,27.605820105820104
p063,2,3,0.0785,0.272,19,46,0.1020408163265306,0.16,52.46562496562496
p063,2,4,0.08,0.336,23,46,0.0204081632653061,0.04,75.86080586080585
p063,2,5,0.079,0.2925,20,43,0.0204081632653061,0.04,69.46424446424446
p063,2,6,0.08,0.443,23,43,0.0,0.0,74.3956043956044
p063,2,7,0.078,0.3115,16,36,0.1428571428571428,0.18,22.05359205359205
p063,2,8,0.08,0.3075,21,43,0.0612244897959183,0.12,57.93628793628795
p063,2,9,0.079,0.3595,19,43,0.0204081632653061,0.04,60.37658537658538
p063,2,10,0.08,0.303,21,39,0.1020408163265306,0.12,48.496628496628496
p063,2,11,0.079,0.319,19,44,0.0204081632653061,0.0,69.41639441639443
p063,2,12,0.079,0.3515,20,45,0.0204081632653061,0.02,67.97429297429298
p063,2,13,0.08,0.3755,18,42,0.0,0.0,61.20879120879121
p063,2,14,0.08,0.356,20,38,0.0,0.02,60.692340692340686
p063,2,15,0.079,0.316,18,42,0.0408163265306122,0.04,58.68698368698369
p063,2,16,0.0795,0.335,20,42,0.0,0.0,69.8935473935474
p063,2,17,0.0795,0.3475,22,45,0.0612244897959183,0.1,60.84823834823835
p063,2,18,0.079,0.3255,19,42,0.0612244897959183,0.0,61.43973643973644
p063,2,19,0.0795,0.379,20,43,0.0,0.0,67.37179487179488
p063,2,20,0.0795,0.3435,19,44,0.0204081632653061,0.02,64.9930424930425
p063,2,21,0.08,0.348,21,38,0.0,0.04,62.02224202224202
p063,2,22,0.08,0.364,21,45,0.0408163265306122,0.04,64.63309463309464
p063,2,23,0.08,0.3285,22,46,0.0408163265306122,0.04,71.84965184965185
p063,2,24,0.0795,0.376,20,42,0.1020408163265306,0.02,52.33312983312984
p063,2,25,0.08,0.332,18,34,0.1020408163265306,0.08,35.744315744315735
p063,2,26,0.08,0.3425,19,37,0.0204081632653061,0.0,57.85158785158785
p063,2,27,0.079,0.3205,19,38,0.0,0.0,63.95488895488895
p063,2,28,0.08,0.312,21,44,0.0,0.0,77.02185702185703
p063,2,29,0.079,0.296,17,34,0.1836734693877551,0.3,23.183898183898183
p063,2,30,0.08,0.293,18,41,0.1020408163265306,0.12,44.91887491887491
p063,2,31,0.08,0.349,19,41,0.0,0.0,64.71009471009471
p063,2,32,0.08,0.537,22,44,0.0,0.02,71.44485144485144
p063,2,33,0.079,0.352,22,43,0.1224489795918367,0.1,50.80987580987581
p063,2,34,0.079,0.288,20,41,0.0204081632653061,0.0,71.05429605429607
p063,2,35,0.079,0.3005,23,48,0.0,0.02,85.16731016731016
p063,2,36,0.079,0.3235,19,42,0.0204081632653061,0.04,62.69813769813769
p063,2,37,0.08,0.36,21,41,0.0204081632653061,0.04,62.28624228624229
p063,2,38,0.08,0.3805,25,46,0.0204081632653061,0.0,75.86080586080585
p063,2,39,0.079,0.3385,18,31,0.0,0.0,54.643929643929646
p063,2,40,0.079,0.339,21,36,0.1020408163265306,0.14,39.43311443311443
p063,2,41,0.08,0.3035,17,37,0.1632653061224489,0.18,26.04120604120604
p063,2,42,0.08,0.3635,18,43,0.0408163265306122,0.08,51.27248127248128
p063,2,43,0.0795,0.3355,19,38,0.0408163265306122,0.0,57.57243507243507
p063,2,44,0.079,0.333,18,44,0.0408163265306122,0.0,63.25308825308826
p063,2,45,0.08,0.312,21,42,0.0204081632653061,0.0,72.07680207680207
p063,2,46,0.08,0.32,20,40,0.0204081632653061,0.0,66.33094633094633
p063,2,47,0.0795,0.3155,19,43,0.0408163265306122,0.0,65.9846934846935
p063,2,48,0.08,0.3945,20,41,0.0204081632653061,0.0,62.30769230769232
p063,2,49,0.079,0.3335,20,43,0.0204081632653061,0.0,69.06384406384406
p064,1,0,0.074,0.269,16,32,0.0816326530612244,0.14,35.54268554268555
p064,1,1,0.0745,0.2665,17,44,0.0204081632653061,0.02,69.12932162932164
p064,1,2,0.0695,0.2565,17,40,0.0204081632653061,0.04,64.34074184074184
p064,1,3,0.079,0.278,23,41,0.0612244897959183,0.12,63.32513832513832
p064,1,4,0.081,0.269,12,25,0.3061224489795918,0.32,23.029458029458027
p064,1,5,0.074,0.238,21,44,0.0408163265306122,0.04,77.3922273922274
p064,1,6,0.072,0.2995,17,41,0.0816326530612244,0.08,49.87668987668989
p064,1,7,0.074,0.272,20,48,0.0408163265306122,0.04,75.45402545402546
p064,1,8,0.07,0.296,21,44,0.0,0.04,77.3007073007073
p064,1,9,0.07,0.2855,18,41,0.0,0.0,71.06645106645107
p064,1,10,0.08,0.281,21,44,0.0,0.04,76.42125642125642
p064,1,11,0.0725,0.2815,20,41,0.0,0.04,71.92981442981443
p064,1,12,0.08,0.3065,18,41,0.0816326530612244,0.12,45.94847594847596
p064,1,13,0.075,0.239,19,41,0.0,0.02,75.05973005973006
p064,1,14,0.082,0.281,18,40,0.0,0.08,59.97029997029997
p064,1,15,0.08,0.3195,17,44,0.0612244897959183,0.06,54.048884048884055
p064,1,16,0.077,0.2845,23,45,0.0204081632653061,0.04,80.44819544819545
p064,1,17,0.075,0.2875,19,43,0.0204081632653061,0.02,70.38802538802538
p064,1,18,0.07,0.2615,20,41,0.0408163265306122,0.02,71.6170016170016
p064,1,19,0.075,0.2665,21,41,0.0408163265306122,0.06,68.6032736032736
p064,1,20,0.077,0.256,18,41,0.0816326530612244,0.08,55.42152042152043
p064,1,21,0.08,0.2695,17,38,0.0204081632653061,0.0,61.67904167904168
p064,1,22,0.075,0.2665,20,42,0.1224489795918367,0.08,56.12871112871112
p064,1,23,0.074,0.284,17,40,0.0,0.0,66.6012166012166
p064,1,24,0.075,0.2825,18,38,0.0816326530612244,0.1,47.547052547052566
p064,1,25,0.079,0.269,20,44,0.0816326530612244,0.18,52.992827992828005
p064,1,26,0.0745,0.2735,16,34,0.1632653061224489,0.2,24.126626626626628
p064,1,27,0.067,0.2915,17,42,0.0816326530612244,0.1,51.29816629816631
p064,1,28,0.079,0.259,15,29,0.2448979591836734,0.28,24.506649506649502
p064,1,29,0.074,0.293,20,37,0.1224489795918367,0.18,38.04463804463804
p064,1,30,0.0745,0.2645,18,35,0.1428571428571428,0.2,31.07148357148357
p064,1,31,0.077,0.293,18,41,0.0204081632653061,0.02,64.41622941622943
p064,1,32,0.069,0.264,20,42,0.0204081632653061,0.04,73.4159984159984
p064,1,33,0.0705,0.272,16,41,0.0612244897959183,0.12,49.28288178288179
p064,1,34,0.0745,0.264,20,43,0.0,0.02,77.6213301213301
p064,1,35,0.0765,0.279,18,44,0.0,0.02,72.16378466378467
p064,1,36,0.074,0.258,20,44,0.0408163265306122,0.06,71.15742115742115
p064,1,37,0.0785,0.2615,19,39,0.0204081632653061,0.02,67.02908952908952
p064,1,38,0.0725,0.251,19,45,0.0204081632653061,0.06,73.497315997316
p064,1,39,0.0775,0.2735,19,42,0.0612244897959183,0.14,54.03912153912154
p064,1,40,0.0755,0.2965,21,42,0.0,0.0,77.08073458073459
p064,1,41,0.079,0.2635,14,33,0.1020408163265306,0.1,36.22551122551122
p064,1,42,0.0745,0.267,20,40,0.1020408163265306,0.16,48.60715110715109
p064,1,43,0.074,0.234,20,41,0.0612244897959183,0.04,69.1845691845692
p064,1,44,0.079,0.2615,18,40,0.0408163265306122,0.08,57.87463287463287
p064,1,45,0.0755,0.271,22,44,0.1632653061224489,0.0,67.9116754116754
p064,1,46,0.08,0.264,19,40,0.0204081632653061,0.02,67.70374770374771
p064,1,47,0.075,0.2585,26,43,0.0,0.02,85.19569019569018
p064,1,48,0.084,0.2695,25,47,0.0816326530612244,0.08,72.00057200057199
p064,2,0,0.072,0.2635,17,42,0.1224489795918367,0.1,48.14858814858814
p064,2,1,0.075,0.271,22,41,0.0408163265306122,0.08,68.68192368192368
p064,2,2,0.07,0.2685,19,45,0.0408163265306122,0.08,68.10799810799811
p064,2,3,0.08,0.3235,21,42,0.0204081632653061,0.08,63.51824351824352
p064,2,4,0.08,0.245,22,43,0.0204081632653061,0.04,78.74280874280873
p064,2,5,0.077,0.286,23,42,0.0408163265306122,0.06,72.21908721908723
p064,2,6,0.07,0.263,19,43,0.0816326530612244,0.06,63.1843931843932
p064,2,7,0.0695,0.276,19,43,0.0,0.04,73.37780087780088
p064,2,8,0.0745,0.238,19,35,0.0,0.0,69.43842193842194
p064,2,9,0.0795,0.271,19,40,0.0204081632653061,0.02,67.12209462209462
p064,2,10,0.07,0.2565,18,41,0.0408163265306122,0.08,61.80004180004181
p064,2,11,0.072,0.2415,18,40,0.0612244897959183,0.1,57.31049731049732
p064,2,12,0.079,0.2665,19,39,0.0,0.04,66.93864193864194
p064,2,13,0.074,0.301,20,37,0.0612244897959183,0.06,55.49780549780551
p064,2,14,0.0705,0.2795,21,45,0.0204081632653061,0.1,72.17885467885468
p064,2,15,0.075,0.2515,19,42,0.0,0.0,76.94238194238194
p064,2,16,0.0765,0.293,24,48,0.0,0.02,86.513299013299
p064,2,17,0.0745,0.239,21,43,0.0612244897959183,0.0,77.21377971377972
p064,2,18,0.0685,0.254,21,43,0.0612244897959183,0.14,64.17788667788668
p064,2,19,0.077,0.286,21,45,0.0204081632653061,0.04,75.53614053614055
p064,2,20,0.074,0.279,20,42,0.0,0.02,74.95682495682496
p064,2,21,0.074,0.2734999999999999,19,42,0.0612244897959183,0.1,58.57615857615858
p064,2,22,0.0695,0.246,21,43,0.0408163265306122,0.06,74.52895202895203
p064,2,23,0.079,0.256,20,38,0.0816326530612244,0.04,59.56478456478457
p064,2,24,0.079,0.3055,21,42,0.0408163265306122,0.06,65.02904002904005
p064,2,25,0.08,0.2635,19,32,0.0408163265306122,0.02,57.68053768053768
p064,2,26,0.074,0.2595,18,36,0.1632653061224489,0.26,32.973082973082974
p064,2,27,0.065,0.2365,18,37,0.0204081632653061,0.04,65.94897094897095
p064,2,28,0.077,0.2835,22,44,0.0816326530612244,0.14,60.48317548317549
p064,2,29,0.079,0.2685,19,39,0.0204081632653061,0.08,60.65378565378565
p064,2,30,0.075,0.25,21,44,0.0204081632653061,0.0,82.03758703758703
p064,2,31,0.075,0.256,19,37,0.0,0.02,68.22982322982323
p064,2,32,0.0755,0.304,21,41,0.0204081632653061,0.04,68.96327646327647
p064,2,33,0.0745,0.2695,21,38,0.0816326530612244,0.12,54.25840675840676
p064,2,34,0.08,0.3135,23,46,0.0,0.04,80.4940104940105
p064,2,35,0.075,0.291,19,45,0.0816326530612244,0.1,58.05151305151306
p064,2,36,0.075,0.3145,21,43,0.0,0.06,71.12447612447612
p064,2,37,0.074,0.2855,21,44,0.0204081632653061,0.02,76.87027687027687
p064,2,38,0.074,0.262,24,45,0.0204081632653061,0.0,87.11843711843711
p064,2,39,0.07,0.2804999999999999,20,35,0.0,0.0,68.63654863654865
p064,2,40,0.0795,0.2685,17,36,0.0408163265306122,0.06,51.3975788975789
p064,2,41,0.0725,0.2565,18,43,0.0,0.02,74.0863665863666
p064,2,42,0.0745,0.273,20,41,0.0816326530612244,0.1,57.225109725109725
p064,2,43,0.074,0.263,20,47,0.0204081632653061,0.02,80.58773058773059
p064,2,44,0.08,0.249,19,43,0.0408163265306122,0.02,70.67045067045068
p064,2,45,0.0795,0.274,21,44,0.0408163265306122,0.08,68.77539627539628
p064,2,46,0.0785,0.2435,20,44,0.0612244897959183,0.06,69.15649165649167
p064,2,47,0.084,0.2455,20,39,0.0204081632653061,0.04,67.85026785026785
p064,2,48,0.0775,0.238,20,37,0.1224489795918367,0.16,44.56866206866207
p064,2,49,0.07,0.2485,18,39,0.0612244897959183,0.08,57.655787655787655
p064,2,50,0.0795,0.2835,20,39,0.0408163265306122,0.06,60.88508838508839
p065,1,0,0.079,0.214,18,40,0.0204081632653061,0.12,61.30663630663631
p065,1,1,0.079,0.27,16,42,0.0612244897959183,0.1,50.5931755931756
p065,1,2,0.079,0.242,14,36,0.1020408163265306,0.28,33.53435853435853
p065,1,3,0.078,0.214,18,43,0.0408163265306122,0.08,66.71363671363672
p065,1,4,0.079,0.2365,20,41,0.0816326530612244,0.18,52.39992739992741
p065,1,5,0.0785,0.214,17,39,0.1428571428571428,0.3,37.92141042141042
p065,1,6,0.079,0.259,17,38,0.1020408163265306,0.16,38.62956362956363
p065,1,7,0.0844999999999999,0.2645,22,46,0.0204081632653061,0.1,74.01002651002652
p065,1,8,0.0844999999999999,0.247,17,41,0.1020408163265306,0.16,42.367394867394886
p065,1,9,0.079,0.264,21,41,0.1020408163265306,0.22,49.64717464717464
p065,1,10,0.079,0.22,18,40,0.1020408163265306,0.2,45.62667062667063
p065,1,11,0.078,0.2585,19,44,0.0612244897959183,0.18,54.28197428197428
p065,1,12,0.078,0.2585,17,44,0.0,0.06,67.77403777403778
p065,1,13,0.078,0.259,21,47,0.0204081632653061,0.06,78.71299871299871
p065,1,14,0.0839999999999999,0.27,19,42,0.0204081632653061,0.08,63.15931315931319
p065,1,15,0.079,0.27,19,43,0.0204081632653061,0.12,61.92813692813693
p065,1,16,0.0839999999999999,0.276,18,39,0.0612244897959183,0.12,47.86599786599789
p065,1,17,0.09,0.248,16,38,0.0612244897959183,0.16,39.49256949256949
p065,1,18,0.0785,0.2695,18,46,0.0204081632653061,0.06,69.11799161799162
p065,1,19,0.079,0.247,23,45,0.0204081632653061,0.1,78.17020317020318
p065,1,20,0.078,0.2245,19,40,0.0612244897959183,0.06,63.66828366828367
p065,1,21,0.079,0.2815,20,45,0.0204081632653061,0.1,67.57389257389258
p065,1,22,0.079,0.2355,19,43,0.0816326530612244,0.1,60.0905850905851
p065,1,23,0.079,0.219,20,45,0.0612244897959183,0.06,72.77194777194778
p065,1,24,0.079,0.22,19,41,0.0408163265306122,0.02,71.24734624734624
p065,1,25,0.068,0.197,16,37,0.1836734693877551,0.26,36.22710622710623
p065,1,26,0.078,0.2255,16,36,0.1224489795918367,0.22,33.04315304315304
p065,1,27,0.078,0.2245,19,42,0.1428571428571428,0.2,45.5974655974656
p065,1,28,0.0785,0.247,22,48,0.0204081632653061,0.1,78.47240097240098
p065,1,29,0.079,0.278,17,41,0.0408163265306122,0.12,51.42037642037642
p065,1,30,0.079,0.258,19,44,0.0612244897959183,0.16,55.94578094578095
p065,1,31,0.079,0.2975,17,42,0.0204081632653061,0.14,51.27957627957628
p065,1,32,0.078,0.2425,15,42,0.1224489795918367,0.14,42.73746273746273
p065,1,33,0.079,0.225,16,39,0.1020408163265306,0.18,39.08221408221409
p065,1,34,0.079,0.259,20,43,0.0,0.06,73.34669834669835
p065,1,35,0.068,0.225,21,40,0.0408163265306122,0.12,67.58648758648758
p065,1,36,0.0675,0.187,17,38,0.1632653061224489,0.3,40.00915750915751
p065,1,37,0.078,0.225,19,40,0.1020408163265306,0.18,47.74521774521774
p065,1,38,0.079,0.265,13,31,0.1224489795918367,0.3,26.287001287001285
p065,1,39,0.079,0.242,18,44,0.0408163265306122,0.12,61.25108625108626
p065,1,40,0.079,0.2545,17,40,0.0612244897959183,0.16,46.40602140602141
p065,1,41,0.068,0.2365,18,42,0.0816326530612244,0.14,55.242825242825255
p065,1,42,0.0675,0.2515,19,44,0.0612244897959183,0.14,61.18637868637868
p065,1,43,0.0785,0.242,19,38,0.1020408163265306,0.2,43.36036586036587
p065,1,44,0.068,0.2475,22,43,0.0408163265306122,0.1,73.41319341319341
p065,1,45,0.068,0.2255,18,40,0.1020408163265306,0.16,49.54701954701954
p065,1,46,0.0785,0.2255,24,46,0.0612244897959183,0.14,73.25784575784574
p065,1,47,0.079,0.253,23,44,0.0612244897959183,0.18,64.11823911823912
p065,1,48,0.079,0.214,21,46,0.0816326530612244,0.16,65.2952402952403
p065,1,49,0.078,0.2475,19,45,0.0408163265306122,0.08,68.30533830533831
p065,1,50,0.079,0.276,15,35,0.0408163265306122,0.1,43.3991683991684
p065,1,51,0.0785,0.203,14,33,0.2040816326530612,0.36,29.880952380952383
p065,2,0,0.081,0.2295,17,44,0.0408163265306122,0.0,70.75630575630575
p065,2,1,0.081,0.23,20,35,0.0204081632653061,0.04,64.98789998789998
p065,2,2,0.081,0.279,21,49,0.0408163265306122,0.12,68.06020306020307
p065,2,3,0.081,0.2615,19,46,0.0408163265306122,0.12,63.76799876799877
p065,2,4,0.081,0.2625,22,42,0.0204081632653061,0.04,75.47091047091045
p065,2,5,0.081,0.251,19,42,0.0408163265306122,0.1,61.54269654269655
p065,2,6,0.081,0.278,23,45,0.0204081632653061,0.08,76.44276144276144
p065,2,7,0.0815,0.2915,20,43,0.0408163265306122,0.14,57.32889482889484
p065,2,8,0.081,0.2265,14,32,0.0816326530612244,0.14,38.13027313027314
p065,2,9,0.0815,0.2334999999999999,17,37,0.0816326530612244,0.2,39.83392733392735
p065,2,10,0.081,0.2435,20,41,0.1020408163265306,0.16,50.69393569393569
p065,2,11,0.081,0.267,16,42,0.0612244897959183,0.16,44.86172986172986
p065,2,12,0.081,0.241,19,46,0.0204081632653061,0.08,71.9047069047069
p065,2,13,0.081,0.2804999999999999,19,48,0.0408163265306122,0.08,66.85185185185186
p065,2,14,0.081,0.269,19,43,0.1020408163265306,0.18,46.472681472681465
p065,2,15,0.0815,0.2685,19,42,0.0408163265306122,0.14,55.96819346819347
p065,2,16,0.081,0.245,18,38,0.0204081632653061,0.02,64.42249942249943
p065,2,17,0.081,0.2655,18,42,0.0408163265306122,0.1,57.7102927102927
p065,2,18,0.081,0.2754999999999999,25,49,0.0204081632653061,0.08,79.25711425711428
p065,2,19,0.081,0.23,18,42,0.1020408163265306,0.14,50.417285417285406
p065,2,20,0.0815,0.2665,20,43,0.1224489795918367,0.16,48.45573595573595
p065,2,21,0.081,0.2635,20,44,0.0204081632653061,0.12,65.76560076560077
p065,2,22,0.081,0.2475,21,46,0.0408163265306122,0.12,69.93130493130495
p065,2,23,0.081,0.238,21,43,0.0612244897959183,0.1,66.5070015070015
p065,2,24,0.07,0.259,20,44,0.0204081632653061,0.12,68.83509883509883
p065,2,25,0.08,0.2324999999999999,19,38,0.1632653061224489,0.24,39.1922691922692
p065,2,26,0.081,0.2225,19,45,0.0612244897959183,0.12,64.00889900889901
p065,2,27,0.062,0.2105,19,43,0.1632653061224489,0.16,53.46610346610347
p065,2,28,0.081,0.2565,21,42,0.1020408163265306,0.18,51.203786203786194
p065,2,29,0.082,0.229,17,34,0.1224489795918367,0.12,37.11282711282711
p065,2,30,0.081,0.225,18,37,0.0612244897959183,0.08,54.82498982498984
p065,2,31,0.081,0.2645,19,42,0.0408163265306122,0.08,62.04319704319704
p065,2,32,0.081,0.2329999999999999,21,47,0.0408163265306122,0.12,72.6648076648077
p065,2,33,0.081,0.269,22,45,0.0,0.04,81.04736604736604
p065,2,34,0.081,0.217,20,44,0.0816326530612244,0.1,65.12925012925014
p065,2,35,0.0805,0.2334999999999999,19,40,0.1020408163265306,0.26,46.2991287991288
p065,2,36,0.081,0.2339999999999999,16,38,0.1020408163265306,0.22,36.42307142307143
p065,2,37,0.081,0.2225,22,45,0.0408163265306122,0.1,75.38456038456039
p065,2,38,0.08,0.2405,20,41,0.1020408163265306,0.16,51.23233123233123
p065,2,39,0.081,0.2685,18,39,0.1020408163265306,0.22,39.013574013574015
p065,2,40,0.081,0.2475,24,46,0.0408163265306122,0.12,74.69320969320968
p065,2,41,0.081,0.259,23,47,0.0408163265306122,0.1,76.67596167596169
p065,2,42,0.081,0.2205,15,35,0.1224489795918367,0.28,31.54731654731654
p065,2,43,0.081,0.254,22,46,0.0,0.08,80.12721512721512
p065,2,44,0.0815,0.273,20,43,0.0204081632653061,0.04,70.82095832095833
p065,2,45,0.081,0.283,23,46,0.0612244897959183,0.1,70.61055561055562
p065,2,46,0.084,0.261,20,39,0.0204081632653061,0.06,64.44686444686445
p065,2,47,0.081,0.2535,22,44,0.0408163265306122,0.12,69.14755414755415
p065,2,48,0.081,0.2285,17,42,0.0408163265306122,0.08,60.88489588489588
p065,2,49,0.081,0.2405,18,43,0.0204081632653061,0.04,69.43135443135444
p065,2,50,0.081,0.2475,19,41,0.1020408163265306,0.14,49.76443476443475
p065,2,51,0.081,0.278,21,47,0.0408163265306122,0.06,73.71585871585872
p065,2,52,0.081,0.224,17,44,0.0816326530612244,0.1,57.2856922856923
p065,2,53,0.081,0.265,19,43,0.0408163265306122,0.08,63.27519827519828
p065,2,54,0.081,0.229,21,43,0.0408163265306122,0.1,69.78885478885478
p065,2,55,0.081,0.235,21,46,0.0816326530612244,0.16,62.71694771694772
p065,2,56,0.081,0.2375,16,38,0.1020408163265306,0.18,36.072721072721066
p065,2,57,0.081,0.2345,20,40,0.1020408163265306,0.1,55.86834086834086
p065,2,58,0.0815,0.2505,18,38,0.0612244897959183,0.14,47.87988537988539
p065,2,59,0.081,0.222,21,42,0.1020408163265306,0.16,56.5090915090915
p066,1,0,0.0795,0.2275,18,39,0.0204081632653061,0.06,64.1097416097416
p066,1,1,0.079,0.2305,17,44,0.0612244897959183,0.08,61.34403634403635
p066,1,2,0.0805,0.2329999999999999,19,37,0.0612244897959183,0.1,54.67233717233719
p066,1,3,0.0825,0.237,23,41,0.0204081632653061,0.04,78.76522126522127
p066,1,4,0.0845,0.2215,20,42,0.1020408163265306,0.12,57.04855954855953
p066,1,5,0.0805,0.238,19,36,0.2040816326530612,0.24,35.958568458568465
p066,1,6,0.087,0.227,19,42,0.0816326530612244,0.1,57.754622754622766
p066,1,7,0.0815,0.22,18,47,0.0612244897959183,0.06,69.87880737880738
p066,1,8,0.081,0.2225,20,40,0.1428571428571428,0.16,46.75208175208175
p066,1,9,0.0865,0.2555,16,42,0.0,0.0,66.66102916102916
p066,1,10,0.0835,0.246,21,44,0.0,0.04,79.09142659142658
p066,1,11,0.0854999999999999,0.26,19,41,0.0,0.0,72.30947980947984
p066,1,12,0.0865,0.254,20,42,0.0408163265306122,0.08,64.16567666567666
p066,1,13,0.0885,0.237,18,35,0.0,0.0,63.82423632423632
p066,1,14,0.0905,0.2245,18,39,0.0204081632653061,0.04,63.64284614284614
p066,1,15,0.084,0.251,18,39,0.1632653061224489,0.18,35.28913528913529
p066,1,16,0.084,0.238,23,48,0.0408163265306122,0.12,76.21192621192621
p066,1,17,0.083,0.218,19,32,0.0408163265306122,0.04,59.66895466895466
p066,1,18,0.0795,0.238,16,44,0.0408163265306122,0.06,62.32608982608983
p066,1,19,0.0835,0.2385,18,36,0.0408163265306122,0.0,61.38470888470889
p066,1,20,0.0895,0.2334999999999999,20,43,0.0,0.02,77.10295460295461
p066,1,21,0.0835,0.2295,16,39,0.1224489795918367,0.14,38.88308638308637
p066,1,22,0.0805,0.243,17,42,0.0612244897959183,0.08,57.17153967153968
p066,1,23,0.085,0.23,19,41,0.0612244897959183,0.06,62.733117733117744
p066,1,24,0.08,0.2085,18,44,0.0204081632653061,0.08,70.45100045100044
p066,1,25,0.081,0.2205,18,38,0.0612244897959183,0.12,52.85378785378786
p066,1,26,0.0854999999999999,0.2495,21,49,0.0204081632653061,0.08,76.02638352638355
p066,1,27,0.087,0.2425,19,40,0.0204081632653061,0.06,64.48552948552948
p066,1,28,0.089,0.2445,17,43,0.0408163265306122,0.06,60.51243551243552
p066,1,29,0.0845,0.2225,23,43,0.0,0.02,86.53738903738905
p066,1,30,0.084,0.226,17,33,0.0816326530612244,0.16,37.995137995138
p066,1,31,0.0845,0.205,21,42,0.0204081632653061,0.02,79.71408221408221
p066,1,32,0.086,0.2335,20,42,0.0,0.0,78.50608850608852
p066,1,33,0.083,0.248,17,40,0.0204081632653061,0.04,61.977306977306974
p066,1,34,0.0905,0.252,22,45,0.0,0.0,84.19086669086668
p066,1,35,0.087,0.231,17,41,0.0204081632653061,0.04,64.00867900867901
p066,1,36,0.081,0.2175,20,45,0.0612244897959183,0.08,70.5940555940556
p066,1,37,0.085,0.2365,19,41,0.0816326530612244,0.08,57.849662849662856
p066,1,38,0.082,0.2375,18,42,0.0,0.0,74.29616429616429
p066,1,39,0.0865,0.2465,21,42,0.0204081632653061,0.08,69.67833217833218
p066,1,40,0.0835,0.231,20,43,0.0612244897959183,0.12,62.37965987965989
p066,1,41,0.096,0.2775,14,32,0.0204081632653061,0.0,49.55955955955955
p066,1,42,0.084,0.2475,23,46,0.0408163265306122,0.1,75.83077583077583
p066,1,43,0.086,0.2245,19,43,0.0612244897959183,0.08,63.757823757823765
p066,1,44,0.0854999999999999,0.218,18,40,0.0408163265306122,0.08,60.68136818136821
p066,1,45,0.082,0.2205,23,46,0.0408163265306122,0.02,86.41707641707643
p066,1,46,0.079,0.2355,18,40,0.1224489795918367,0.18,41.69416669416669
p066,1,47,0.083,0.2475,27,46,0.0,0.04,86.38633138633139
p066,1,48,0.075,0.2205,24,49,0.0204081632653061,0.04,89.89489489489489
p066,1,49,0.082,0.211,21,46,0.0408163265306122,0.04,80.75427075427075
p066,2,0,0.0805,0.2115,17,44,0.0204081632653061,0.0,75.05810755810758
p066,2,1,0.0775,0.213,19,35,0.0,0.02,69.37478687478686
p066,2,2,0.077,0.229,21,46,0.0204081632653061,0.08,78.82019382019381
p066,2,3,0.0825,0.2425,22,44,0.0,0.06,80.20897270897272
p066,2,4,0.0815,0.216,19,41,0.0,0.0,77.66626516626516
p066,2,5,0.081,0.2395,25,45,0.0408163265306122,0.08,77.9156629156629
p066,2,6,0.081,0.219,17,38,0.0,0.0,68.87695387695388
p066,2,7,0.0845,0.2265,18,40,0.0,0.0,72.23792473792473
p066,2,8,0.0835,0.229,20,40,0.0816326530612244,0.14,54.500902000902
p066,2,9,0.081,0.212,19,40,0.0204081632653061,0.0,74.52270952270952
p066,2,10,0.0805,0.2285,19,44,0.0,0.02,78.64741114741115
p066,2,11,0.083,0.2235,17,44,0.0204081632653061,0.0,73.26166826166828
p066,2,12,0.0895,0.2339999999999999,24,44,0.0204081632653061,0.04,81.24500874500876
p066,2,13,0.0805,0.2325,16,34,0.0408163265306122,0.04,51.66988416988417
p066,2,14,0.079,0.243,20,45,0.0612244897959183,0.18,59.25843425843426
p066,2,15,0.084,0.2275,21,44,0.0408163265306122,0.06,74.21047421047422
p066,2,16,0.083,0.2215,22,45,0.0204081632653061,0.04,82.94497794497794
p066,2,17,0.0815,0.2225,22,44,0.0408163265306122,0.02,81.39086889086889
p066,2,18,0.081,0.2365,22,46,0.0,0.02,87.43452243452244
p066,2,19,0.086,0.2295,19,43,0.0204081632653061,0.0,75.42663542663543
p066,2,20,0.083,0.2115,20,37,0.0204081632653061,0.0,72.63136763136764
p066,2,21,0.084,0.244,18,41,0.0612244897959183,0.12,53.63330363330363
p066,2,22,0.0745,0.2115,22,44,0.0612244897959183,0.04,79.92583242583244
p066,2,23,0.0775,0.235,15,35,0.1632653061224489,0.14,32.251949751949745
p066,2,24,0.077,0.227,20,44,0.0612244897959183,0.08,69.31343431343431
p066,2,25,0.0785,0.217,19,34,0.0408163265306122,0.02,62.69233519233519
p066,2,26,0.077,0.2115,18,41,0.0816326530612244,0.14,54.320419320419326
p066,2,27,0.082,0.221,19,37,0.0612244897959183,0.1,55.51639551639551
p066,2,28,0.088,0.215,21,43,0.0,0.0,83.54475354475355
p066,2,29,0.0785,0.2135,19,44,0.0408163265306122,0.06,72.15949465949467
p066,2,30,0.075,0.246,13,27,0.2653061224489796,0.34,26.760331760331763
p066,2,31,0.0815,0.203,18,36,0.0,0.0,69.82600732600733
p066,2,32,0.087,0.251,21,46,0.0408163265306122,0.12,68.15238315238314
p066,2,33,0.081,0.232,20,39,0.1020408163265306,0.12,52.98468798468797
p066,2,34,0.086,0.2375,21,41,0.0204081632653061,0.02,74.97178497178497
p066,2,35,0.083,0.2245,22,48,0.0204081632653061,0.04,85.20878020878021
p066,2,36,0.08,0.2455,18,40,0.0612244897959183,0.1,55.00533500533501
p066,2,37,0.083,0.2365,20,41,0.0612244897959183,0.1,61.23590623590624
p066,2,38,0.082,0.2175,22,41,0.0408163265306122,0.0,79.77801977801978
p066,2,39,0.083,0.2255,21,35,0.0,0.0,73.42776842776841
p066,2,40,0.0755,0.2275,21,42,0.0,0.02,82.13578963578964
p066,2,41,0.0805,0.2275,17,39,0.1020408163265306,0.16,42.7076252076252
p066,2,42,0.0835,0.2205,15,35,0.0816326530612244,0.14,39.41768691768692
p066,2,43,0.087,0.225,20,45,0.0408163265306122,0.08,70.7956857956858
p066,2,44,0.087,0.232,22,45,0.0204081632653061,0.0,84.64524964524965
p066,2,45,0.075,0.2339999999999999,18,42,0.1428571428571428,0.12,48.53540353540355
p066,2,46,0.0775,0.2225,23,42,0.0408163265306122,0.06,78.45639595639595
p066,2,47,0.081,0.2085,20,42,0.0204081632653061,0.06,74.26255926255926
p066,2,48,0.0755,0.2185,21,43,0.0408163265306122,0.02,79.55683705683707
p066,2,49,0.0835,0.21,19,40,0.0204081632653061,0.02,72.27581977581978
p066,2,50,0.084,0.226,22,45,0.1020408163265306,0.08,69.02891902891902
p066,2,51,0.077,0.222,21,42,0.0408163265306122,0.04,75.71544071544072
p067,1,0,0.104,0.236,14,24,0.4489795918367347,0.48,20.85657085657086
p067,1,1,0.104,0.256,13,28,0.3877551020408163,0.46,18.854568854568857
p067,1,2,0.104,0.288,13,25,0.4081632653061224,0.48,15.651365651365651
p067,1,3,0.0,0.047,13,21,0.5306122448979592,0.56,33.333333333333336
p067,1,4,0.112,0.272,17,31,0.2448979591836734,0.28,17.72915772915773
p067,1,5,0.104,0.284,16,42,0.0204081632653061,0.0,57.26055726055727
p067,1,6,0.104,0.276,17,36,0.0612244897959183,0.08,40.58069058069059
p067,1,7,0.12,0.296,22,39,0.0816326530612244,0.12,44.43542443542445
p067,1,8,0.111,0.288,21,44,0.0408163265306122,0.06,61.72584672584673
p067,1,9,0.111,0.2755,17,39,0.1224489795918367,0.16,28.259963259963254
p067,1,10,0.111,0.275,15,39,0.0612244897959183,0.0,47.886732886732894
p067,1,11,0.1195,0.288,18,36,0.0408163265306122,0.08,40.45091795091796
p067,1,12,0.128,0.292,19,43,0.0,0.0,61.55133155133155
p067,1,13,0.12,0.328,18,43,0.0408163265306122,0.12,41.59852159852161
p067,1,14,0.112,0.312,22,42,0.0816326530612244,0.16,44.881034881034886
p067,1,15,0.104,0.248,17,32,0.3061224489795918,0.34,22.036322036322037
p067,1,16,0.127,0.292,19,44,0.0,0.0,63.07147807147808
p067,1,17,0.112,0.272,17,32,0.0612244897959183,0.1,34.660374660374664
p067,1,18,0.112,0.284,16,35,0.1020408163265306,0.16,22.042812042812045
p067,1,19,0.12,0.296,20,41,0.0204081632653061,0.04,56.7878867878868
p067,1,20,0.12,0.304,21,46,0.0204081632653061,0.04,64.77829477829478
p067,1,21,0.096,0.228,20,32,0.3673469387755102,0.02,47.900757900757895
p067,1,22,0.12,0.288,18,42,0.0408163265306122,0.02,53.57973357973359
p067,1,23,0.12,0.288,19,39,0.1020408163265306,0.12,35.71241571241571
p067,1,24,0.104,0.264,18,40,0.1224489795918367,0.14,36.59263659263659
p067,1,25,0.112,0.324,22,44,0.0408163265306122,0.06,60.265100265100266
p067,1,26,0.112,0.28,17,37,0.0408163265306122,0.02,47.494087494087495
p067,1,27,0.12,0.2675,21,45,0.0204081632653061,0.0,70.85360085360085
p067,1,28,0.1195,0.264,18,36,0.2244897959183673,0.26,21.68929918929919
p067,1,29,0.112,0.256,16,33,0.0,0.0,50.28314028314029
p067,1,30,0.104,0.284,20,39,0.1224489795918367,0.2,34.366784366784366
p067,1,31,0.112,0.28,16,36,0.0408163265306122,0.08,38.27552827552828
p067,1,32,0.112,0.28,18,44,0.0408163265306122,0.02,58.84939884939885
p067,1,33,0.112,0.288,19,39,0.0612244897959183,0.08,46.08278608278609
p067,1,34,0.12,0.296,20,39,0.0,0.02,58.456588456588456
p067,1,35,0.1159999999999999,0.304,18,41,0.0204081632653061,0.0,55.88126588126591
p067,1,36,0.12,0.3035,20,43,0.0204081632653061,0.04,58.601238601238606
p067,1,37,0.1195,0.324,18,39,0.0612244897959183,0.08,38.31251581251582
p067,1,38,0.112,0.276,21,38,0.1020408163265306,0.12,42.298232298232286
p067,1,39,0.128,0.32,18,44,0.0,0.02,55.79777579777579
p067,1,40,0.12,0.28,19,44,0.1224489795918367,0.1,42.39437239437239
p067,1,41,0.12,0.292,19,41,0.0204081632653061,0.0,58.511038511038514
p067,1,42,0.112,0.292,18,43,0.0,0.0,62.97990297990299
p067,1,43,0.108,0.28,21,43,0.0408163265306122,0.06,61.95888195888196
p067,1,44,0.104,0.312,20,43,0.0204081632653061,0.04,61.55991155991156
p067,1,45,0.104,0.28,14,32,0.1020408163265306,0.12,26.76962676962677
p067,1,46,0.1159999999999999,0.28,21,44,0.0612244897959183,0.08,57.103367103367134
p067,1,47,0.112,0.3,18,38,0.0204081632653061,0.0,53.38789338789339
p067,1,48,0.12,0.304,21,46,0.0,0.0,70.86295086295085
p067,1,49,0.108,0.312,22,43,0.0816326530612244,0.04,58.22657822657823
p067,1,50,0.12,0.32,23,43,0.0,0.0,70.17710017710017
p067,1,51,0.112,0.3,17,26,0.2448979591836734,0.26,14.926354926354929
p067,1,52,0.1075,0.279,24,44,0.0816326530612244,0.1,59.756377256377256
p067,1,53,0.111,0.295,20,45,0.0612244897959183,0.08,55.6934406934407
p067,2,0,0.1195,0.3095,17,42,0.0408163265306122,0.12,39.90641740641741
p067,2,1,0.108,0.2745,18,41,0.1632653061224489,0.16,31.63845163845164
p067,2,2,0.104,0.2705,21,44,0.0408163265306122,0.1,61.440561440561446
p067,2,3,0.1075,0.277,22,43,0.1224489795918367,0.16,45.97611347611348
p067,2,4,0.1115,0.309,21,45,0.0204081632653061,0.06,63.16770066770068
p067,2,5,0.1225,0.3165,18,39,0.0612244897959183,0.1,36.497128997129
p067,2,6,0.1169999999999999,0.316,23,46,0.0204081632653061,0.06,67.20143220143224
p067,2,7,0.1125,0.276,19,38,0.0816326530612244,0.16,36.0945285945286
p067,2,8,0.116,0.2855,17,41,0.0612244897959183,0.12,39.47914947914949
p067,2,9,0.111,0.31,22,41,0.0,0.06,62.82034782034782
p067,2,10,0.119,0.311,22,44,0.0612244897959183,0.1,53.81507881507883
p067,2,11,0.111,0.2845,17,39,0.0,0.0,56.45959145959146
p067,2,12,0.1115,0.34,16,39,0.0204081632653061,0.0,46.02308352308352
p067,2,13,0.1245,0.336,21,42,0.0,0.0,61.460113960113965
p067,2,14,0.124,0.302,18,38,0.0408163265306122,0.1,38.6903386903387
p067,2,15,0.1185,0.4425,19,46,0.0612244897959183,0.16,37.5936100936101
p067,2,16,0.123,0.3575,20,43,0.0204081632653061,0.06,50.629695629695625
p067,2,17,0.1175,0.35,24,46,0.0204081632653061,0.06,63.67898117898118
p067,2,18,0.1095,0.3,20,41,0.0612244897959183,0.02,55.977433477433486
p067,2,19,0.106,0.2665,20,44,0.0,0.02,71.15313115313116
p067,2,20,0.1095,0.299,20,44,0.0204081632653061,0.0,66.53744403744405
p067,2,21,0.1065,0.292,21,44,0.0,0.06,67.15877965877966
p067,2,22,0.1035,0.3115,21,42,0.0204081632653061,0.04,62.82791032791033
p067,2,23,0.11,0.31,22,46,0.0408163265306122,0.04,66.55864655864656
p067,2,24,0.1115,0.3085,21,41,0.1020408163265306,0.04,50.41758791758792
p067,2,25,0.112,0.284,19,36,0.0612244897959183,0.08,42.63703263703265
p067,2,26,0.103,0.262,18,33,0.0612244897959183,0.06,43.88888888888889
p067,2,27,0.12,0.297,19,41,0.0,0.02,58.53963853963854
p067,2,28,0.1169999999999999,0.32,22,47,0.0204081632653061,0.06,65.70213070213073
p067,2,29,0.107,0.276,19,41,0.0,0.0,65.58883058883059
p067,2,30,0.114,0.2945,21,42,0.0612244897959183,0.06,55.41585541585543
p067,2,31,0.115,0.3195,16,33,0.1020408163265306,0.16,16.492921492921486
p067,2,32,0.111,0.3,23,46,0.0204081632653061,0.06,70.23160523160524
p067,2,33,0.1164999999999999,0.3445,20,44,0.0816326530612244,0.12,42.0622545622546
p067,2,34,0.1145,0.285,20,41,0.0408163265306122,0.04,56.81755931755932
p067,2,35,0.1055,0.2905,22,48,0.0,0.0,79.32968682968682
p067,2,36,0.119,0.29,21,42,0.0,0.0,67.37424237424239
p067,2,37,0.1115,0.292,19,43,0.0408163265306122,0.06,55.162442662442665
p067,2,38,0.104,0.3,24,45,0.0816326530612244,0.08,61.62151162151164
p067,2,39,0.1125,0.295,19,32,0.0816326530612244,0.14,30.916273416273427
p067,2,40,0.1095,0.2925,21,40,0.0,0.02,64.96994246994248
p067,2,41,0.106,0.256,17,34,0.1428571428571428,0.14,24.46303446303446
p067,2,42,0.1125,0.2915,16,40,0.0612244897959183,0.12,36.04887854887856
p067,2,43,0.118,0.293,23,45,0.0204081632653061,0.04,69.83543983543986
p067,2,44,0.119,0.309,18,43,0.0612244897959183,0.06,46.91312191312192
p067,2,45,0.107,0.2804999999999999,21,45,0.0408163265306122,0.0,70.26658526658528
p067,2,46,0.1115,0.2885,19,42,0.1020408163265306,0.16,37.82862532862533
p067,2,47,0.1105,0.25,20,43,0.0408163265306122,0.02,65.68939818939819
p067,2,48,0.1,0.2545,20,38,0.0204081632653061,0.0,65.56149556149556
p067,2,49,0.0975,0.28,20,37,0.1020408163265306,0.08,45.39091289091289
p067,2,50,0.118,0.3075,20,41,0.0204081632653061,0.0,59.81662981662982
p068,1,0,0.062,0.214,20,37,0.0,0.02,77.43402743402743
p068,1,1,0.062,0.237,19,45,0.0204081632653061,0.02,80.62623062623062
p068,1,2,0.0625,0.2215,16,31,0.1836734693877551,0.22,31.831831831831835
p068,1,3,0.062,0.215,22,40,0.0204081632653061,0.0,85.41288541288542
p068,1,4,0.065,0.2045,19,43,0.0612244897959183,0.0,77.96703296703298
p068,1,5,0.062,0.2565,20,41,0.1020408163265306,0.14,55.29210529210528
p068,1,6,0.0625,0.222,17,43,0.0204081632653061,0.0,76.65357665357666
p068,1,7,0.0665,0.345,16,31,0.2448979591836734,0.4,18.87423137423137
p068,1,8,0.0,0.0505,10,19,0.5918367346938775,0.66,33.333333333333336
p068,1,9,0.062,0.2365,21,43,0.0816326530612244,0.1,68.32381832381832
p068,1,10,0.067,0.23,17,36,0.1836734693877551,0.18,35.21175021175021
p068,1,11,0.062,0.1865,15,28,0.2448979591836734,0.28,33.333333333333336
p068,1,12,0.063,0.214,13,26,0.3469387755102041,0.38,32.58258258258258
p068,1,13,0.062,0.2115,22,44,0.0,0.02,91.42054142054144
p068,1,14,0.062,0.2045,19,41,0.0,0.0,82.78388278388279
p068,1,15,0.062,0.2125,19,43,0.0204081632653061,0.08,74.95902495902497
p068,1,16,0.062,0.221,19,36,0.0816326530612244,0.1,56.13910613910614
p068,1,17,0.067,0.197,19,39,0.0,0.0,79.5054945054945
p068,1,18,0.064,0.249,19,42,0.0612244897959183,0.06,67.11326711326713
p068,1,19,0.066,0.2385,21,37,0.0204081632653061,0.0,76.35723635723635
p068,1,20,0.0615,0.217,16,42,0.0204081632653061,0.02,71.63922163922165
p068,1,21,0.0675,0.2515,20,39,0.1020408163265306,0.08,57.95072545072544
p068,1,22,0.062,0.271,21,41,0.0816326530612244,0.1,62.30626230626231
p068,1,23,0.062,0.207,19,41,0.0408163265306122,0.0,77.97192797192798
p068,1,24,0.066,0.2215,16,36,0.0408163265306122,0.0,62.4911724911725
p068,1,25,0.062,0.2285,21,37,0.1020408163265306,0.12,57.1995071995072
p068,1,26,0.067,0.217,19,41,0.0,0.02,79.16669416669417
p068,1,27,0.0635,0.2115,22,45,0.0,0.02,92.7025927025927
p068,1,28,0.063,0.2195,18,36,0.0612244897959183,0.08,58.14110814110814
p068,1,29,0.0625,0.215,17,42,0.0408163265306122,0.0,73.69127369127371
p068,1,30,0.062,0.2105,19,44,0.0,0.06,80.67408067408068
p068,1,31,0.0575,0.212,21,41,0.0204081632653061,0.04,80.9105809105809
p068,1,32,0.0645,0.2445,19,39,0.0816326530612244,0.12,55.66200816200817
p068,1,33,0.063,0.222,16,39,0.0204081632653061,0.0,69.14441914441915
p068,1,34,0.064,0.217,17,41,0.0612244897959183,0.08,62.42066242066243
p068,1,35,0.066,0.207,20,44,0.0204081632653061,0.04,82.40009240009239
p068,1,36,0.071,0.2195,17,42,0.0,0.0,76.33606133606135
p068,1,37,0.0675,0.2325,19,46,0.0612244897959183,0.04,74.9116424116424
p068,1,38,0.067,0.227,20,41,0.0408163265306122,0.04,73.93288893288893
p068,1,39,0.067,0.212,16,38,0.1020408163265306,0.14,45.66231066231066
p068,1,40,0.066,0.2145,21,46,0.0,0.0,92.67905267905267
p068,1,41,0.062,0.232,22,45,0.0,0.04,88.79868879868879
p068,1,42,0.062,0.222,15,35,0.0408163265306122,0.04,57.93155793155793
p068,1,43,0.066,0.2275,20,41,0.0204081632653061,0.0,80.20559020559021
p068,1,44,0.062,0.2045,18,40,0.1020408163265306,0.12,56.105006105006105
p068,1,45,0.0615,0.2075,20,43,0.0,0.0,87.62883762883762
p068,1,46,0.062,0.2375,23,45,0.0408163265306122,0.02,87.71903771903773
p068,1,47,0.065,0.232,22,47,0.0408163265306122,0.04,86.36279136279137
p068,1,48,0.0645,0.2465,23,42,0.0612244897959183,0.1,73.06457556457558
p068,1,49,0.062,0.203,23,44,0.0,0.0,96.15384615384616
p068,2,0,0.072,0.2339999999999999,18,45,0.0408163265306122,0.06,70.55616055616056
p068,2,1,0.069,0.254,20,39,0.0408163265306122,0.04,68.18989318989318
p068,2,2,0.072,0.2655,17,33,0.1836734693877551,0.24,27.903617903617903
p068,2,3,0.072,0.277,22,46,0.0,0.02,85.52332552332551
p068,2,4,0.0725,0.24,22,44,0.0,0.0,88.39573089573089
p068,2,5,0.0715,0.273,19,40,0.1020408163265306,0.14,48.19173569173568
p068,2,6,0.076,0.244,20,36,0.1428571428571428,0.18,38.810348810348806
p068,2,7,0.072,0.2485,20,41,0.0408163265306122,0.06,68.73840873840875
p068,2,8,0.076,0.257,16,36,0.0612244897959183,0.08,46.76830676830678
p068,2,9,0.073,0.2705,19,39,0.0408163265306122,0.06,61.35305635305636
p068,2,10,0.0725,0.287,20,39,0.1020408163265306,0.12,49.502992002992
p068,2,11,0.077,0.2675,21,43,0.0204081632653061,0.06,72.97203797203797
p068,2,12,0.076,0.264,15,38,0.1428571428571428,0.14,33.55234355234355
p068,2,13,0.0745,0.258,20,42,0.0816326530612244,0.12,58.15681065681067
p068,2,14,0.072,0.262,21,41,0.0408163265306122,0.08,67.91615791615791
p068,2,15,0.072,0.2625,15,35,0.0816326530612244,0.08,43.50713350713351
p068,2,16,0.077,0.2845,23,44,0.0,0.02,83.39894839894839
p068,2,17,0.077,0.2815,23,39,0.1224489795918367,0.16,50.04031504031504
p068,2,18,0.077,0.255,19,42,0.1224489795918367,0.12,50.71901571901572
p068,2,19,0.077,0.248,21,43,0.0408163265306122,0.02,76.24674124674125
p068,2,20,0.078,0.2945,18,39,0.1020408163265306,0.14,40.82896082896083
p068,2,21,0.0765,0.268,18,36,0.1632653061224489,0.18,31.52699402699403
p068,2,22,0.0715,0.2325,20,41,0.0,0.02,78.92466642466643
p068,2,23,0.077,0.2575,20,43,0.0204081632653061,0.0,77.14764214764215
p068,2,24,0.0775,0.2525,23,43,0.0612244897959183,0.04,76.2063437063437
p068,2,25,0.072,0.2405,19,34,0.3061224489795918,0.28,35.16802516802517
p068,2,26,0.072,0.31,19,38,0.1020408163265306,0.1,45.508585508585504
p068,2,27,0.0725,0.242,18,32,0.0408163265306122,0.02,59.23745173745174
p068,2,28,0.072,0.2495,22,44,0.0408163265306122,0.08,75.3945153945154
p068,2,29,0.072,0.2605,18,38,0.0204081632653061,0.02,65.01380501380501
p068,2,30,0.0745,0.267,21,42,0.0408163265306122,0.08,68.1024706024706
p068,2,31,0.0775,0.279,22,45,0.0408163265306122,0.06,74.26594176594178
p068,2,32,0.072,0.28,19,41,0.0408163265306122,0.06,63.204303204303216
p068,2,33,0.076,0.2675,19,39,0.0204081632653061,0.06,63.32002332002332
p068,2,34,0.0765,0.2745,22,42,0.0204081632653061,0.02,77.1929896929897
p068,2,35,0.071,0.259,23,42,0.0204081632653061,0.02,82.43501743501743
p068,2,36,0.076,0.2455,23,47,0.0408163265306122,0.1,79.21778921778922
p068,2,37,0.0775,0.264,18,43,0.0,0.02,72.14513964513965
p068,2,38,0.071,0.2425,22,43,0.0,0.02,85.36872036872035
p068,2,39,0.073,0.2405,20,40,0.0816326530612244,0.1,59.55345455345456
p068,2,40,0.072,0.259,25,49,0.0204081632653061,0.02,88.6071786071786
p068,2,41,0.076,0.2345,20,35,0.0,0.0,71.8125818125818
p068,2,42,0.0745,0.2744999999999999,18,39,0.0612244897959183,0.08,53.9817564817565
p068,2,43,0.0775,0.242,18,44,0.0408163265306122,0.06,67.16378466378467
p068,2,44,0.077,0.2855,22,43,0.0408163265306122,0.08,69.31838431838432
p068,2,45,0.0854999999999999,0.2794999999999999,20,47,0.0408163265306122,0.02,73.81703131703136
p068,2,46,0.0785,0.2334999999999999,19,42,0.0408163265306122,0.0,73.14894564894566
p068,2,47,0.0765,0.252,21,42,0.0408163265306122,0.02,74.68333718333719
p068,2,48,0.0775,0.264,21,44,0.0408163265306122,0.02,75.8081433081433
p068,2,49,0.079,0.2365,17,40,0.0612244897959183,0.04,59.31893431893434
p068,2,50,0.08,0.2545,20,41,0.0816326530612244,0.08,59.61928961928962
p068,2,51,0.073,0.2535,23,45,0.0408163265306122,0.02,83.97457897457896
p069,1,0,0.0935,0.251,17,37,0.0408163265306122,0.1,47.3943448943449
p069,1,1,0.0965,0.262,15,46,0.0612244897959183,0.1,52.35551485551486
p069,1,2,0.0915,0.25,18,39,0.0204081632653061,0.06,59.0003465003465
p069,1,3,0.089,0.311,24,42,0.0204081632653061,0.04,71.09224609224609
p069,1,4,0.083,0.263,19,42,0.1428571428571428,0.16,42.4049874049874
p069,1,5,0.091,0.2339999999999999,20,45,0.0408163265306122,0.04,72.64610764610764
p069,1,6,0.084,0.2465,16,39,0.0816326530612244,0.04,51.08350108350108
p069,1,7,0.0955,0.265,21,41,0.0204081632653061,0.0,71.8089793089793
p069,1,8,0.0915,0.259,18,41,0.0816326530612244,0.18,42.40957990957991
p069,1,9,0.093,0.275,16,38,0.0408163265306122,0.12,42.160237160237166
p069,1,10,0.0935,0.2855,21,45,0.0204081632653061,0.16,60.54650804650805
p069,1,11,0.0955,0.288,17,44,0.0408163265306122,0.06,55.8925133925134
p069,1,12,0.0995,0.292,20,45,0.0,0.06,67.72654522654523
p069,1,13,0.0945,0.2665,18,36,0.0,0.0,60.72476322476322
p069,1,14,0.0985,0.2555,18,39,0.0,0.02,62.867785367785366
p069,1,15,0.093,0.273,17,44,0.0408163265306122,0.04,59.84110484110485
p069,1,16,0.074,0.25,16,28,0.3877551020408163,0.08,35.85728585728585
p069,1,17,0.0915,0.247,18,40,0.0816326530612244,0.06,53.43984093984094
p069,1,18,0.0935,0.29,19,45,0.0204081632653061,0.04,66.44526394526395
p069,1,19,0.0945,0.2395,20,44,0.0408163265306122,0.02,71.83202433202433
p069,1,20,0.0895,0.2735,21,43,0.0204081632653061,0.06,69.3952468952469
p069,1,21,0.0835,0.2395,20,44,0.0816326530612244,0.1,62.2817597817598
p069,1,22,0.0935,0.244,19,38,0.0612244897959183,0.06,55.46175296175297
p069,1,23,0.082,0.305,22,46,0.0204081632653061,0.08,72.4030624030624
p069,1,24,0.1,0.262,17,37,0.0,0.02,56.91493691493691
p069,1,25,0.093,0.277,22,48,0.0204081632653061,0.06,75.72072072072073
p069,1,26,0.0865,0.257,17,39,0.0612244897959183,0.06,52.34726484726485
p069,1,27,0.095,0.257,17,43,0.0204081632653061,0.02,63.91726891726892
p069,1,28,0.094,0.254,21,42,0.0,0.04,73.22652322652321
p069,1,29,0.103,0.3025,20,39,0.0,0.02,61.85355685355685
p069,1,30,0.087,0.2605,18,41,0.0408163265306122,0.06,59.20387420387421
p069,1,31,0.0905,0.2615,20,45,0.0204081632653061,0.02,74.24520674520674
p069,1,32,0.095,0.263,17,44,0.0,0.02,66.97967197967198
p069,1,33,0.096,0.2575,22,42,0.0,0.02,76.63278663278663
p069,1,34,0.094,0.2475,17,44,0.0408163265306122,0.02,64.00741400741401
p069,1,35,0.0854999999999999,0.2685,19,43,0.0204081632653061,0.06,66.08622358622361
p069,1,36,0.0815,0.2595,18,44,0.0408163265306122,0.08,62.60780010780011
p069,1,37,0.097,0.2745,20,43,0.0,0.02,71.21313621313621
p069,1,38,0.101,0.283,20,40,0.0,0.0,67.41560241560241
p069,1,39,0.0975,0.2695,21,43,0.0204081632653061,0.02,71.5945890945891
p069,1,40,0.0995,0.2805,21,43,0.0204081632653061,0.02,70.01729751729752
p069,1,41,0.096,0.2435,19,42,0.0204081632653061,0.0,70.36223036223038
p069,1,42,0.0925,0.258,19,42,0.0,0.04,68.42136092136091
p069,1,43,0.0865,0.2485,20,41,0.1632653061224489,0.0,58.93682143682144
p069,1,44,0.0945,0.244,20,41,0.0204081632653061,0.0,71.76822426822427
p069,1,45,0.087,0.25,23,42,0.0612244897959183,0.04,72.91263791263792
p069,1,46,0.0895,0.257,26,47,0.0204081632653061,0.04,82.78886028886028
p069,1,47,0.0975,0.2735,19,41,0.0204081632653061,0.0,65.72003322003322
p069,2,0,0.0875,0.226,15,35,0.2653061224489796,0.0,43.73486123486124
p069,2,1,0.1025,0.274,21,42,0.0204081632653061,0.02,68.67161117161118
p069,2,2,0.093,0.277,20,48,0.0,0.04,75.19162019162019
p069,2,3,0.1025,0.2475,22,44,0.0,0.02,78.65027115027114
p069,2,4,0.106,0.3145,21,42,0.0,0.02,66.16517616517616
p069,2,5,0.1045,0.263,24,44,0.0408163265306122,0.08,68.6860211860212
p069,2,6,0.102,0.263,17,40,0.0,0.0,62.03665203665204
p069,2,7,0.092,0.273,19,40,0.0,0.04,64.47480447480447
p069,2,8,0.099,0.2855,19,40,0.1020408163265306,0.16,38.541013541013534
p069,2,9,0.0995,0.2575,20,39,0.0204081632653061,0.02,64.8104423104423
p069,2,10,0.0975,0.2665,18,43,0.0,0.0,68.98483648483649
p069,2,11,0.0995,0.2605,17,40,0.0816326530612244,0.1,44.09907159907161
p069,2,12,0.1245,0.301,23,44,0.0,0.04,68.58592108592107
p069,2,13,0.1025,0.2955,20,37,0.0204081632653061,0.06,54.02454652454654
p069,2,14,0.097,0.281,18,43,0.0204081632653061,0.08,57.86407286407288
p069,2,15,0.098,0.269,23,45,0.0408163265306122,0.1,69.06323906323907
p069,2,16,0.1075,0.266,22,48,0.0204081632653061,0.06,73.36944086944087
p069,2,17,0.089,0.26,19,40,0.1020408163265306,0.08,50.88192588192587
p069,2,18,0.1015,0.2375,21,43,0.0,0.02,76.22636372636373
p069,2,19,0.0935,0.323,22,46,0.0204081632653061,0.08,67.86316536316536
p069,2,20,0.1045,0.2865,22,43,0.0204081632653061,0.1,63.1997656997657
p069,2,21,0.101,0.252,20,39,0.1428571428571428,0.0,52.56998756998757
p069,2,22,0.1085,0.2815,22,46,0.0612244897959183,0.1,61.83213433213434
p069,2,23,0.0935,0.2555,19,39,0.1224489795918367,0.08,46.597944097944094
p069,2,24,0.0935,0.3225,21,46,0.0612244897959183,0.1,58.91850641850642
p069,2,25,0.088,0.2645,18,36,0.0816326530612244,0.1,43.689513689513696
p069,2,26,0.109,0.2605,20,42,0.0204081632653061,0.02,66.09439109439109
p069,2,27,0.097,0.272,19,40,0.0408163265306122,0.08,54.91881991881991
p069,2,28,0.1,0.262,23,47,0.0,0.02,84.02116402116401
p069,2,29,0.114,0.296,18,43,0.0204081632653061,0.1,50.46310046310046
p069,2,30,0.1105,0.275,21,44,0.0,0.0,73.46365596365597
p069,2,31,0.1095,0.2754999999999999,17,38,0.0,0.0,56.43558393558394
p069,2,32,0.096,0.277,20,39,0.1020408163265306,0.2,39.35319935319935
p069,2,33,0.1005,0.2705,22,45,0.0612244897959183,0.1,63.55594605594607
p069,2,34,0.101,0.28,22,47,0.0408163265306122,0.08,69.28285428285429
p069,2,35,0.106,0.273,23,44,0.0816326530612244,0.14,57.01041701041702
p069,2,36,0.105,0.261,20,41,0.0,0.04,66.24377124377123
p069,2,37,0.113,0.2855,20,44,0.0408163265306122,0.06,59.11895411895413
p069,2,38,0.1075,0.289,24,47,0.0204081632653061,0.04,75.2999427999428
p069,2,39,0.0985,0.301,21,34,0.0,0.02,59.045831545831554
p069,2,40,0.088,0.3155,23,43,0.0,0.06,72.69104269104271
p069,2,41,0.1165,0.2795,17,41,0.0408163265306122,0.04,49.74906224906224
p069,2,42,0.1155,0.2675,17,42,0.0204081632653061,0.0,58.55506605506606
p069,2,43,0.098,0.3175,22,43,0.0408163265306122,0.06,62.96703296703296
p069,2,44,0.111,0.2815,19,43,0.0612244897959183,0.12,48.39603339603341
p069,2,45,0.1005,0.272,20,46,0.0408163265306122,0.1,62.3068948068948
p069,2,46,0.098,0.262,20,37,0.1428571428571428,0.16,34.904354904354896
p069,2,47,0.1025,0.2355,21,41,0.0408163265306122,0.04,67.01060951060951
p069,2,48,0.1045,0.248,20,40,0.0408163265306122,0.04,61.62016412016411
p069,2,49,0.097,0.2675,22,41,0.0408163265306122,0.04,67.4978824978825
p069,2,50,0.105,0.301,23,44,0.0,0.02,75.08063008063009
p069,2,51,0.1085,0.2535,20,40,0.0204081632653061,0.0,66.2018887018887
p070,1,0,0.12,0.2705,16,35,0.0816326530612244,0.14,25.722205722205725
p070,1,1,0.1195,0.272,16,44,0.0612244897959183,0.06,47.01792451792452
p070,1,2,0.1115,0.264,19,37,0.0612244897959183,0.08,46.04013354013355
p070,1,3,0.1035,0.2395,23,42,0.0204081632653061,0.02,76.64887414887416
p070,1,4,0.103,0.2515,20,41,0.0816326530612244,0.12,50.73969573969575
p070,1,5,0.105,0.271,21,48,0.0408163265306122,0.08,66.85042185042185
p070,1,6,0.1159999999999999,0.292,19,40,0.0816326530612244,0.1,41.779251779251815
p070,1,7,0.114,0.274,20,38,0.0204081632653061,0.02,58.42435842435842
p070,1,8,0.115,0.276,21,45,0.0204081632653061,0.04,67.48952248952247
p070,1,9,0.112,0.2765,17,45,0.0204081632653061,0.08,54.92624492624493
p070,1,10,0.1075,0.268,22,44,0.0204081632653061,0.06,69.32308682308683
p070,1,11,0.1275,0.287,18,41,0.0,0.0,57.22582472582473
p070,1,12,0.1085,0.264,19,38,0.0,0.02,60.73488323488324
p070,1,13,0.112,0.2565,17,37,0.0,0.02,54.6083446083446
p070,1,14,0.124,0.2845,19,42,0.0204081632653061,0.0,59.5914595914596
p070,1,15,0.108,0.2675,20,42,0.0,0.0,69.86458986458986
p070,1,16,0.1075,0.284,19,44,0.0816326530612244,0.1,49.73206723206725
p070,1,17,0.111,0.26,21,47,0.0204081632653061,0.04,72.6076076076076
p070,1,18,0.12,0.2725,21,45,0.0408163265306122,0.0,67.97214797214798
p070,1,19,0.108,0.239,23,46,0.0204081632653061,0.02,80.75570075570076
p070,1,20,0.104,0.2595,16,34,0.1836734693877551,0.16,20.35607035607036
p070,1,21,0.112,0.2485,18,39,0.0204081632653061,0.0,59.82509982509984
p070,1,22,0.1159999999999999,0.264,22,45,0.0612244897959183,0.06,64.21982421982425
p070,1,23,0.12,0.2675,17,34,0.0204081632653061,0.06,41.67167167167168
p070,1,24,0.1235,0.2875,21,47,0.0204081632653061,0.04,66.87866437866437
p070,1,25,0.1159999999999999,0.296,17,40,0.0612244897959183,0.12,37.14604714604718
p070,1,26,0.124,0.276,17,44,0.0408163265306122,0.04,52.15985215985216
p070,1,27,0.112,0.2685,22,43,0.0204081632653061,0.08,65.06770506770506
p070,1,28,0.1095,0.296,19,40,0.0204081632653061,0.06,53.77303127303127
p070,1,29,0.12,0.264,19,42,0.0204081632653061,0.02,60.744040744040745
p070,1,30,0.103,0.272,20,43,0.0204081632653061,0.04,65.8020108020108
p070,1,31,0.104,0.2795,16,42,0.0612244897959183,0.16,38.13428813428814
p070,1,32,0.1075,0.232,16,28,0.3061224489795918,0.32,20.423637923637923
p070,1,33,0.112,0.256,19,41,0.0408163265306122,0.06,56.08289608289609
p070,1,34,0.096,0.235,14,26,0.4285714285714285,0.46,22.86143286143286
p070,1,35,0.104,0.256,18,45,0.1020408163265306,0.08,51.74020174020174
p070,1,36,0.1045,0.2755,17,29,0.2040816326530612,0.26,19.164521664521665
p070,1,37,0.12,0.249,18,43,0.0408163265306122,0.04,56.91383691383692
p070,1,38,0.127,0.287,18,42,0.0,0.0,58.626923626923634
p070,1,39,0.112,0.2745,22,41,0.0,0.04,67.98765798765798
p070,1,40,0.1205,0.284,19,45,0.0408163265306122,0.08,54.53263703263704
p070,1,41,0.124,0.2725,18,42,0.0204081632653061,0.04,54.7080047080047
p070,1,42,0.111,0.2515,19,35,0.2653061224489796,0.28,26.063261063261063
p070,1,43,0.105,0.2555,20,44,0.0612244897959183,0.06,61.645766645766656
p070,1,44,0.12,0.2835,17,41,0.0612244897959183,0.1,40.57882057882059
p070,1,45,0.1159999999999999,0.2715,21,45,0.1224489795918367,0.1,50.24156024156026
p070,1,46,0.104,0.248,19,39,0.0408163265306122,0.04,58.07620807620808
p070,1,47,0.1035,0.2395,27,44,0.0,0.02,81.59392909392909
p070,1,48,0.1035,0.2645,24,49,0.0204081632653061,0.06,76.85292435292436
p070,1,49,0.1,0.26,21,45,0.0408163265306122,0.04,70.28160028160029
p070,2,0,0.1035,0.247,18,45,0.0408163265306122,0.06,61.75485925485926
p070,2,1,0.1045,0.248,20,42,0.1224489795918367,0.16,43.54934604934605
p070,2,2,0.108,0.2605,19,45,0.0,0.02,70.17864017864018
p070,2,3,0.104,0.2725,23,46,0.0,0.02,80.73568073568073
p070,2,4,0.097,0.2565,21,45,0.0204081632653061,0.04,73.72718872718872
p070,2,5,0.1235,0.268,23,44,0.0,0.0,75.83102333102333
p070,2,6,0.111,0.276,19,40,0.0408163265306122,0.08,51.185086185086185
p070,2,7,0.1115,0.2435,18,40,0.0,0.02,62.25579975579976
p070,2,8,0.103,0.263,19,37,0.0204081632653061,0.06,54.77779977779978
p070,2,9,0.105,0.2475,21,41,0.0204081632653061,0.02,69.44697444697444
p070,2,10,0.104,0.256,19,47,0.0204081632653061,0.04,69.91276991276993
p070,2,11,0.111,0.2475,17,45,0.0204081632653061,0.0,65.47465047465049
p070,2,12,0.1195,0.276,24,45,0.0,0.0,77.26465476465476
p070,2,13,0.107,0.276,16,35,0.0204081632653061,0.02,46.52086152086152
p070,2,14,0.1085,0.26,21,41,0.0612244897959183,0.1,55.1930776930777
p070,2,15,0.104,0.274,23,45,0.0,0.0,81.15533115533115
p070,2,16,0.109,0.268,19,41,0.0204081632653061,0.04,59.828784828784826
p070,2,17,0.111,0.2485,17,41,0.0816326530612244,0.06,47.54793254793256
p070,2,18,0.104,0.272,23,45,0.0408163265306122,0.04,72.88992288992289
p070,2,19,0.104,0.2645,20,46,0.0204081632653061,0.06,68.30896830896832
p070,2,20,0.103,0.2565,22,44,0.0408163265306122,0.04,71.01656601656602
p070,2,21,0.1,0.257,22,45,0.0612244897959183,0.08,66.87819687819687
p070,2,22,0.1,0.251,15,27,0.3061224489795918,0.28,20.307450307450303
p070,2,23,0.1154999999999999,0.2795,20,41,0.1020408163265306,0.0,53.69086119086122
p070,2,24,0.104,0.2515,17,34,0.0612244897959183,0.04,44.17274417274418
p070,2,25,0.105,0.264,20,41,0.0612244897959183,0.1,53.24505824505825
p070,2,26,0.104,0.2645,20,41,0.0,0.0,69.83521983521983
p070,2,27,0.111,0.279,23,46,0.0612244897959183,0.1,63.86809886809888
p070,2,28,0.121,0.2645,19,40,0.0204081632653061,0.06,54.18808918808919
p070,2,29,0.112,0.28,21,46,0.0612244897959183,0.04,64.32355432355433
p070,2,30,0.104,0.256,19,36,0.0408163265306122,0.06,51.57740157740158
p070,2,31,0.128,0.28,21,42,0.0408163265306122,0.06,55.91492591492592
p070,2,32,0.104,0.264,22,46,0.0408163265306122,0.08,68.88811888811888
p070,2,33,0.118,0.312,23,47,0.0408163265306122,0.04,68.11668811668812
p070,2,34,0.112,0.268,22,47,0.0,0.02,78.18246818246818
p070,2,35,0.112,0.2815,20,42,0.0,0.0,67.51080751080751
p070,2,36,0.118,0.2615,22,42,0.0204081632653061,0.02,68.61333861333863
p070,2,37,0.1115,0.264,21,40,0.2244897959183673,0.24,35.86512336512337
p070,2,38,0.111,0.264,20,36,0.0408163265306122,0.08,49.63903463903464
p070,2,39,0.111,0.272,22,38,0.0,0.02,66.48170148170148
p070,2,40,0.1355,0.3075,16,36,0.0612244897959183,0.1,26.05187605187606
p070,2,41,0.12,0.28,18,43,0.0408163265306122,0.04,53.81073381073381
p070,2,42,0.1275,0.2835,21,41,0.0204081632653061,0.02,60.48622798622799
p070,2,43,0.12,0.284,18,40,0.1020408163265306,0.08,38.71761871761872
p070,2,44,0.1125,0.279,22,42,0.0204081632653061,0.04,66.31925881925882
p070,2,45,0.1205,0.2755,20,40,0.0204081632653061,0.02,59.29069179069179
p070,2,46,0.105,0.255,20,40,0.1632653061224489,0.12,41.48824648824649
p070,2,47,0.104,0.249,15,35,0.1020408163265306,0.1,33.006633006633
p070,2,48,0.1159999999999999,0.292,21,45,0.0204081632653061,0.04,65.64982564982567
p070,2,49,0.12,0.2925,23,45,0.0408163265306122,0.04,67.02834702834703
p071,1,0,0.128,0.304,17,38,0.0408163265306122,0.12,33.30495330495331
p071,1,1,0.128,0.264,16,38,0.1428571428571428,0.18,17.46768746768747
p071,1,2,0.112,0.376,18,41,0.0816326530612244,0.16,27.96906796906797
p071,1,3,0.143,0.28,20,41,0.0204081632653061,0.02,56.90800690800691
p071,1,4,0.135,0.3275,19,44,0.0,0.06,52.29570229570231
p071,1,5,0.144,0.288,23,45,0.0408163265306122,0.02,65.99731599731601
p071,1,6,0.144,0.28,14,38,0.1224489795918367,0.08,26.07772607772607
p071,1,7,0.1365,0.312,20,40,0.0612244897959183,0.06,43.95714395714396
p071,1,8,0.143,0.3035,20,44,0.0408163265306122,0.04,54.169004169004175
p071,1,9,0.1285,0.304,18,40,0.0408163265306122,0.08,41.83466433466433
p071,1,10,0.128,0.304,22,44,0.0408163265306122,0.12,52.90202290202291
p071,1,11,0.144,0.312,17,43,0.0204081632653061,0.06,45.42234542234542
p071,1,12,0.144,0.288,20,47,0.0204081632653061,0.04,61.94766194766195
p071,1,13,0.144,0.296,19,39,0.0,0.02,52.74230274230274
p071,1,14,0.144,0.272,18,39,0.0204081632653061,0.04,48.530948530948535
p071,1,15,0.144,0.312,18,44,0.0408163265306122,0.04,48.55624855624856
p071,1,16,0.144,0.3515,21,41,0.0,0.14,43.401643401643405
p071,1,17,0.144,0.28,19,43,0.0612244897959183,0.06,48.62554862554863
p071,1,18,0.128,0.312,18,49,0.0408163265306122,0.12,46.42356642356643
p071,1,19,0.144,0.2885,20,45,0.0612244897959183,0.04,54.571604571604574
p071,1,20,0.144,0.288,20,45,0.0,0.02,63.61636361636361
p071,1,21,0.128,0.2875,19,43,0.0408163265306122,0.06,51.684321684321695
p071,1,22,0.128,0.272,18,39,0.0204081632653061,0.02,51.81137181137181
p071,1,23,0.144,0.304,22,46,0.0204081632653061,0.1,58.270358270358265
p071,1,24,0.144,0.304,17,38,0.0,0.02,45.89754589754589
p071,1,25,0.128,0.328,19,46,0.0408163265306122,0.12,45.92086592086593
p071,1,26,0.144,0.272,18,37,0.0,0.02,50.19965019965019
p071,1,27,0.128,0.272,16,39,0.1632653061224489,0.18,17.94893794893795
p071,1,28,0.144,0.272,19,40,0.0,0.0,58.27860827860828
p071,1,29,0.1355,0.288,20,38,0.0408163265306122,0.1,42.47269247269248
p071,1,30,0.144,0.296,19,39,0.0816326530612244,0.1,35.81108581108581
p071,1,31,0.144,0.304,16,37,0.0612244897959183,0.08,29.536129536129547
p071,1,32,0.144,0.304,17,42,0.0408163265306122,0.1,38.85643885643886
p071,1,33,0.112,0.272,17,42,0.1020408163265306,0.14,36.45117645117645
p071,1,34,0.144,0.304,21,44,0.0612244897959183,0.1,48.56339856339857
p071,1,35,0.1435,0.2875,18,42,0.0612244897959183,0.06,44.21179421179422
p071,1,36,0.144,0.288,17,41,0.1020408163265306,0.14,28.329428329428325
p071,1,37,0.144,0.32,21,41,0.0204081632653061,0.06,51.58125158125159
p071,1,38,0.1595,0.3275,17,43,0.0204081632653061,0.08,42.01894201894201
p071,1,39,0.144,0.32,24,47,0.0204081632653061,0.1,60.33176033176033
p071,1,40,0.143,0.32,19,39,0.0204081632653061,0.06,44.25524425524426
p071,1,41,0.144,0.288,19,41,0.0204081632653061,0.0,55.57810557810558
p071,1,42,0.1435,0.28,21,45,0.0204081632653061,0.06,60.71346071346071
p071,1,43,0.128,0.28,19,41,0.0612244897959183,0.08,45.638165638165646
p071,1,44,0.128,0.272,17,43,0.0408163265306122,0.1,44.77026477026477
p071,1,45,0.1285,0.2885,23,49,0.0204081632653061,0.1,64.7944372944373
p071,1,46,0.144,0.3205,22,44,0.0408163265306122,0.1,51.67365167365167
p071,1,47,0.144,0.288,19,36,0.1428571428571428,0.18,18.215468215468217
p071,1,48,0.1275,0.304,25,46,0.1020408163265306,0.16,47.11956461956461
p071,1,49,0.1125,0.312,23,48,0.0408163265306122,0.08,65.72250822250822
p071,1,50,0.12,0.2645,21,45,0.0204081632653061,0.04,67.45019745019745
p071,2,0,0.128,0.28,16,44,0.0408163265306122,0.08,44.722414722414726
p071,2,1,0.144,0.296,17,40,0.1224489795918367,0.18,20.16192016192016
p071,2,2,0.128,0.288,18,38,0.1224489795918367,0.18,22.20814220814221
p071,2,3,0.144,0.328,22,49,0.0204081632653061,0.08,59.001859001859
p071,2,4,0.144,0.3045,19,43,0.0612244897959183,0.12,40.61754061754062
p071,2,5,0.1275,0.312,20,43,0.0408163265306122,0.06,51.73186923186924
p071,2,6,0.135,0.2955,27,44,0.0408163265306122,0.08,58.408958408958405
p071,2,7,0.1435,0.3115,18,39,0.0408163265306122,0.06,40.344190344190345
p071,2,8,0.144,0.304,17,40,0.0,0.0,50.31350031350031
p071,2,9,0.145,0.3429999999999999,19,38,0.0,0.04,44.90369490369491
p071,2,10,0.152,0.32,20,42,0.0204081632653061,0.04,52.33420233420233
p071,2,11,0.128,0.28,19,45,0.0204081632653061,0.06,57.38012738012738
p071,2,12,0.1595,0.296,17,44,0.0204081632653061,0.0,53.86155386155386
p071,2,13,0.16,0.328,21,40,0.0408163265306122,0.1,43.41374341374342
p071,2,14,0.144,0.272,18,39,0.0612244897959183,0.16,32.65793265793266
p071,2,15,0.144,0.288,18,43,0.0204081632653061,0.02,53.90940390940391
p071,2,16,0.144,0.2804999999999999,19,45,0.0204081632653061,0.08,54.04965404965406
p071,2,17,0.144,0.304,24,47,0.0,0.04,69.86986986986987
p071,2,18,0.1435,0.303,20,41,0.0816326530612244,0.06,43.75914375914377
p071,2,19,0.127,0.28,17,40,0.1224489795918367,0.14,27.13389213389213
p071,2,20,0.128,0.2885,18,42,0.0816326530612244,0.16,33.900053900053905
p071,2,21,0.144,0.2955,20,41,0.0612244897959183,0.12,41.33529133529135
p071,2,22,0.144,0.272,20,37,0.0,0.0,56.81340681340682
p071,2,23,0.144,0.312,20,45,0.0204081632653061,0.0,60.68486068486069
p071,2,24,0.1275,0.296,17,38,0.1836734693877551,0.2,16.764484264484267
p071,2,25,0.128,0.304,19,39,0.1224489795918367,0.08,33.52880352880353
p071,2,26,0.144,0.304,21,46,0.0612244897959183,0.06,54.83120483120484
p071,2,27,0.1285,0.273,20,41,0.0816326530612244,0.06,48.07167057167058
p071,2,28,0.144,0.2885,19,43,0.0,0.02,58.62125862125862
p071,2,29,0.136,0.304,19,43,0.0204081632653061,0.06,50.98505098505098
p071,2,30,0.144,0.328,22,45,0.0,0.02,64.37426437426437
p071,2,31,0.144,0.28,21,44,0.0612244897959183,0.08,52.81765281765282
p071,2,32,0.144,0.272,20,46,0.0,0.02,66.5000165000165
p071,2,33,0.144,0.28,18,43,0.0612244897959183,0.12,40.68904068904069
p071,2,34,0.144,0.272,21,39,0.0816326530612244,0.1,42.975392975392985
p071,2,35,0.144,0.288,22,43,0.0,0.04,63.96231396231395
p071,2,36,0.143,0.303,24,47,0.0,0.04,69.96996996996997
p071,2,37,0.144,0.312,18,43,0.0204081632653061,0.06,47.803297803297816
p071,2,38,0.144,0.32,20,43,0.0408163265306122,0.1,45.67974567974568
p071,2,39,0.144,0.3195,22,44,0.0204081632653061,0.04,59.71025971025971
p071,2,40,0.144,0.288,24,46,0.0408163265306122,0.08,61.72381172381173
p071,2,41,0.136,0.288,20,39,0.0204081632653061,0.06,49.83939983939984
p071,2,42,0.1285,0.3045,21,40,0.0204081632653061,0.08,51.30842380842381
p071,2,43,0.112,0.2715,16,35,0.0816326530612244,0.18,23.823163823163828
p071,2,44,0.136,0.2794999999999999,19,40,0.0816326530612244,0.12,36.89293689293691
p071,2,45,0.128,0.2955,18,39,0.1224489795918367,0.18,22.73944273944274
p071,2,46,0.144,0.304,21,46,0.0408163265306122,0.06,57.212157212157216
p071,2,47,0.128,0.28,20,45,0.1224489795918367,0.14,40.44891044891043
p071,2,48,0.144,0.2885,19,40,0.1020408163265306,0.14,31.75923175923175
p071,2,49,0.151,0.303,22,43,0.0204081632653061,0.06,58.22800822800823
p071,2,50,0.136,0.24,19,39,0.0816326530612244,0.08,43.26854326854328
p071,2,51,0.128,0.256,17,40,0.0612244897959183,0.12,38.2929082929083
p071,2,52,0.1435,0.28,19,40,0.0408163265306122,0.0,52.71590271590272
p071,2,53,0.129,0.304,22,45,0.0204081632653061,0.02,65.5861905861906
p071,2,54,0.128,0.2635,21,41,0.0816326530612244,0.18,40.41151041151041
p071,2,55,0.128,0.28,15,34,0.1632653061224489,0.28,10.737880737880737
p072,1,0,0.116,0.4054999999999999,20,38,0.0,0.0,52.27106227106227
p072,1,1,0.1025,0.3065,18,41,0.0204081632653061,0.0,58.84530134530135
p072,1,2,0.107,0.344,19,41,0.0204081632653061,0.0,56.40107140107141
p072,1,3,0.108,0.3745,23,44,0.0,0.02,67.15913715913716
p072,1,4,0.1175,0.3565,24,45,0.0204081632653061,0.02,65.44998294998295
p072,1,5,0.1135,0.3625,16,41,0.0816326530612244,0.04,35.01218251218252
p072,1,6,0.119,0.3405,20,37,0.0204081632653061,0.02,49.29517429517429
p072,1,7,0.112,0.363,20,45,0.0204081632653061,0.06,55.26229526229526
p072,1,8,0.1065,0.3715,16,41,0.0,0.0,49.00546150546151
p072,1,9,0.1125,0.3795,23,46,0.0204081632653061,0.06,62.56715506715506
p072,1,10,0.112,0.41,19,42,0.0204081632653061,0.04,49.88603988603989
p072,1,11,0.114,0.385,20,38,0.0,0.02,50.89540089540089
p072,1,12,0.122,0.404,18,38,0.0,0.02,44.22873422873423
p072,1,13,0.106,0.3805,20,41,0.0612244897959183,0.08,43.94790394790396
p072,1,14,0.12,0.4034999999999999,22,48,0.0204081632653061,0.08,57.83068783068783
p072,1,15,0.0925,0.3555,19,37,0.1836734693877551,0.08,31.880974380974383
p072,1,16,0.102,0.303,16,41,0.0204081632653061,0.0,54.55279455279456
p072,1,17,0.11,0.392,18,38,0.0612244897959183,0.0,41.7948717948718
p072,1,18,0.1169999999999999,0.384,20,43,0.0,0.0,58.443223443223474
p072,1,19,0.1075,0.4115,19,43,0.0816326530612244,0.06,43.24481074481076
p072,1,20,0.113,0.361,19,39,0.0204081632653061,0.0,50.70669570669571
p072,1,21,0.099,0.3349999999999999,22,48,0.0204081632653061,0.1,64.7826397826398
p072,1,22,0.106,0.33,16,31,0.0,0.0,44.30430430430431
p072,1,23,0.118,0.374,20,48,0.0,0.0,63.333333333333336
p072,1,24,0.1045,0.346,19,43,0.0408163265306122,0.04,53.27555577555578
p072,1,25,0.102,0.3025,17,39,0.0,0.0,56.8006468006468
p072,1,26,0.1115,0.347,22,43,0.0204081632653061,0.04,61.03259853259853
p072,1,27,0.0995,0.344,18,39,0.0204081632653061,0.04,49.538027038027046
p072,1,28,0.104,0.352,17,39,0.0204081632653061,0.0,48.98854898854899
p072,1,29,0.108,0.3155,17,42,0.0,0.0,57.916927916927925
p072,1,30,0.107,0.3395,19,43,0.0,0.0,61.7965767965768
p072,1,31,0.098,0.3205,17,42,0.0,0.0,59.79737979737979
p072,1,32,0.085,0.3155,19,43,0.0204081632653061,0.02,65.2042702042702
p072,1,33,0.0905,0.3455,19,41,0.0612244897959183,0.08,48.010180510180525
p072,1,34,0.101,0.3465,19,44,0.0,0.02,61.95464695464696
p072,1,35,0.1135,0.4425,20,37,0.0816326530612244,0.14,29.097476597476604
p072,1,36,0.106,0.376,22,41,0.0408163265306122,0.08,51.0907610907611
p072,1,37,0.108,0.367,16,34,0.0204081632653061,0.02,35.89160589160589
p072,1,38,0.1,0.3775,19,37,0.1428571428571428,0.16,20.93610093610093
p072,1,39,0.099,0.311,19,42,0.0204081632653061,0.0,62.89118789118789
p072,1,40,0.0925,0.287,18,39,0.0,0.0,62.9950554950555
p072,1,41,0.106,0.376,22,46,0.0612244897959183,0.1,53.26821326821328
p072,1,42,0.105,0.3355,19,41,0.0204081632653061,0.04,54.02440902440902
p072,1,43,0.113,0.3974999999999999,27,43,0.0612244897959183,0.12,48.284493284493294
p072,1,44,0.106,0.3405,20,34,0.1836734693877551,0.24,19.44372944372944
p072,1,45,0.095,0.313,21,43,0.0,0.0,72.06827706827707
p072,2,0,0.1015,0.322,18,44,0.1020408163265306,0.12,40.74307824307824
p072,2,1,0.103,0.318,21,44,0.0408163265306122,0.06,60.62760562760564
p072,2,2,0.1165,0.3595,19,48,0.0408163265306122,0.06,52.34341484341485
p072,2,3,0.1065,0.3345,22,46,0.0,0.0,73.40513590513591
p072,2,4,0.0955,0.3255,21,43,0.0,0.02,68.84612634612634
p072,2,5,0.1085,0.409,24,45,0.0612244897959183,0.1,53.77187627187629
p072,2,6,0.0995,0.321,20,41,0.0,0.04,61.54728904728905
p072,2,7,0.0975,0.328,17,39,0.0,0.0,55.31952281952281
p072,2,8,0.1065,0.3195,19,37,0.0,0.0,56.22531872531872
p072,2,9,0.1145,0.3225,22,45,0.0204081632653061,0.0,69.03857153857155
p072,2,10,0.1035,0.297,19,44,0.0204081632653061,0.0,65.78526328526328
p072,2,11,0.1015,0.2815,15,32,0.3061224489795918,0.32,16.897254397254404
p072,2,12,0.107,0.372,21,46,0.0408163265306122,0.12,51.278366278366285
p072,2,13,0.112,0.385,20,41,0.0408163265306122,0.08,44.9002849002849
p072,2,14,0.118,0.388,19,42,0.0,0.0,54.54212454212455
p072,2,15,0.106,0.364,21,45,0.0,0.0,66.90822690822692
p072,2,16,0.099,0.378,22,45,0.0204081632653061,0.04,63.970288970288976
p072,2,17,0.0995,0.2805,22,48,0.0612244897959183,0.06,69.06084656084657
p072,2,18,0.101,0.372,21,44,0.0204081632653061,0.04,59.93119493119494
p072,2,19,0.1065,0.323,20,46,0.0204081632653061,0.02,65.56157806157806
p072,2,20,0.1155,0.341,19,38,0.0816326530612244,0.12,32.57744007744008
p072,2,21,0.1005,0.324,20,44,0.0204081632653061,0.04,62.474094974094974
p072,2,22,0.1085,0.331,21,39,0.0612244897959183,0.0,54.78112728112728
p072,2,23,0.1075,0.3665,19,42,0.1020408163265306,0.06,40.23245773245773
p072,2,24,0.093,0.3145,17,30,0.0612244897959183,0.0,44.18918918918919
p072,2,25,0.118,0.3095,21,40,0.0204081632653061,0.04,57.01162701162701
p072,2,26,0.101,0.3105,19,39,0.1020408163265306,0.14,36.13212113212113
p072,2,27,0.103,0.3265,19,39,0.1020408163265306,0.2,30.350625350625357
p072,2,28,0.0925,0.3245,21,36,0.2448979591836734,0.02,44.01948651948652
p072,2,29,0.11,0.305,20,40,0.0408163265306122,0.06,52.753082753082765
p072,2,30,0.0995,0.2815,19,41,0.0,0.0,66.82399432399433
p072,2,31,0.098,0.338,22,42,0.0612244897959183,0.1,53.54827354827356
p072,2,32,0.108,0.414,20,39,0.0816326530612244,0.12,34.822954822954834
p072,2,33,0.0915,0.322,22,42,0.0408163265306122,0.02,66.48585398585399
p072,2,34,0.1055,0.352,23,44,0.0408163265306122,0.12,55.835313335313344
p072,2,35,0.0965,0.347,18,41,0.0816326530612244,0.12,37.96585046585047
p072,2,36,0.1075,0.324,20,40,0.0,0.0,61.76387926387926
p072,2,37,0.0985,0.3409999999999999,22,39,0.0408163265306122,0.0,60.92298342298344
p072,2,38,0.1035,0.3335,22,40,0.0,0.0,66.52721402721403
p072,2,39,0.1115,0.3425,22,36,0.0816326530612244,0.12,37.95842545842546
p072,2,40,0.1085,0.3525,18,39,0.0612244897959183,0.1,36.22685872685874
p072,2,41,0.118,0.402,17,40,0.0,0.02,45.36426536426537
p072,2,42,0.102,0.3695,22,42,0.0408163265306122,0.04,57.37924737924738
p072,2,43,0.1065,0.327,19,43,0.0204081632653061,0.0,60.78592328592328
p072,2,44,0.1105,0.357,20,42,0.0408163265306122,0.04,51.84478434478435
p072,2,45,0.1165,0.39,20,40,0.0612244897959183,0.1,38.31400081400082
p072,2,46,0.106,0.313,21,42,0.0204081632653061,0.0,65.78622578622578
p072,2,47,0.108,0.3245,16,36,0.0408163265306122,0.0,42.180862180862185
p072,2,48,0.112,0.352,20,45,0.0204081632653061,0.02,60.067100067100064
p072,2,49,0.112,0.335,22,41,0.0204081632653061,0.0,63.254353254353255
p073,1,0,0.0955,0.2395,17,38,0.0816326530612244,0.12,42.73760023760024
p073,1,1,0.0805,0.2395,17,46,0.0408163265306122,0.04,68.73475123475124
p073,1,2,0.095,0.256,16,42,0.0612244897959183,0.16,42.62949762949764
p073,1,3,0.096,0.24,21,40,0.0612244897959183,0.08,60.74107074107075
p073,1,4,0.096,0.2245,20,42,0.0408163265306122,0.06,66.70857670857673
p073,1,5,0.096,0.24,21,45,0.0408163265306122,0.02,75.08783508783507
p073,1,6,0.08,0.2475,15,38,0.0816326530612244,0.1,45.0981750981751
p073,1,7,0.096,0.24,17,36,0.0816326530612244,0.14,38.15254815254816
p073,1,8,0.096,0.24,20,44,0.0,0.04,74.33488433488434
p073,1,9,0.096,0.24,18,42,0.0612244897959183,0.14,50.606760606760616
p073,1,10,0.096,0.2485,21,44,0.0,0.02,77.7168377168377
p073,1,11,0.096,0.288,19,44,0.0,0.1,61.5935715935716
p073,1,12,0.096,0.264,20,43,0.0408163265306122,0.14,56.62926662926663
p073,1,13,0.096,0.24,19,35,0.0204081632653061,0.04,58.03451803451804
p073,1,14,0.096,0.24,18,41,0.0,0.04,65.72682572682572
p073,1,15,0.104,0.304,18,37,0.1836734693877551,0.24,22.65782265782266
p073,1,16,0.096,0.2715,20,46,0.0204081632653061,0.08,67.66117766117766
p073,1,17,0.0955,0.248,19,36,0.2244897959183673,0.0,48.05280555280555
p073,1,18,0.08,0.2395,12,32,0.1632653061224489,0.22,26.220506220506223
p073,1,19,0.081,0.2245,17,36,0.3061224489795918,0.0,49.0956340956341
p073,1,20,0.096,0.248,19,45,0.0816326530612244,0.1,57.35581735581736
p073,1,21,0.096,0.241,20,42,0.0408163265306122,0.1,61.35322135322136
p073,1,22,0.095,0.2485,19,42,0.0816326530612244,0.02,61.10511610511611
p073,1,23,0.097,0.239,19,36,0.1020408163265306,0.06,47.8029128029128
p073,1,24,0.088,0.224,22,45,0.0204081632653061,0.0,85.2079552079552
p073,1,25,0.104,0.24,17,39,0.0408163265306122,0.1,48.55954855954857
p073,1,26,0.096,0.2405,18,42,0.0612244897959183,0.16,48.70485870485871
p073,1,27,0.096,0.272,19,41,0.0408163265306122,0.08,56.438966438966446
p073,1,28,0.0875,0.2555,17,43,0.0612244897959183,0.06,57.3875248875249
p073,1,29,0.08,0.24,15,34,0.2040816326530612,0.3,26.170456170456166
p073,1,30,0.096,0.239,21,40,0.0,0.04,71.68773168773168
p073,1,31,0.088,0.2635,19,38,0.0408163265306122,0.12,51.64472164472165
p073,1,32,0.096,0.248,19,46,0.0612244897959183,0.1,61.01882101882103
p073,1,33,0.096,0.264,14,29,0.1020408163265306,0.2,24.72043472043472
p073,1,34,0.096,0.2725,17,40,0.0,0.06,56.95871695871696
p073,1,35,0.0955,0.2405,17,43,0.0816326530612244,0.12,49.04775654775656
p073,1,36,0.096,0.256,22,45,0.0408163265306122,0.1,68.45977845977846
p073,1,37,0.096,0.264,16,42,0.0408163265306122,0.06,53.230813230813226
p073,1,38,0.096,0.28,18,41,0.0816326530612244,0.12,44.79160479160479
p073,1,39,0.096,0.256,20,42,0.0612244897959183,0.1,57.47076747076748
p073,1,40,0.096,0.256,19,45,0.0408163265306122,0.08,63.16877316877317
p073,1,41,0.096,0.255,21,41,0.1020408163265306,0.16,48.35230835230835
p073,1,42,0.096,0.28,19,40,0.0204081632653061,0.1,54.88521488521488
p073,1,43,0.096,0.2565,18,44,0.0612244897959183,0.08,57.074767074767074
p073,1,44,0.0955,0.272,16,39,0.0816326530612244,0.18,32.82989032989034
p073,1,45,0.0805,0.224,20,39,0.2040816326530612,0.08,52.846335346335344
p073,1,46,0.096,0.224,19,40,0.0204081632653061,0.02,67.89822789822789
p073,1,47,0.0955,0.2314999999999999,18,46,0.0612244897959183,0.12,58.55671605671608
p073,1,48,0.096,0.256,22,46,0.0408163265306122,0.02,77.14923714923714
p073,1,49,0.096,0.24,19,43,0.0816326530612244,0.12,53.74066374066374
p073,1,50,0.096,0.288,28,46,0.0612244897959183,0.14,62.83492283492284
p073,1,51,0.096,0.256,22,47,0.0,0.0,85.04504504504506
p073,1,52,0.08,0.256,20,43,0.1020408163265306,0.16,52.24488224488224
p073,2,0,0.0805,0.24,19,43,0.0816326530612244,0.12,57.43113993113994
p073,2,1,0.064,0.224,17,30,0.3673469387755102,0.08,43.22179322179323
p073,2,2,0.064,0.176,18,28,0.4081632653061224,0.0,54.76190476190476
p073,2,3,0.096,0.256,17,45,0.0408163265306122,0.14,52.851312851312855
p073,2,4,0.08,0.256,20,39,0.2244897959183673,0.08,49.76217976217976
p073,2,5,0.0,0.032,13,17,0.6938775510204082,0.0,50.0
p073,2,6,0.096,0.224,20,35,0.1428571428571428,0.2,34.768394768394764
p073,2,7,0.096,0.24,20,40,0.0,0.0,72.91038291038292
p073,2,8,0.096,0.32,21,44,0.1020408163265306,0.1,51.24751124751125
p073,2,9,0.064,0.2,16,27,0.4693877551020408,0.08,42.59259259259259
p073,2,10,0.032,0.064,11,16,0.6938775510204082,0.02,48.14814814814815
p073,2,11,0.032,0.0775,13,18,0.673469387755102,0.04,46.2962962962963
p073,2,12,0.08,0.256,16,36,0.0612244897959183,0.12,42.21232221232221
p073,2,13,0.032,0.064,8,10,0.8367346938775511,0.06,44.44444444444445
p073,2,14,0.08,0.2395,20,42,0.1020408163265306,0.08,60.02189002189002
p073,2,15,0.096,0.288,22,42,0.0204081632653061,0.04,69.34692934692934
p073,2,16,0.08,0.239,20,46,0.0,0.06,78.95675895675896
p073,2,17,0.095,0.2715,17,43,0.0204081632653061,0.06,58.76211376211376
p073,2,18,0.08,0.239,14,26,0.4693877551020408,0.08,35.52981552981553
p073,2,19,0.095,0.303,23,44,0.0204081632653061,0.08,69.32487432487433
p073,2,20,0.095,0.272,16,36,0.0204081632653061,0.02,51.06045606045606
p073,2,21,0.095,0.272,23,45,0.0,0.02,81.64653664653665
p073,2,22,0.0795,0.1835,18,28,0.4693877551020408,0.0,51.07142857142856
p073,2,23,0.096,0.2875,21,43,0.0612244897959183,0.08,59.83246983246983
p073,2,24,0.0955,0.2555,23,45,0.1020408163265306,0.06,67.57067507067508
p073,2,25,0.096,0.256,19,43,0.1224489795918367,0.1,49.22900922900923
p073,2,26,0.111,0.312,21,45,0.0408163265306122,0.1,56.90179190179191
p073,2,27,0.096,0.312,21,45,0.0612244897959183,0.04,63.64782364782366
p073,2,28,0.08,0.24,16,40,0.1020408163265306,0.18,38.62466862466862
p073,2,29,0.096,0.272,19,46,0.0204081632653061,0.06,67.08202708202708
p073,2,30,0.088,0.256,22,46,0.0816326530612244,0.12,65.03283503283504
p073,2,31,0.08,0.24,16,28,0.4081632653061224,0.0,42.83712283712284
p073,2,32,0.096,0.304,21,44,0.1224489795918367,0.16,44.91260491260491
p073,2,33,0.096,0.296,19,36,0.0408163265306122,0.02,53.18186318186319
p073,2,34,0.104,0.248,19,35,0.2857142857142857,0.04,41.04324104324104
p073,2,35,0.096,0.272,17,40,0.0612244897959183,0.1,46.16220616220617
p073,2,36,0.096,0.262,21,38,0.2244897959183673,0.06,48.30280830280831
p073,2,37,0.096,0.272,22,42,0.0816326530612244,0.14,54.54641454641455
p073,2,38,0.096,0.24,20,43,0.0204081632653061,0.04,70.67188067188069
p073,2,39,0.096,0.264,21,42,0.0408163265306122,0.08,63.2837232837233
p073,2,40,0.096,0.2635,19,41,0.0816326530612244,0.16,45.12050512050512
p073,2,41,0.112,0.304,21,41,0.0204081632653061,0.06,58.42094842094841
p073,2,42,0.096,0.312,21,40,0.1020408163265306,0.04,52.47566247566247
p073,2,43,0.096,0.2715,21,47,0.0816326530612244,0.1,62.32947232947234
p073,2,44,0.08,0.2155,19,31,0.3877551020408163,0.0,52.43243243243243
p073,2,45,0.096,0.264,18,34,0.2244897959183673,0.0,41.38710138710139
p073,2,46,0.08,0.2485,17,30,0.4489795918367347,0.04,40.66352066352066
p073,2,47,0.096,0.248,18,40,0.2040816326530612,0.06,45.12545512545512
p073,2,48,0.096,0.288,23,45,0.1428571428571428,0.06,59.43646943646944
p073,2,49,0.0965,0.216,13,22,0.5714285714285714,0.04,37.60725010725011
p073,2,50,0.096,0.2565,19,34,0.2857142857142857,0.12,33.40769340769341
p073,2,51,0.096,0.24,18,30,0.2653061224489796,0.0,43.78950378950379
p073,2,52,0.096,0.224,17,30,0.4081632653061224,0.1,33.750893750893745
p073,2,53,0.096,0.256,19,44,0.0408163265306122,0.12,58.18301818301819
p073,2,54,0.112,0.272,17,39,0.2040816326530612,0.06,35.25052525052526
p073,2,55,0.096,0.24,16,33,0.3061224489795918,0.18,22.360932360932363
p073,2,56,0.096,0.288,20,42,0.0816326530612244,0.12,50.03476003476004
p073,2,57,0.096,0.28,20,44,0.0612244897959183,0.06,61.33617133617134
p073,2,58,0.096,0.224,14,28,0.3877551020408163,0.0,40.62920062920063
p073,2,59,0.096,0.296,19,38,0.1632653061224489,0.12,34.58194458194458
p073,2,60,0.096,0.248,17,30,0.3265306122448979,0.0,40.60775060775061
p073,2,61,0.096,0.224,19,38,0.1428571428571428,0.06,47.34470734470735
p073,2,62,0.096,0.24,19,35,0.1428571428571428,0.0,47.45250745250746
p073,2,63,0.08,0.224,21,41,0.0408163265306122,0.02,75.37075537075536
p073,2,64,0.112,0.28,19,39,0.1020408163265306,0.16,34.71427471427471
p073,2,65,0.096,0.24,19,41,0.0816326530612244,0.12,51.17656117656119
p074,1,0,0.0705,0.244,17,38,0.0408163265306122,0.1,54.85328735328736
p074,1,1,0.079,0.278,16,45,0.0408163265306122,0.06,59.72318472318472
p074,1,2,0.0745,0.214,18,36,0.0816326530612244,0.12,50.10700260700261
p074,1,3,0.0725,0.249,21,45,0.0408163265306122,0.08,74.22661672661673
p074,1,4,0.072,0.2305,20,42,0.0408163265306122,0.0,77.37781737781738
p074,1,5,0.0725,0.265,19,41,0.0816326530612244,0.22,48.71374121374122
p074,1,6,0.075,0.2095,15,39,0.0816326530612244,0.14,47.67080267080268
p074,1,7,0.075,0.2309999999999999,15,38,0.1836734693877551,0.24,33.390038390038406
p074,1,8,0.0705,0.2505,17,41,0.1224489795918367,0.2,41.11757361757362
p074,1,9,0.072,0.2545,20,43,0.0612244897959183,0.08,66.46910646910648
p074,1,10,0.0795,0.247,19,43,0.0,0.02,75.75160325160324
p074,1,11,0.075,0.231,20,43,0.0204081632653061,0.06,74.72092972092973
p074,1,12,0.083,0.262,19,43,0.0204081632653061,0.04,69.18396418396418
p074,1,13,0.07,0.24,18,44,0.0612244897959183,0.14,59.36133936133936
p074,1,14,0.0725,0.2325,19,39,0.0,0.02,73.74151624151624
p074,1,15,0.07,0.2115,18,39,0.0612244897959183,0.14,55.80393580393581
p074,1,16,0.0795,0.2715,19,44,0.0408163265306122,0.06,66.11559361559362
p074,1,17,0.061,0.191,20,33,0.2857142857142857,0.04,55.820105820105816
p074,1,18,0.07,0.2405,21,39,0.0816326530612244,0.12,59.51478951478953
p074,1,19,0.0745,0.256,18,42,0.0612244897959183,0.1,57.82791032791033
p074,1,20,0.0675,0.246,20,39,0.0816326530612244,0.08,60.88222838222839
p074,1,21,0.066,0.207,22,44,0.0408163265306122,0.06,82.92919292919294
p074,1,22,0.0695,0.2205,18,41,0.0612244897959183,0.0,70.54914804914803
p074,1,23,0.0695,0.217,18,37,0.1632653061224489,0.08,48.84007634007634
p074,1,24,0.07,0.239,21,40,0.0612244897959183,0.1,65.17979517979518
p074,1,25,0.074,0.223,17,38,0.0408163265306122,0.08,57.97390797390798
p074,1,26,0.07,0.239,19,42,0.0,0.02,77.53225753225755
p074,1,27,0.073,0.258,19,43,0.1020408163265306,0.22,49.47854447854448
p074,1,28,0.074,0.2595,17,40,0.0408163265306122,0.0,64.2917642917643
p074,1,29,0.075,0.235,15,40,0.0204081632653061,0.08,59.09871409871411
p074,1,30,0.07,0.242,20,39,0.1020408163265306,0.14,52.75088275088274
p074,1,31,0.0695,0.2535,19,39,0.0612244897959183,0.1,57.80343530343532
p074,1,32,0.07,0.2135,18,42,0.0816326530612244,0.1,60.772640772640784
p074,1,33,0.07,0.2339999999999999,17,40,0.0612244897959183,0.1,56.156486156486174
p074,1,34,0.0725,0.226,17,42,0.0,0.0,75.32826782826781
p074,1,35,0.072,0.245,21,45,0.0204081632653061,0.06,78.97886897886897
p074,1,36,0.079,0.25,18,41,0.0612244897959183,0.08,57.92688292688294
p074,1,37,0.0705,0.2335,19,45,0.0408163265306122,0.02,77.04800954800956
p074,1,38,0.072,0.2455,19,38,0.0204081632653061,0.0,70.74811074811075
p074,1,39,0.075,0.2505,20,45,0.0816326530612244,0.12,62.63466763466764
p074,1,40,0.074,0.25,20,43,0.0612244897959183,0.14,60.88781088781089
p074,1,41,0.07,0.2725,20,41,0.0408163265306122,0.1,63.1084931084931
p074,1,42,0.072,0.2275,20,47,0.0408163265306122,0.06,78.53281853281854
p074,1,43,0.07,0.25,15,38,0.0612244897959183,0.18,42.202422202422206
p074,1,44,0.0745,0.241,22,41,0.0408163265306122,0.04,75.50767800767801
p074,1,45,0.0675,0.2319999999999999,18,40,0.0408163265306122,0.04,67.26938476938479
p074,1,46,0.0725,0.2445,24,48,0.0204081632653061,0.02,89.93958243958242
p074,1,47,0.066,0.2175,18,36,0.1020408163265306,0.08,53.1032131032131
p074,1,48,0.07,0.225,26,45,0.0204081632653061,0.04,88.07081807081806
p074,1,49,0.0705,0.2555,20,38,0.1224489795918367,0.24,43.91377641377642
p074,1,50,0.074,0.235,25,44,0.0408163265306122,0.06,80.6025806025806
p074,1,51,0.075,0.2339999999999999,19,43,0.0204081632653061,0.06,72.03967703967706
p074,2,0,0.0835,0.246,17,42,0.0816326530612244,0.1,51.92414942414943
p074,2,1,0.079,0.253,22,44,0.0204081632653061,0.04,79.46215446215446
p074,2,2,0.075,0.2495,20,48,0.0204081632653061,0.1,74.29357929357928
p074,2,3,0.074,0.2415,18,38,0.2244897959183673,0.14,41.04269104269105
p074,2,4,0.076,0.311,17,24,0.0,0.04,52.02631202631202
p074,2,5,0.075,0.2655,15,24,0.0204081632653061,0.0,55.76076076076075
p074,2,6,0.074,0.212,14,23,0.0,0.0,63.73516373516373
p074,2,7,0.074,0.2595,25,45,0.0408163265306122,0.1,75.72847572847573
p074,2,8,0.066,0.209,16,40,0.1020408163265306,0.18,45.06110506110506
p074,2,9,0.074,0.2185,18,38,0.1224489795918367,0.18,42.02224202224202
p074,2,10,0.0745,0.23,19,43,0.1020408163265306,0.14,55.62790812790812
p074,2,11,0.074,0.231,19,43,0.0204081632653061,0.08,70.72622072622073
p074,2,12,0.0735,0.2255,20,37,0.0204081632653061,0.0,73.491870991871
p074,2,13,0.07,0.2525,19,43,0.0,0.06,73.75925375925375
p074,2,14,0.071,0.244,20,44,0.0408163265306122,0.04,75.12496012496013
p074,2,15,0.07,0.238,19,43,0.0,0.02,78.91440891440891
p074,2,16,0.0785,0.245,19,38,0.0,0.0,71.63149413149414
p074,2,17,0.07,0.23,19,41,0.0408163265306122,0.06,68.6854986854987
p074,2,18,0.0725,0.236,21,42,0.0408163265306122,0.08,71.68176418176418
p074,2,19,0.07,0.259,23,39,0.1224489795918367,0.22,52.10738210738211
p074,2,20,0.071,0.2295,20,43,0.0612244897959183,0.06,71.06155606155608
p074,2,21,0.0705,0.2285,20,44,0.0816326530612244,0.08,68.32995082995083
p074,2,22,0.07,0.248,21,44,0.0,0.04,82.1055121055121
p074,2,23,0.066,0.2695,22,44,0.0204081632653061,0.08,77.2020372020372
p074,2,24,0.065,0.2135,17,35,0.1428571428571428,0.06,47.16865216865218
p074,2,25,0.061,0.1855,15,28,0.4489795918367347,0.1,40.74074074074074
p074,2,26,0.07,0.254,21,44,0.0816326530612244,0.12,64.57369457369458
p074,2,27,0.065,0.21,20,41,0.2040816326530612,0.1,58.65046365046366
p074,2,28,0.065,0.2315,17,39,0.2040816326530612,0.12,44.93949993949994
p074,2,29,0.0745,0.2675,19,42,0.0816326530612244,0.08,58.52861102861104
p074,2,30,0.075,0.2215,19,33,0.0408163265306122,0.02,63.07521807521808
p074,2,31,0.07,0.2265,18,46,0.0612244897959183,0.12,65.12864512864513
p074,2,32,0.0745,0.2465,21,43,0.0,0.02,81.75403425403427
p074,2,33,0.0675,0.2445,19,41,0.2040816326530612,0.1,52.22081972081972
p074,2,34,0.0785,0.242,22,45,0.0408163265306122,0.04,79.58340208340209
p074,2,35,0.074,0.219,19,39,0.1020408163265306,0.14,51.71985171985171
p074,2,36,0.069,0.2295,19,39,0.0,0.06,71.17144617144616
p074,2,37,0.0745,0.253,21,40,0.0,0.06,73.55352605352606
p074,2,38,0.0715,0.259,21,40,0.0204081632653061,0.0,76.84181434181433
p074,2,39,0.0725,0.241,21,45,0.0816326530612244,0.14,64.70995720995721
p074,2,40,0.081,0.262,16,37,0.1836734693877551,0.26,27.57631257631257
p074,2,41,0.075,0.2435,19,38,0.0612244897959183,0.1,56.21286121286122
p074,2,42,0.075,0.2485,19,40,0.0204081632653061,0.0,72.2976272976273
p074,2,43,0.0795,0.2505,25,48,0.0204081632653061,0.02,87.67231517231518
p074,2,44,0.07,0.252,20,32,0.0816326530612244,0.14,47.72057772057772
p074,2,45,0.0705,0.2675,23,43,0.0408163265306122,0.1,73.1969056969057
p074,2,46,0.0695,0.2345,16,34,0.1428571428571428,0.18,29.22100672100672
p074,2,47,0.079,0.2314999999999999,19,42,0.0204081632653061,0.02,73.75919875919877
p074,2,48,0.07,0.241,22,42,0.1020408163265306,0.12,63.310893310893306
p074,2,49,0.072,0.2299999999999999,20,43,0.0408163265306122,0.08,71.30251130251132
p074,2,50,0.074,0.246,19,42,0.1836734693877551,0.12,49.95324995324996
p074,2,51,0.07,0.2265,23,42,0.0,0.02,88.30731830731831
p074,2,52,0.071,0.253,20,40,0.0816326530612244,0.1,58.77839377839378
p074,2,53,0.066,0.2045,15,35,0.2244897959183673,0.28,34.139194139194146
p074,2,54,0.069,0.2175,19,39,0.1632653061224489,0.1,52.002277002277
p074,2,55,0.0695,0.236,19,42,0.0816326530612244,0.16,55.46483296483297
p074,2,56,0.084,0.2535,21,45,0.0204081632653061,0.02,78.97457897457898
p075,1,0,0.1655,0.387,20,38,0.0,0.0,47.98534798534798
p075,1,1,0.15,0.363,18,41,0.0204081632653061,0.0,45.689645689645694
p075,1,2,0.162,0.392,19,41,0.0204081632653061,0.0,47.06959706959706
p075,1,3,0.156,0.402,19,40,0.0612244897959183,0.1,31.766381766381773
p075,1,4,0.1525,0.335,22,45,0.0204081632653061,0.0,63.144463144463145
p075,1,5,0.1555,0.337,15,40,0.0612244897959183,0.0,37.48638748638749
p075,1,6,0.1475,0.3785,18,37,0.0408163265306122,0.06,31.623931623931625
p075,1,7,0.165,0.3415,19,41,0.0,0.0,52.603702603702594
p075,1,8,0.16,0.389,17,42,0.0408163265306122,0.06,35.65323565323566
p075,1,9,0.1595,0.359,24,45,0.0,0.02,63.652113652113655
p075,1,10,0.1689999999999999,0.398,18,43,0.0,0.04,45.929995929995926
p075,1,11,0.158,0.3895,19,39,0.0,0.04,43.18274318274317
p075,1,12,0.15,0.3615,17,37,0.0612244897959183,0.1,24.309474309474314
p075,1,13,0.148,0.35,20,42,0.0204081632653061,0.02,51.183051183051184
p075,1,14,0.1515,0.4065,21,47,0.0204081632653061,0.04,55.82010582010582
p075,1,15,0.156,0.3805,18,36,0.0408163265306122,0.02,34.04558404558404
p075,1,16,0.1655,0.396,21,45,0.0204081632653061,0.02,55.1078551078551
p075,1,17,0.146,0.394,21,44,0.0408163265306122,0.0,53.2967032967033
p075,1,18,0.159,0.3875,21,45,0.0204081632653061,0.0,56.95970695970697
p075,1,19,0.1555,0.39,16,36,0.0612244897959183,0.0,28.754578754578755
p075,1,20,0.164,0.4165,21,43,0.0408163265306122,0.06,46.45909645909646
p075,1,21,0.1495,0.3655,18,40,0.0204081632653061,0.0,44.15734415734416
p075,1,22,0.159,0.3995,18,43,0.0,0.0,49.63369963369964
p075,1,23,0.1645,0.379,21,40,0.0,0.02,51.07855107855107
p075,1,24,0.15,0.3985,17,43,0.0408163265306122,0.0,42.49084249084249
p075,1,25,0.1684999999999999,0.4225,21,40,0.0,0.0,52.93040293040294
p075,1,26,0.163,0.417,20,40,0.0,0.0,50.54945054945055
p075,1,27,0.1535,0.4135,18,43,0.0408163265306122,0.04,41.16809116809117
p075,1,28,0.1635,0.378,19,44,0.0,0.0,53.2967032967033
p075,1,29,0.171,0.4445,17,44,0.0,0.02,46.682946682946685
p075,1,30,0.149,0.3975,22,41,0.0612244897959183,0.06,43.894993894993895
p075,1,31,0.143,0.3795,19,46,0.0204081632653061,0.04,49.77614977614977
p075,1,32,0.167,0.4335,20,45,0.0408163265306122,0.04,48.494098494098495
p075,1,33,0.152,0.4315,15,38,0.0816326530612244,0.12,17.826617826617834
p075,1,34,0.1635,0.416,19,42,0.0408163265306122,0.08,38.563288563288566
p075,1,35,0.1679999999999999,0.4885,21,41,0.0,0.0,54.21245421245421
p075,1,36,0.176,0.4705,17,45,0.0,0.0,49.81684981684982
p075,1,37,0.167,0.3845,20,44,0.0204081632653061,0.0,53.2967032967033
p075,1,38,0.151,0.432,19,40,0.0612244897959183,0.06,35.47008547008548
p075,1,39,0.1695,0.4035,17,41,0.0,0.0,44.68864468864469
p075,1,40,0.156,0.4275,23,47,0.0408163265306122,0.0,61.90476190476191
p075,1,41,0.1775,0.444,20,43,0.0408163265306122,0.08,42.22629222629222
p075,1,42,0.1685,0.4215,27,45,0.0,0.04,60.3988603988604
p075,1,43,0.1745,0.409,23,46,0.0204081632653061,0.04,59.29995929995929
p075,1,44,0.1775,0.4025,21,43,0.0408163265306122,0.06,46.45909645909646
p075,2,0,0.1565,0.298,18,44,0.0204081632653061,0.02,54.1904541904542
p075,2,1,0.1485,0.319,19,37,0.0204081632653061,0.0,47.34679734679735
p075,2,2,0.1515,0.334,21,45,0.0,0.0,63.244563244563246
p075,2,3,0.1505,0.3429999999999999,21,43,0.0,0.0,59.77955977955978
p075,2,4,0.146,0.3185,20,39,0.0816326530612244,0.1,35.93978593978594
p075,2,5,0.143,0.3895,24,45,0.0,0.0,64.1025641025641
p075,2,6,0.143,0.3015,20,36,0.0,0.02,50.72655072655073
p075,2,7,0.1355,0.332,18,38,0.0,0.0,47.32754732754733
p075,2,8,0.1335,0.335,20,41,0.0204081632653061,0.0,53.37340087340087
p075,2,9,0.128,0.299,17,38,0.0,0.0,49.67846967846968
p075,2,10,0.1415,0.35,16,39,0.0204081632653061,0.0,39.66493966493967
p075,2,11,0.1415,0.377,22,43,0.0,0.0,59.15750915750916
p075,2,12,0.132,0.304,17,32,0.0204081632653061,0.0,40.71643071643072
p075,2,13,0.15,0.327,21,45,0.0,0.0,63.945263945263946
p075,2,14,0.1395,0.3465,24,44,0.0,0.04,61.76946176946177
p075,2,15,0.145,0.3305,19,39,0.0204081632653061,0.0,48.75974875974876
p075,2,16,0.1495,0.322,19,41,0.0408163265306122,0.02,47.941897941897935
p075,2,17,0.148,0.347,21,44,0.0204081632653061,0.02,56.428406428406426
p075,2,18,0.145,0.3375,20,44,0.0,0.02,57.37935737935737
p075,2,19,0.145,0.335,21,39,0.0204081632653061,0.02,51.21935121935122
p075,2,20,0.1315,0.312,21,44,0.0408163265306122,0.0,59.9980474980475
p075,2,21,0.128,0.347,21,39,0.1020408163265306,0.0,43.77476377476378
p075,2,22,0.1355,0.3265,18,38,0.0408163265306122,0.04,39.41248941248941
p075,2,23,0.1575,0.312,18,36,0.0612244897959183,0.08,32.21518221518222
p075,2,24,0.152,0.3405,19,41,0.0,0.02,50.851950851950846
p075,2,25,0.144,0.3435,23,46,0.0,0.02,66.48571648571648
p075,2,26,0.1375,0.2865,20,41,0.0204081632653061,0.0,58.10920810920811
p075,2,27,0.1495,0.3465,19,39,0.0,0.0,49.53909953909954
p075,2,28,0.143,0.2945,18,39,0.0204081632653061,0.04,46.27869627869628
p075,2,29,0.139,0.3235,22,41,0.0204081632653061,0.02,57.31555731555732
p075,2,30,0.136,0.339,22,42,0.0204081632653061,0.0,58.8979088979089
p075,2,31,0.1405,0.3005,23,49,0.0,0.0,73.92392392392392
p075,2,32,0.14,0.2935,19,40,0.0,0.0,56.12645612645613
p075,2,33,0.144,0.31,19,42,0.0204081632653061,0.04,50.95425095425096
p075,2,34,0.1385,0.3195,26,47,0.0204081632653061,0.02,67.7892177892178
p075,2,35,0.136,0.3365,18,33,0.0,0.0,41.748891748891744
p075,2,36,0.153,0.321,23,41,0.0,0.02,62.32771232771233
p075,2,37,0.1455,0.3145,19,42,0.0204081632653061,0.0,54.2075042075042
p075,2,38,0.1335,0.35,21,44,0.0612244897959183,0.08,45.92969342969344
p075,2,39,0.1435,0.35,20,46,0.0204081632653061,0.0,58.16310816310817
p075,2,40,0.139,0.301,20,45,0.0408163265306122,0.0,59.4050094050094
p075,2,41,0.146,0.3155,22,43,0.0204081632653061,0.0,62.53231253231253
p075,2,42,0.1385,0.309,20,41,0.0612244897959183,0.06,45.53949553949556
p075,2,43,0.143,0.3225,17,36,0.1020408163265306,0.14,18.465718465718457
p075,2,44,0.1475,0.374,22,40,0.0612244897959183,0.04,44.46479446479447
p075,2,45,0.149,0.3285,21,43,0.0204081632653061,0.06,53.29450329450329
p075,2,46,0.1505,0.346,19,38,0.0612244897959183,0.08,33.756833756833764
p075,2,47,0.1495,0.298,16,29,0.0,0.0,40.84084084084083
p076,1,0,0.111,0.255,18,37,0.0204081632653061,0.08,49.44103444103444
p076,1,1,0.087,0.21,15,32,0.3265306122448979,0.34,27.50679250679251
p076,1,2,0.1025,0.243,19,39,0.0,0.02,65.54760804760805
p076,1,3,0.096,0.246,22,45,0.0204081632653061,0.04,77.39728739728739
p076,1,4,0.0835,0.2285,10,25,0.3469387755102041,0.42,26.48827398827399
p076,1,5,0.103,0.2215,19,42,0.0408163265306122,0.0,68.51681351681351
p076,1,6,0.096,0.242,22,45,0.0204081632653061,0.04,77.7976877976878
p076,1,7,0.1025,0.227,17,47,0.0204081632653061,0.0,72.11461461461462
p076,1,8,0.096,0.2275,21,45,0.0204081632653061,0.0,80.57189057189058
p076,1,9,0.104,0.2334999999999999,18,42,0.0204081632653061,0.08,59.67010967010969
p076,1,10,0.0975,0.2309999999999999,19,35,0.2244897959183673,0.24,31.32959882959884
p076,1,11,0.111,0.246,20,41,0.0204081632653061,0.04,63.93574893574893
p076,1,12,0.105,0.2465,19,45,0.0,0.0,74.14617914617914
p076,1,13,0.0975,0.2339999999999999,18,38,0.0,0.0,65.82783332783333
p076,1,14,0.1169999999999999,0.259,20,39,0.0,0.02,62.8745778745779
p076,1,15,0.112,0.2675,19,44,0.0204081632653061,0.0,66.7144067144067
p076,1,16,0.105,0.268,22,39,0.0204081632653061,0.02,67.21177221177221
p076,1,17,0.1045,0.2535,15,41,0.0204081632653061,0.0,58.91251141251141
p076,1,18,0.1125,0.24,18,40,0.0408163265306122,0.0,59.458001958001965
p076,1,19,0.1015,0.2225,20,44,0.0204081632653061,0.0,76.09986359986361
p076,1,20,0.1055,0.235,19,43,0.0612244897959183,0.0,65.47132297132298
p076,1,21,0.112,0.247,18,39,0.0204081632653061,0.0,59.97524997524997
p076,1,22,0.1025,0.223,21,48,0.0408163265306122,0.04,75.95416845416845
p076,1,23,0.1125,0.234,17,38,0.0,0.0,59.875452375452376
p076,1,24,0.1025,0.2345,19,47,0.0204081632653061,0.08,68.71836121836122
p076,1,25,0.0965,0.26,17,41,0.0408163265306122,0.0,60.166622666622665
p076,1,26,0.1135,0.2395,18,43,0.0204081632653061,0.06,59.94150744150744
p076,1,27,0.1115,0.2475,21,45,0.0204081632653061,0.06,69.32385682385681
p076,1,28,0.104,0.259,18,39,0.0408163265306122,0.08,50.89045089045089
p076,1,29,0.106,0.2485,17,40,0.0204081632653061,0.0,60.15477015477016
p076,1,30,0.07,0.2015,15,26,0.3469387755102041,0.36,31.9047619047619
p076,1,31,0.109,0.236,18,43,0.0,0.02,67.44794244794245
p076,1,32,0.1055,0.2535,21,45,0.0,0.0,78.0883355883356
p076,1,33,0.112,0.247,18,42,0.0204081632653061,0.0,63.82140382140383
p076,1,34,0.103,0.2395,21,45,0.0816326530612244,0.08,63.15375815375816
p076,1,35,0.121,0.272,21,43,0.0204081632653061,0.0,67.6009526009526
p076,1,36,0.121,0.2565,18,42,0.0,0.0,63.1085481085481
p076,1,37,0.1215,0.301,20,40,0.0,0.0,60.73284823284824
p076,1,38,0.105,0.25,18,45,0.0204081632653061,0.02,67.18207218207219
p076,1,39,0.112,0.246,20,44,0.0,0.0,73.62846362846363
p076,1,40,0.1025,0.2535,19,42,0.0204081632653061,0.0,67.81361031361031
p076,1,41,0.1105,0.2275,18,39,0.0,0.0,64.66529716529718
p076,1,42,0.1015,0.24,20,44,0.0816326530612244,0.0,67.20525470525472
p076,1,43,0.1045,0.233,21,40,0.1224489795918367,0.12,48.57140107140108
p076,1,44,0.1035,0.261,27,46,0.0,0.04,80.15402765402766
p076,1,45,0.1105,0.2965,25,48,0.0204081632653061,0.04,73.83490633490632
p076,1,46,0.114,0.2595,21,45,0.0204081632653061,0.02,71.23112123112124
p076,2,0,0.114,0.2465,20,45,0.0408163265306122,0.04,65.91866591866592
p076,2,1,0.101,0.271,20,42,0.1020408163265306,0.12,48.16503316503316
p076,2,2,0.1205,0.2665,21,47,0.0,0.02,73.92785642785643
p076,2,3,0.1115,0.262,21,43,0.0,0.0,73.24481074481074
p076,2,4,0.114,0.2495,20,41,0.0,0.02,67.10391710391711
p076,2,5,0.1135,0.271,24,43,0.0,0.02,74.77777227777229
p076,2,6,0.105,0.243,20,40,0.0,0.0,70.46722546722548
p076,2,7,0.114,0.24,18,37,0.0,0.0,60.01661001661001
p076,2,8,0.1105,0.2665,21,37,0.0204081632653061,0.02,61.10734360734361
p076,2,9,0.1055,0.241,16,38,0.0,0.0,58.46046596046596
p076,2,10,0.106,0.2495,18,40,0.0408163265306122,0.04,56.35096635096635
p076,2,11,0.114,0.252,20,43,0.0,0.02,69.4177694177694
p076,2,12,0.114,0.261,19,38,0.0204081632653061,0.0,59.1965591965592
p076,2,13,0.122,0.261,19,43,0.0,0.0,66.08300608300608
p076,2,14,0.118,0.2665,21,43,0.0,0.0,71.24674124674124
p076,2,15,0.112,0.265,20,45,0.0204081632653061,0.0,70.62766062766063
p076,2,16,0.106,0.2505,21,46,0.0408163265306122,0.0,74.7897347897348
p076,2,17,0.094,0.2385,21,46,0.0204081632653061,0.04,77.52532752532751
p076,2,18,0.1,0.2545,19,45,0.0204081632653061,0.0,72.15490215490216
p076,2,19,0.105,0.244,20,38,0.0612244897959183,0.06,55.10461010461011
p076,2,20,0.105,0.239,21,45,0.0204081632653061,0.04,73.57417857417856
p076,2,21,0.095,0.241,19,36,0.1224489795918367,0.04,47.54980254980254
p076,2,22,0.104,0.2615,21,40,0.0612244897959183,0.02,62.23971223971224
p076,2,23,0.113,0.2625,17,32,0.0408163265306122,0.0,47.01344201344201
p076,2,24,0.1125,0.2745,22,47,0.0,0.04,75.56091806091806
p076,2,25,0.1035,0.2325,18,40,0.0204081632653061,0.04,61.02885852885853
p076,2,26,0.113,0.2585,21,43,0.0,0.0,73.23801823801824
p076,2,27,0.1305,0.2685,19,40,0.0204081632653061,0.0,57.081339581339584
p076,2,28,0.1145,0.2645,20,42,0.0,0.0,68.61727111727113
p076,2,29,0.121,0.262,23,43,0.0408163265306122,0.08,63.57549857549858
p076,2,30,0.1,0.2345,14,24,0.2653061224489796,0.28,21.95910195910196
p076,2,31,0.1035,0.251,21,38,0.0408163265306122,0.0,65.07851257851259
p076,2,32,0.112,0.2595,24,47,0.0,0.0,83.26612326612327
p076,2,33,0.105,0.2535,20,43,0.0,0.02,71.41047641047642
p076,2,34,0.1035,0.242,21,43,0.0,0.04,73.44787094787095
p076,2,35,0.105,0.2655,23,42,0.0408163265306122,0.02,71.30817630817631
p076,2,36,0.113,0.246,22,40,0.0204081632653061,0.04,66.93941193941194
p076,2,37,0.1055,0.2445,20,37,0.0,0.0,66.35187385187386
p076,2,38,0.124,0.2665,17,39,0.0204081632653061,0.0,52.78520278520279
p076,2,39,0.1165,0.242,17,43,0.0204081632653061,0.0,62.151574651574656
p076,2,40,0.1075,0.2695,21,44,0.0204081632653061,0.04,68.64383614383615
p076,2,41,0.1135,0.2535,17,38,0.0612244897959183,0.0,50.54254804254805
p076,2,42,0.111,0.2575,22,42,0.0204081632653061,0.04,68.82855382855384
p076,2,43,0.087,0.229,19,34,0.2857142857142857,0.28,32.747747747747745
p076,2,44,0.1115,0.2485,21,45,0.0612244897959183,0.04,66.31370381370382
p076,2,45,0.112,0.239,17,40,0.0204081632653061,0.0,59.677149677149686
p076,2,46,0.1159999999999999,0.2435,20,43,0.0816326530612244,0.08,54.713064713064746
p076,2,47,0.1159999999999999,0.26,22,42,0.0204081632653061,0.0,71.09153109153112
p077,1,0,0.071,0.235,20,38,0.0204081632653061,0.04,70.71450571450573
p077,1,1,0.072,0.2625,16,44,0.0612244897959183,0.1,55.574695574695575
p077,1,2,0.071,0.259,17,40,0.0408163265306122,0.06,59.500544500544514
p077,1,3,0.072,0.2875,24,44,0.0408163265306122,0.12,70.26796026796026
p077,1,4,0.094,0.2235,21,43,0.0612244897959183,0.04,70.41877041877042
p077,1,5,0.072,0.295,21,48,0.0408163265306122,0.1,70.45331045331046
p077,1,6,0.0844999999999999,0.2395,16,41,0.0408163265306122,0.12,51.58375408375412
p077,1,7,0.094,0.3,17,36,0.0408163265306122,0.1,41.088341088341096
p077,1,8,0.072,0.255,20,39,0.0,0.02,73.98926398926399
p077,1,9,0.072,0.2625,16,40,0.0,0.0,66.84860684860685
p077,1,10,0.072,0.2515,22,44,0.0612244897959183,0.08,72.81336281336282
p077,1,11,0.0725,0.2665,18,39,0.0408163265306122,0.08,57.63970013970013
p077,1,12,0.0725,0.2645,20,43,0.0,0.06,74.34376684376684
p077,1,13,0.095,0.263,17,35,0.0,0.0,57.29306229306229
p077,1,14,0.072,0.2635,21,45,0.0204081632653061,0.12,71.57146157146157
p077,1,15,0.0804999999999999,0.254,16,41,0.0816326530612244,0.14,44.470926970927
p077,1,16,0.095,0.2835,21,44,0.0816326530612244,0.14,53.81650881650882
p077,1,17,0.0905,0.2585,19,43,0.0408163265306122,0.02,67.21949971949972
p077,1,18,0.072,0.2355,15,35,0.1632653061224489,0.26,29.80771980771981
p077,1,19,0.073,0.311,18,34,0.1428571428571428,0.24,25.49192049192049
p077,1,20,0.094,0.248,19,45,0.0612244897959183,0.08,62.06481206481207
p077,1,21,0.087,0.255,21,42,0.0816326530612244,0.1,59.71372471372472
p077,1,22,0.0715,0.2635,18,40,0.0816326530612244,0.1,52.84639034639036
p077,1,23,0.072,0.233,20,43,0.0204081632653061,0.02,78.93871893871894
p077,1,24,0.087,0.24,20,43,0.0204081632653061,0.02,74.66658966658967
p077,1,25,0.095,0.2825,17,41,0.0,0.0,63.03341803341804
p077,1,26,0.072,0.31,20,47,0.0204081632653061,0.1,68.95180895180894
p077,1,27,0.072,0.2515,18,43,0.0408163265306122,0.1,62.53660253660254
p077,1,28,0.094,0.239,16,38,0.0612244897959183,0.08,46.84849684849687
p077,1,29,0.094,0.3065,23,45,0.0,0.08,72.87562287562288
p077,1,30,0.0945,0.307,20,40,0.0204081632653061,0.06,58.62431112431113
p077,1,31,0.094,0.2625,19,42,0.0204081632653061,0.02,67.08466708466709
p077,1,32,0.072,0.312,19,44,0.0,0.02,72.31286231286231
p077,1,33,0.072,0.2754999999999999,18,45,0.0,0.04,73.01576301576303
p077,1,34,0.094,0.279,22,44,0.0408163265306122,0.1,65.35161535161535
p077,1,35,0.088,0.2395,16,41,0.0204081632653061,0.0,64.24248424248425
p077,1,36,0.072,0.24,20,46,0.0408163265306122,0.04,77.85136785136785
p077,1,37,0.094,0.2465,18,43,0.0408163265306122,0.04,63.35456335456335
p077,1,38,0.072,0.239,17,39,0.0816326530612244,0.14,47.81308781308781
p077,1,39,0.094,0.2545,22,45,0.0408163265306122,0.12,67.23426723426724
p077,1,40,0.094,0.255,20,44,0.0816326530612244,0.14,54.52650452650453
p077,1,41,0.0865,0.283,16,34,0.0204081632653061,0.06,45.71535821535823
p077,1,42,0.071,0.263,20,39,0.1224489795918367,0.16,46.17788117788118
p077,1,43,0.072,0.24,20,41,0.0408163265306122,0.04,71.44111144111145
p077,1,44,0.095,0.216,17,41,0.0204081632653061,0.04,63.605418605418606
p077,1,45,0.0715,0.287,24,46,0.1224489795918367,0.12,63.47735097735099
p077,1,46,0.094,0.237,18,34,0.0612244897959183,0.08,46.68239668239669
p077,1,47,0.0849999999999999,0.2465,26,47,0.0204081632653061,0.04,84.91133991133994
p077,1,48,0.0725,0.2555,20,40,0.0612244897959183,0.1,60.55195305195306
p077,1,49,0.0905,0.2395,20,46,0.0612244897959183,0.18,58.152740652740654
p077,1,50,0.0799999999999999,0.2785,20,41,0.0204081632653061,0.02,69.91529991529994
p077,2,0,0.071,0.2675,16,43,0.0816326530612244,0.16,46.0937310937311
p077,2,1,0.0935,0.2635,21,45,0.0204081632653061,0.04,73.85982135982137
p077,2,2,0.072,0.253,18,46,0.0204081632653061,0.08,70.46541046541047
p077,2,3,0.0935,0.2635,21,45,0.0204081632653061,0.08,70.15611765611767
p077,2,4,0.0935,0.239,23,42,0.0,0.02,81.46082896082898
p077,2,5,0.0725,0.271,22,43,0.0,0.06,78.45502095502094
p077,2,6,0.094,0.272,20,42,0.0204081632653061,0.1,61.10726110726111
p077,2,7,0.094,0.267,20,40,0.0408163265306122,0.06,60.36641036641037
p077,2,8,0.095,0.2405,19,38,0.0,0.0,68.15337315337315
p077,2,9,0.095,0.2345,22,44,0.0612244897959183,0.1,67.1870221870222
p077,2,10,0.095,0.263,16,40,0.0816326530612244,0.16,36.98374198374199
p077,2,11,0.0789999999999999,0.263,21,47,0.0,0.08,78.60360360360363
p077,2,12,0.0794999999999999,0.307,18,47,0.0,0.06,68.7891462891463
p077,2,13,0.0885,0.2545,23,40,0.0612244897959183,0.14,60.2816827816828
p077,2,14,0.094,0.254,18,36,0.1020408163265306,0.14,37.22733722733722
p077,2,15,0.094,0.2585,19,44,0.0204081632653061,0.04,68.19731819731818
p077,2,16,0.072,0.2515,22,45,0.0408163265306122,0.08,76.47636647636647
p077,2,17,0.094,0.263,22,48,0.0204081632653061,0.06,76.88402688402688
p077,2,18,0.0905,0.2555,21,45,0.1020408163265306,0.08,62.14739464739464
p077,2,19,0.094,0.2385,18,43,0.0408163265306122,0.1,58.5998085998086
p077,2,20,0.071,0.2915,16,35,0.1224489795918367,0.26,26.82116182116182
p077,2,21,0.072,0.2715,21,45,0.0204081632653061,0.02,80.02992002992004
p077,2,22,0.095,0.255,19,41,0.0408163265306122,0.06,60.23061523061523
p077,2,23,0.0715,0.2875,22,45,0.0,0.0,85.16112266112266
p077,2,24,0.0725,0.24,18,37,0.1428571428571428,0.08,45.82348832348831
p077,2,25,0.0725,0.335,22,43,0.0408163265306122,0.1,63.58300608300609
p077,2,26,0.095,0.2705,18,31,0.0612244897959183,0.02,48.646503646503646
p077,2,27,0.086,0.251,18,43,0.0408163265306122,0.14,55.54961554961556
p077,2,28,0.087,0.2395,18,40,0.0612244897959183,0.1,53.93926893926895
p077,2,29,0.072,0.3025,20,46,0.0612244897959183,0.16,58.10304810304811
p077,2,30,0.091,0.283,21,43,0.1224489795918367,0.24,45.07128007128008
p077,2,31,0.0945,0.263,23,46,0.0204081632653061,0.04,79.71573221573222
p077,2,32,0.095,0.271,19,43,0.0408163265306122,0.1,57.48941248941248
p077,2,33,0.094,0.262,17,39,0.0,0.0,62.75946275946276
p077,2,34,0.0905,0.311,22,43,0.0408163265306122,0.04,67.25524975524975
p077,2,35,0.0865,0.2385,20,39,0.0816326530612244,0.1,55.25731775731777
p077,2,36,0.094,0.2475,24,48,0.0,0.02,86.90118690118692
p077,2,37,0.071,0.279,19,45,0.0,0.06,73.43260843260843
p077,2,38,0.0794999999999999,0.263,23,43,0.1020408163265306,0.18,56.95423445423448
p077,2,39,0.094,0.264,20,44,0.0204081632653061,0.06,68.17586817586819
p077,2,40,0.0945,0.239,24,42,0.0204081632653061,0.02,78.84178134178136
p077,2,41,0.094,0.2395,19,33,0.0,0.02,61.51151151151151
p077,2,42,0.0794999999999999,0.2625,23,41,0.0204081632653061,0.1,71.37139887139888
p077,2,43,0.0865,0.238,19,42,0.0408163265306122,0.08,63.38632588632589
p077,2,44,0.0875,0.2635,19,47,0.0204081632653061,0.06,71.23873873873875
p077,2,45,0.0799999999999999,0.2955,24,47,0.0408163265306122,0.08,75.11225511225514
p077,2,46,0.072,0.2625,17,41,0.1224489795918367,0.1,46.96663696663697
p077,2,47,0.095,0.263,23,41,0.0,0.04,75.56738056738057
p077,2,48,0.094,0.2545,19,41,0.0408163265306122,0.04,62.37061237061238
p077,2,49,0.0829999999999999,0.223,20,41,0.0408163265306122,0.02,72.37561737561741
p077,2,50,0.0715,0.214,17,40,0.0816326530612244,0.1,55.420392920392935
p077,2,51,0.072,0.263,21,48,0.0204081632653061,0.04,81.5930215930216
p077,2,52,0.072,0.263,21,42,0.1224489795918367,0.22,50.31504031504032
p077,2,53,0.0799999999999999,0.2315,20,39,0.0,0.0,76.28870628870631
p078,1,0,0.1045,0.2845,21,39,0.1632653061224489,0.06,45.30879780879781
p078,1,1,0.105,0.202,15,37,0.0204081632653061,0.0,58.369963369963365
p078,1,2,0.105,0.24,18,41,0.1020408163265306,0.16,40.568095568095565
p078,1,3,0.105,0.217,20,42,0.0204081632653061,0.02,71.4011264011264
p078,1,4,0.09,0.195,16,34,0.2244897959183673,0.26,27.142857142857142
p078,1,5,0.105,0.21,20,43,0.0816326530612244,0.08,60.685465685465694
p078,1,6,0.1045,0.202,20,45,0.1020408163265306,0.08,61.33801383801384
p078,1,7,0.1045,0.224,17,42,0.0204081632653061,0.02,63.676616176616186
p078,1,8,0.09,0.21,21,45,0.0816326530612244,0.12,65.49824549824551
p078,1,9,0.104,0.224,17,40,0.0816326530612244,0.12,44.82944482944484
p078,1,10,0.104,0.209,17,42,0.0,0.04,65.82626582626582
p078,1,11,0.09,0.209,22,45,0.0408163265306122,0.06,78.2967582967583
p078,1,12,0.097,0.194,18,40,0.0,0.0,71.26373626373626
p078,1,13,0.089,0.194,18,35,0.1224489795918367,0.18,35.8058608058608
p078,1,14,0.0895,0.195,16,36,0.1224489795918367,0.2,32.206959706959715
p078,1,15,0.105,0.224,18,38,0.0408163265306122,0.08,52.87380787380787
p078,1,16,0.104,0.224,18,41,0.0204081632653061,0.0,66.74641674641674
p078,1,17,0.104,0.21,21,42,0.0408163265306122,0.08,66.78436678436678
p078,1,18,0.104,0.1955,18,39,0.1224489795918367,0.12,42.91819291819292
p078,1,19,0.104,0.239,17,41,0.0816326530612244,0.16,40.90629090629091
p078,1,20,0.104,0.2165,18,37,0.1428571428571428,0.14,35.12028512028512
p078,1,21,0.089,0.194,18,38,0.1428571428571428,0.16,39.122914122914125
p078,1,22,0.1129999999999999,0.217,21,41,0.0204081632653061,0.02,70.59526559526563
p078,1,23,0.089,0.209,15,35,0.2244897959183673,0.24,28.41275341275341
p078,1,24,0.1119999999999999,0.209,18,36,0.1224489795918367,0.1,38.76887876887879
p078,1,25,0.119,0.224,21,42,0.1224489795918367,0.1,50.43587543587544
p078,1,26,0.107,0.209,19,42,0.0204081632653061,0.04,67.4929324929325
p078,1,27,0.119,0.2319999999999999,20,44,0.0,0.0,73.36319836319838
p078,1,28,0.12,0.239,16,35,0.0612244897959183,0.12,33.10816310816312
p078,1,29,0.1045,0.2095,15,42,0.1224489795918367,0.12,41.58309408309409
p078,1,30,0.12,0.225,20,41,0.0,0.0,69.97964997964998
p078,1,31,0.105,0.217,20,38,0.0816326530612244,0.1,51.72265672265673
p078,1,32,0.12,0.2319999999999999,19,41,0.0408163265306122,0.08,54.72868472868473
p078,1,33,0.1045,0.224,17,40,0.0816326530612244,0.06,50.26595276595277
p078,1,34,0.12,0.224,17,42,0.0,0.0,64.21894421894423
p078,1,35,0.105,0.224,18,41,0.1020408163265306,0.14,44.02154902154901
p078,1,36,0.104,0.224,20,45,0.0204081632653061,0.08,69.22911922911923
p078,1,37,0.104,0.209,16,41,0.1224489795918367,0.16,36.76643676643677
p078,1,38,0.089,0.209,17,38,0.1428571428571428,0.2,34.639859639859644
p078,1,39,0.0965,0.1945,19,42,0.0,0.04,72.62413512413512
p078,1,40,0.1114999999999999,0.209,17,42,0.0816326530612244,0.14,45.25748275748279
p078,1,41,0.1119999999999999,0.209,21,43,0.0408163265306122,0.06,68.11360811360814
p078,1,42,0.104,0.224,17,40,0.1020408163265306,0.18,36.89293689293689
p078,1,43,0.104,0.217,18,39,0.1020408163265306,0.12,44.24809424809424
p078,1,44,0.119,0.225,19,43,0.0204081632653061,0.0,68.01994301994301
p078,1,45,0.105,0.195,20,41,0.0408163265306122,0.04,66.93732193732194
p078,1,46,0.09,0.18,18,43,0.0408163265306122,0.06,66.45909645909646
p078,1,47,0.09,0.202,23,47,0.0612244897959183,0.06,81.11111111111113
p078,1,48,0.097,0.1875,18,38,0.0204081632653061,0.0,66.31868131868133
p078,1,49,0.104,0.2245,24,43,0.1224489795918367,0.16,54.44565444565444
p078,1,50,0.089,0.179,21,36,0.1020408163265306,0.12,52.16727716727716
p078,1,51,0.089,0.209,21,39,0.0816326530612244,0.1,59.995984995985005
p078,1,52,0.104,0.2165,19,41,0.0408163265306122,0.06,61.94161194161194
p078,2,0,0.104,0.224,18,45,0.0204081632653061,0.04,68.17091817091816
p078,2,1,0.097,0.2319999999999999,21,43,0.0612244897959183,0.16,57.74252274252276
p078,2,2,0.09,0.21,17,41,0.0816326530612244,0.14,48.994378994379
p078,2,3,0.119,0.2395,20,45,0.0612244897959183,0.08,59.34423434423434
p078,2,4,0.1195,0.224,23,45,0.0,0.0,82.46985996985998
p078,2,5,0.105,0.2319999999999999,19,40,0.0816326530612244,0.14,46.70060170060172
p078,2,6,0.09,0.2245,23,42,0.1020408163265306,0.2,57.026037026037024
p078,2,7,0.119,0.224,18,42,0.0408163265306122,0.12,50.96497596497597
p078,2,8,0.119,0.223,17,40,0.0,0.0,61.993036993037
p078,2,9,0.105,0.2095,21,40,0.0,0.04,72.49782749782749
p078,2,10,0.104,0.2095,20,41,0.0408163265306122,0.08,63.17141317141317
p078,2,11,0.119,0.239,19,47,0.0,0.0,74.12769912769913
p078,2,12,0.1114999999999999,0.224,17,43,0.1020408163265306,0.12,44.50893200893202
p078,2,13,0.12,0.2324999999999999,24,44,0.0,0.02,78.36605836605838
p078,2,14,0.119,0.224,17,36,0.0816326530612244,0.08,39.83351483351484
p078,2,15,0.104,0.224,17,40,0.0816326530612244,0.12,44.82944482944484
p078,2,16,0.1119999999999999,0.217,19,42,0.0816326530612244,0.12,50.95139095139098
p078,2,17,0.119,0.225,22,47,0.0408163265306122,0.06,72.35449735449737
p078,2,18,0.134,0.209,20,43,0.0204081632653061,0.0,68.43106843106843
p078,2,19,0.104,0.209,21,42,0.0612244897959183,0.1,62.65166265166266
p078,2,20,0.104,0.209,21,48,0.0612244897959183,0.08,70.91377091377093
p078,2,21,0.09,0.195,16,37,0.1632653061224489,0.24,30.98901098901099
p078,2,22,0.105,0.2245,19,36,0.0816326530612244,0.14,42.323147323147325
p078,2,23,0.104,0.2165,20,44,0.0816326530612244,0.1,59.70310970310971
p078,2,24,0.104,0.224,22,46,0.0612244897959183,0.06,72.36302236302237
p078,2,25,0.105,0.21,20,40,0.0816326530612244,0.0,64.24671924671925
p078,2,26,0.119,0.209,18,35,0.0408163265306122,0.02,52.75137775137776
p078,2,27,0.104,0.194,19,43,0.0408163265306122,0.08,63.65486365486367
p078,2,28,0.104,0.209,17,37,0.1428571428571428,0.18,29.786379786379797
p078,2,29,0.105,0.2245,23,47,0.0,0.02,86.58444158444159
p078,2,30,0.105,0.2095,19,41,0.0,0.0,72.72167772167772
p078,2,31,0.119,0.224,20,40,0.0816326530612244,0.12,48.400873400873415
p078,2,32,0.119,0.2015,18,37,0.0,0.02,60.32763532763533
p078,2,33,0.1195,0.211,20,39,0.1428571428571428,0.2,35.60266310266311
p078,2,34,0.097,0.217,13,30,0.2448979591836734,0.34,24.425139425139424
p078,2,35,0.119,0.224,22,43,0.0,0.02,75.79200079200079
p078,2,36,0.1265,0.239,23,43,0.0816326530612244,0.1,57.95452045452046
p078,2,37,0.1119999999999999,0.2165,21,47,0.0,0.02,80.95667095667099
p078,2,38,0.119,0.239,21,44,0.0204081632653061,0.06,67.10694210694211
p078,2,39,0.119,0.2245,22,44,0.0408163265306122,0.06,68.55839355839356
p078,2,40,0.104,0.2314999999999999,24,45,0.1224489795918367,0.14,58.16090816090817
p078,2,41,0.119,0.2395,18,33,0.0,0.0,55.03003003003004
p078,2,42,0.119,0.2245,21,37,0.0408163265306122,0.06,57.20308220308221
p078,2,43,0.12,0.2245,20,43,0.0204081632653061,0.0,70.21285021285021
p078,2,44,0.09,0.225,19,43,0.0612244897959183,0.12,59.05168905168906
p078,2,45,0.104,0.225,19,33,0.2040816326530612,0.24,29.100529100529105
p078,2,46,0.119,0.224,20,44,0.0408163265306122,0.02,67.55024255024256
p078,2,47,0.1129999999999999,0.224,18,38,0.0816326530612244,0.08,46.207141207141234
p078,2,48,0.1045,0.209,20,40,0.0816326530612244,0.1,55.20660770660771
p078,2,49,0.104,0.209,19,33,0.1836734693877551,0.2,30.702130702130702
p078,2,50,0.104,0.224,18,38,0.0816326530612244,0.1,46.4981464981465
p078,2,51,0.104,0.224,21,45,0.0612244897959183,0.06,68.70001870001872
p078,2,52,0.119,0.209,20,43,0.0204081632653061,0.0,72.00249700249701
p078,2,53,0.104,0.2165,19,42,0.0612244897959183,0.1,57.13900713900714
p078,2,54,0.119,0.217,19,37,0.0612244897959183,0.1,47.10727210727212
p079,1,0,0.005,0.163,11,16,0.5102040816326531,0.52,33.333333333333336
p079,1,1,0.044,0.194,15,24,0.5510204081632653,0.32,33.333333333333336
p079,1,2,0.07,0.283,17,30,0.3061224489795918,0.34,26.62805662805663
p079,1,3,0.07,0.284,19,47,0.0204081632653061,0.04,75.20520520520522
p079,1,4,0.071,0.2875,18,42,0.0816326530612244,0.08,54.97898997898999
p079,1,5,0.0635,0.3125,21,36,0.0,0.0,70.52492052492053
p079,1,6,0.064,0.3075,22,44,0.0408163265306122,0.0,78.90087890087891
p079,1,7,0.071,0.3115,17,42,0.0408163265306122,0.06,56.809391809391805
p079,1,8,0.064,0.3275,19,45,0.1224489795918367,0.1,52.25500225500224
p079,1,9,0.063,0.259,20,38,0.2040816326530612,0.02,57.54490754490754
p079,1,10,0.0625,0.212,13,23,0.5714285714285714,0.24,32.78278278278278
p079,1,11,0.063,0.275,18,41,0.0,0.0,73.54607354607354
p079,1,12,0.063,0.3065,23,45,0.0,0.02,85.57403557403556
p079,1,13,0.0665,0.291,20,44,0.0204081632653061,0.04,73.87263637263638
p079,1,14,0.071,0.315,19,47,0.0204081632653061,0.04,71.86400686400687
p079,1,15,0.063,0.325,19,39,0.0,0.04,64.65421465421466
p079,1,16,0.071,0.2825,19,36,0.1020408163265306,0.12,44.08347908347909
p079,1,17,0.063,0.271,18,43,0.0204081632653061,0.0,74.12962412962412
p079,1,18,0.063,0.291,21,41,0.0408163265306122,0.0,74.32542432542432
p079,1,19,0.063,0.271,17,41,0.0204081632653061,0.0,69.1845691845692
p079,1,20,0.063,0.319,18,38,0.0408163265306122,0.0,60.533610533610535
p079,1,21,0.063,0.321,21,44,0.0204081632653061,0.0,77.54952754952755
p079,1,22,0.063,0.3065,18,41,0.0612244897959183,0.04,59.546359546359554
p079,1,23,0.0665,0.2865,18,38,0.0204081632653061,0.0,65.57257807257808
p079,1,24,0.0584999999999999,0.256,13,23,0.4285714285714285,0.4,28.378378378378372
p079,1,25,0.071,0.295,18,42,0.0204081632653061,0.04,65.07480007480008
p079,1,26,0.0625,0.247,14,28,0.3061224489795918,0.32,29.27927927927928
p079,1,27,0.0635,0.2955,20,46,0.0,0.0,82.66618266618266
p079,1,28,0.0705,0.339,18,38,0.0612244897959183,0.06,49.04748154748156
p079,1,29,0.063,0.286,17,42,0.0408163265306122,0.04,62.88046288046288
p079,1,30,0.0685,0.291,15,27,0.4081632653061224,0.2,23.803446303446307
p079,1,31,0.063,0.3385,21,39,0.0,0.0,71.76847176847177
p079,1,32,0.0625,0.242,17,33,0.2653061224489796,0.28,32.16073216073216
p079,1,33,0.063,0.262,18,37,0.2244897959183673,0.22,36.385836385836384
p079,1,34,0.063,0.302,20,43,0.0,0.02,76.31752631752632
p079,1,35,0.063,0.308,17,41,0.0,0.0,67.86181786181787
p079,1,36,0.063,0.2915,22,46,0.0,0.0,87.82848782848782
p079,1,37,0.0665,0.311,18,43,0.0204081632653061,0.02,67.67853017853017
p079,1,38,0.063,0.3275,19,44,0.0204081632653061,0.0,72.13697213697215
p079,1,39,0.063,0.348,19,41,0.0204081632653061,0.02,64.38691438691438
p079,1,40,0.062,0.297,21,42,0.0,0.0,79.76877976877977
p079,1,41,0.064,0.3035,21,35,0.1224489795918367,0.14,42.89509289509289
p079,1,42,0.063,0.3145,18,47,0.0,0.02,75.43257543257543
p079,1,43,0.0605,0.302,20,42,0.0204081632653061,0.0,74.5063745063745
p079,1,44,0.0,0.0335,12,16,0.7142857142857143,0.54,33.333333333333336
p079,1,45,0.07,0.2935,21,39,0.0408163265306122,0.0,70.08250008250009
p079,1,46,0.063,0.311,17,41,0.0,0.0,67.56151756151756
p079,1,47,0.063,0.3355,23,47,0.0408163265306122,0.0,82.32518232518233
p079,1,48,0.066,0.311,19,39,0.0204081632653061,0.0,66.9021769021769
p079,1,49,0.063,0.366,25,43,0.0,0.0,78.90582890582891
p079,1,50,0.0705,0.319,23,46,0.0204081632653061,0.0,83.52811602811603
p079,2,0,0.063,0.287,18,45,0.0612244897959183,0.08,62.92281292281293
p079,2,1,0.071,0.307,20,40,0.0612244897959183,0.06,59.457644457644456
p079,2,2,0.063,0.303,22,49,0.0,0.04,84.25568425568424
p079,2,3,0.063,0.33,22,45,0.0204081632653061,0.04,76.6079266079266
p079,2,4,0.063,0.295,21,43,0.0,0.0,81.25103125103125
p079,2,5,0.063,0.3065,25,44,0.0,0.02,84.29198429198429
p079,2,6,0.063,0.319,18,39,0.0408163265306122,0.06,56.26010626010626
p079,2,7,0.063,0.2585,12,21,0.4489795918367347,0.5,28.128128128128125
p079,2,8,0.063,0.2875,18,37,0.0,0.0,67.16661716661717
p079,2,9,0.064,0.295,18,33,0.1632653061224489,0.2,29.23637923637924
p079,2,10,0.063,0.303,20,36,0.1020408163265306,0.1,47.93089793089792
p079,2,11,0.063,0.291,19,42,0.0408163265306122,0.06,65.29001529001529
p079,2,12,0.063,0.319,17,43,0.0204081632653061,0.0,66.94386694386694
p079,2,13,0.063,0.307,23,43,0.0,0.0,84.81173481173481
p079,2,14,0.059,0.255,17,33,0.1632653061224489,0.06,41.97054197054197
p079,2,15,0.063,0.199,13,22,0.5918367346938775,0.24,33.333333333333336
p079,2,16,0.063,0.3225,21,44,0.0,0.0,79.78032978032978
p079,2,17,0.063,0.307,22,43,0.1020408163265306,0.12,59.41490941490941
p079,2,18,0.063,0.307,19,43,0.0408163265306122,0.04,66.82231682231682
p079,2,19,0.063,0.303,22,42,0.1428571428571428,0.14,51.91950191950192
p079,2,20,0.063,0.33,20,43,0.0,0.0,75.36657536657536
p079,2,21,0.0705,0.3625,21,46,0.0204081632653061,0.04,70.7081532081532
p079,2,22,0.063,0.323,19,38,0.0204081632653061,0.06,59.33955933955934
p079,2,23,0.0635,0.294,18,39,0.1224489795918367,0.14,41.83139183139184
p079,2,24,0.063,0.287,21,45,0.0816326530612244,0.06,69.53656953656954
p079,2,25,0.071,0.351,19,40,0.1224489795918367,0.04,47.38128238128238
p079,2,26,0.0595,0.318,17,33,0.0408163265306122,0.0,53.12455312455312
p079,2,27,0.063,0.295,19,38,0.0204081632653061,0.0,67.6979176979177
p079,2,28,0.063,0.3665,19,39,0.0,0.02,62.35191235191235
p079,2,29,0.0625,0.287,22,44,0.0,0.0,85.71483571483571
p079,2,30,0.063,0.3265,20,43,0.0612244897959183,0.08,61.16666116666117
p079,2,31,0.071,0.343,20,41,0.0,0.0,69.83450483450484
p079,2,32,0.063,0.319,19,41,0.0,0.0,71.52262152262152
p079,2,33,0.063,0.3105,19,41,0.0816326530612244,0.1,53.5904035904036
p079,2,34,0.0,0.036,15,20,0.6326530612244898,0.02,48.14814814814815
p079,2,35,0.063,0.2905,20,44,0.0204081632653061,0.0,78.22162822162824
p079,2,36,0.051,0.2025,10,16,0.4693877551020408,0.5,33.333333333333336
p079,2,37,0.0675,0.3155,22,48,0.0,0.02,84.02295152295152
p079,2,38,0.064,0.3275,20,41,0.0,0.0,73.05272305272305
p079,2,39,0.063,0.315,21,40,0.0204081632653061,0.0,73.02192302192303
p079,2,40,0.063,0.335,25,45,0.0408163265306122,0.08,72.4037224037224
p079,2,41,0.063,0.311,20,33,0.0,0.02,63.87816387816388
p079,2,42,0.063,0.231,14,21,0.3061224489795918,0.32,30.88088088088088
p079,2,43,0.063,0.243,15,23,0.2448979591836734,0.26,29.67967967967968
p079,2,44,0.0675,0.3305,15,32,0.2040816326530612,0.22,20.087587587587585
p079,2,45,0.064,0.343,21,48,0.0204081632653061,0.0,79.19347919347919
p079,2,46,0.063,0.347,21,46,0.0204081632653061,0.02,75.65917565917566
p079,2,47,0.071,0.323,20,45,0.0612244897959183,0.0,69.82185482185483
p079,2,48,0.0635,0.351,20,41,0.1224489795918367,0.18,39.74798974798975
p079,2,49,0.062,0.2075,17,29,0.3673469387755102,0.24,35.61418561418561
p079,2,50,0.071,0.2905,21,44,0.0816326530612244,0.06,66.23750123750125
p079,2,51,0.071,0.291,18,41,0.0204081632653061,0.02,66.04500104500104
p079,2,52,0.071,0.299,22,46,0.0204081632653061,0.02,81.17826617826618
p079,2,53,0.063,0.299,23,42,0.0204081632653061,0.02,80.09768009768011
p080,1,0,0.08,0.2395,21,38,0.0,0.0,76.58680658680659
p080,1,1,0.079,0.288,19,47,0.0408163265306122,0.04,70.28099528099528
p080,1,2,0.079,0.271,19,41,0.0204081632653061,0.02,68.52319352319353
p080,1,3,0.078,0.256,18,38,0.0,0.0,68.26848826848826
p080,1,4,0.079,0.2235,23,44,0.0408163265306122,0.02,84.26695926695926
p080,1,5,0.079,0.255,16,41,0.0612244897959183,0.02,58.22003322003322
p080,1,6,0.079,0.2515,19,38,0.0204081632653061,0.02,66.62899162899163
p080,1,7,0.08,0.2319999999999999,19,40,0.0408163265306122,0.0,70.3778503778504
p080,1,8,0.0645,0.244,16,40,0.0,0.0,70.48617298617299
p080,1,9,0.08,0.2794999999999999,22,45,0.0,0.04,80.23441023441025
p080,1,10,0.08,0.255,18,41,0.0204081632653061,0.04,65.65389565389566
p080,1,11,0.08,0.2395,19,36,0.0,0.02,67.40894740894741
p080,1,12,0.08,0.2515,18,38,0.0,0.02,66.3908963908964
p080,1,13,0.08,0.2435,20,38,0.1020408163265306,0.1,52.64143264143264
p080,1,14,0.08,0.3035,22,48,0.0,0.06,78.54425854425854
p080,1,15,0.079,0.2565,19,34,0.0408163265306122,0.02,58.61933361933362
p080,1,16,0.08,0.256,20,44,0.0204081632653061,0.02,76.013706013706
p080,1,17,0.08,0.287,19,41,0.1428571428571428,0.18,37.58296758296759
p080,1,18,0.079,0.223,20,43,0.0204081632653061,0.0,80.12490512490513
p080,1,19,0.079,0.239,18,42,0.0612244897959183,0.0,67.71744271744274
p080,1,20,0.08,0.2555,20,39,0.0204081632653061,0.02,69.65349965349965
p080,1,21,0.079,0.24,22,46,0.0204081632653061,0.02,85.17941017941018
p080,1,22,0.079,0.224,17,37,0.0,0.02,65.71874071874072
p080,1,23,0.079,0.2395,21,44,0.0408163265306122,0.08,72.34789734789736
p080,1,24,0.079,0.2475,17,39,0.0204081632653061,0.02,63.54953854953855
p080,1,25,0.079,0.239,16,41,0.0204081632653061,0.0,66.43539143539144
p080,1,26,0.079,0.247,23,44,0.0,0.04,84.82465982465983
p080,1,27,0.079,0.243,18,37,0.0,0.0,68.04964304964305
p080,1,28,0.079,0.239,18,41,0.0408163265306122,0.02,66.96449196449197
p080,1,29,0.079,0.255,18,41,0.0,0.0,71.97664697664698
p080,1,30,0.079,0.247,21,46,0.0204081632653061,0.06,78.3940533940534
p080,1,31,0.079,0.239,18,39,0.0,0.0,71.01414601414602
p080,1,32,0.08,0.255,17,46,0.0408163265306122,0.0,71.00595100595102
p080,1,33,0.08,0.24,19,42,0.0204081632653061,0.0,74.52210452210453
p080,1,34,0.079,0.247,18,45,0.0,0.06,72.35009735009736
p080,1,35,0.08,0.244,22,46,0.0204081632653061,0.08,78.98535898535899
p080,1,36,0.079,0.2545,21,44,0.0,0.02,81.16385616385618
p080,1,37,0.079,0.239,15,33,0.0204081632653061,0.0,57.46103246103247
p080,1,38,0.079,0.2395,20,42,0.0204081632653061,0.0,77.1912021912022
p080,1,39,0.079,0.239,18,38,0.0204081632653061,0.0,67.35114235114236
p080,1,40,0.079,0.255,20,46,0.0408163265306122,0.0,78.3869033869034
p080,1,41,0.079,0.271,23,43,0.0612244897959183,0.02,75.84920084920086
p080,1,42,0.08,0.2475,24,44,0.0,0.02,86.38836638836638
p080,1,43,0.08,0.253,22,42,0.0,0.0,82.74461274461275
p080,1,44,0.079,0.239,22,45,0.0204081632653061,0.0,85.84931084931087
p080,1,45,0.08,0.256,15,33,0.0,0.0,57.902187902187904
p080,2,0,0.079,0.224,18,45,0.0204081632653061,0.02,75.97515097515097
p080,2,1,0.08,0.2555,20,36,0.0204081632653061,0.02,65.80734580734581
p080,2,2,0.0795,0.2555,21,46,0.0,0.0,85.36066286066286
p080,2,3,0.08,0.24,21,43,0.0,0.0,82.94701294701294
p080,2,4,0.08,0.2675,19,41,0.0,0.02,71.01640101640102
p080,2,5,0.079,0.2605,26,45,0.0,0.04,84.75535975535975
p080,2,6,0.08,0.256,19,39,0.0204081632653061,0.04,65.37064537064536
p080,2,7,0.079,0.2355,18,41,0.0,0.04,70.22489522489523
p080,2,8,0.079,0.238,21,38,0.0204081632653061,0.02,72.74224774224773
p080,2,9,0.079,0.223,17,40,0.0,0.0,71.51684651684651
p080,2,10,0.079,0.239,19,40,0.0204081632653061,0.02,70.44434544434544
p080,2,11,0.079,0.223,19,42,0.0,0.02,76.991001991002
p080,2,12,0.079,0.255,20,37,0.0204081632653061,0.04,65.52569052569054
p080,2,13,0.079,0.256,18,41,0.0204081632653061,0.02,67.64374264374264
p080,2,14,0.08,0.2565,20,44,0.0,0.0,80.1964601964602
p080,2,15,0.079,0.2355,21,44,0.0204081632653061,0.0,82.53665753665754
p080,2,16,0.079,0.228,21,43,0.0408163265306122,0.0,79.62440462440462
p080,2,17,0.079,0.248,21,45,0.0204081632653061,0.04,78.86375386375386
p080,2,18,0.079,0.235,19,45,0.0204081632653061,0.0,79.10685410685412
p080,2,19,0.079,0.2245,20,39,0.0204081632653061,0.0,74.84654984654986
p080,2,20,0.079,0.2475,21,46,0.0408163265306122,0.06,75.96305096305097
p080,2,21,0.079,0.2555,20,36,0.0816326530612244,0.02,58.90258390258391
p080,2,22,0.079,0.244,21,40,0.0612244897959183,0.0,71.7956967956968
p080,2,23,0.079,0.239,18,34,0.0408163265306122,0.0,59.841984841984846
p080,2,24,0.079,0.223,20,44,0.0,0.0,83.78790878790879
p080,2,25,0.079,0.2515,18,36,0.0612244897959183,0.08,51.36647636647638
p080,2,26,0.079,0.2555,21,42,0.0,0.0,80.35150535150535
p080,2,27,0.079,0.2309999999999999,20,41,0.0204081632653061,0.0,76.76000176000177
p080,2,28,0.079,0.223,20,41,0.0,0.0,79.94175494175495
p080,2,29,0.079,0.247,21,41,0.0,0.0,79.92030492030493
p080,2,30,0.079,0.256,21,43,0.0816326530612244,0.04,68.35599335599336
p080,2,31,0.078,0.2515,22,43,0.0612244897959183,0.08,70.1027401027401
p080,2,32,0.079,0.2309999999999999,23,49,0.0,0.0,93.97611897611898
p080,2,33,0.079,0.224,21,44,0.0,0.0,86.06876106876108
p080,2,34,0.079,0.239,21,42,0.0204081632653061,0.0,79.62220462220462
p080,2,35,0.079,0.255,24,43,0.0204081632653061,0.0,84.06455906455905
p080,2,36,0.079,0.2435,17,32,0.0,0.0,61.77248677248678
p080,2,37,0.079,0.255,21,39,0.0204081632653061,0.04,70.47074547074548
p080,2,38,0.079,0.223,17,40,0.0,0.0,71.51684651684651
p080,2,39,0.079,0.2385,21,39,0.1020408163265306,0.1,57.04303204303204
p080,2,40,0.079,0.255,20,47,0.0408163265306122,0.02,77.81710281710282
p080,2,41,0.079,0.2304999999999999,19,44,0.0408163265306122,0.04,72.1905971905972
p080,2,42,0.079,0.2794999999999999,21,46,0.0204081632653061,0.06,75.14080014080015
p080,2,43,0.08,0.224,19,41,0.0408163265306122,0.0,72.46070246070246
p080,2,44,0.079,0.224,19,40,0.0204081632653061,0.0,73.7976987976988
p080,2,45,0.0795,0.2555,18,40,0.0408163265306122,0.0,65.76359326359326
p080,2,46,0.08,0.256,22,43,0.0612244897959183,0.08,69.17609917609919
p080,2,47,0.079,0.208,20,41,0.0204081632653061,0.0,79.06230406230408
p081,1,0,0.0525,0.164,14,27,0.4081632653061224,0.36,33.333333333333336
p081,1,1,0.056,0.156,15,25,0.4693877551020408,0.48,33.333333333333336
p081,1,2,0.0635,0.192,18,37,0.0,0.04,71.57102157102157
p081,1,3,0.067,0.2319999999999999,19,44,0.0204081632653061,0.06,75.42669042669043
p081,1,4,0.064,0.2025,17,40,0.0816326530612244,0.08,59.80870980870981
p081,1,5,0.0685,0.211,21,39,0.0612244897959183,0.12,65.20583770583771
p081,1,6,0.067,0.197,20,42,0.0612244897959183,0.06,73.03418803418803
p081,1,7,0.067,0.2305,20,42,0.1428571428571428,0.16,51.848716848716855
p081,1,8,0.071,0.1975,16,40,0.0612244897959183,0.08,58.14204314204315
p081,1,9,0.071,0.222,22,41,0.0204081632653061,0.02,82.47571747571747
p081,1,10,0.066,0.2025,18,41,0.1020408163265306,0.12,56.9108669108669
p081,1,11,0.0675,0.218,17,44,0.0204081632653061,0.06,71.94713944713945
p081,1,12,0.0675,0.2305,22,40,0.1020408163265306,0.16,58.68937618937617
p081,1,13,0.072,0.223,20,42,0.0204081632653061,0.04,76.80581680581682
p081,1,14,0.067,0.2045,18,42,0.0204081632653061,0.04,74.88603988603988
p081,1,15,0.072,0.2045,18,39,0.1020408163265306,0.14,51.06634106634106
p081,1,16,0.071,0.187,18,38,0.0,0.0,74.89010989010988
p081,1,17,0.0685,0.237,16,36,0.1224489795918367,0.16,36.0057585057585
p081,1,18,0.071,0.2255,21,42,0.0408163265306122,0.1,71.23810623810624
p081,1,19,0.063,0.199,19,41,0.0816326530612244,0.1,64.000814000814
p081,1,20,0.0675,0.208,21,47,0.0204081632653061,0.02,90.02180752180753
p081,1,21,0.071,0.1965,21,45,0.0408163265306122,0.0,86.24542124542126
p081,1,22,0.071,0.227,20,41,0.1020408163265306,0.18,52.87468787468788
p081,1,23,0.068,0.194,17,40,0.1224489795918367,0.08,54.094424094424085
p081,1,24,0.072,0.199,19,38,0.0204081632653061,0.0,74.65201465201466
p081,1,25,0.069,0.246,20,42,0.1224489795918367,0.18,50.35007535007534
p081,1,26,0.071,0.217,16,37,0.0612244897959183,0.1,51.39298639298641
p081,1,27,0.068,0.2015,17,40,0.0612244897959183,0.1,59.38542938542938
p081,1,28,0.0725,0.228,20,41,0.0204081632653061,0.04,74.9042174042174
p081,1,29,0.07,0.2215,16,40,0.1020408163265306,0.1,50.264880264880254
p081,1,30,0.0665,0.2125,18,40,0.0,0.0,77.92504042504044
p081,1,31,0.072,0.2334999999999999,21,43,0.0204081632653061,0.08,75.71406571406573
p081,1,32,0.071,0.2135,19,38,0.0408163265306122,0.06,66.25290125290127
p081,1,33,0.063,0.219,17,40,0.0204081632653061,0.02,71.25587125587127
p081,1,34,0.0655,0.2405,18,44,0.0204081632653061,0.08,70.7001782001782
p081,1,35,0.0705,0.2265,17,42,0.0816326530612244,0.16,51.41578391578392
p081,1,36,0.071,0.2285,16,36,0.2244897959183673,0.32,32.02856702856703
p081,1,37,0.067,0.1995,18,42,0.0,0.0,80.97069597069599
p081,1,38,0.0655,0.2,18,46,0.0612244897959183,0.06,73.75763125763127
p081,1,39,0.0645,0.1995,20,41,0.0204081632653061,0.02,80.8129833129833
p081,1,40,0.067,0.2215,17,38,0.0408163265306122,0.08,59.7907247907248
p081,1,41,0.072,0.1965,21,46,0.0408163265306122,0.1,78.03011803011803
p081,1,42,0.067,0.2085,21,40,0.0,0.02,83.4973984973985
p081,1,43,0.063,0.1895,16,40,0.1020408163265306,0.16,47.63939763939763
p081,1,44,0.071,0.215,21,45,0.0612244897959183,0.04,79.3099143099143
p081,1,45,0.063,0.178,20,42,0.0408163265306122,0.04,77.98127798127798
p081,1,46,0.067,0.185,17,42,0.0,0.04,74.88603988603988
p081,1,47,0.067,0.2055,24,48,0.0408163265306122,0.0,94.52380952380952
p081,1,48,0.067,0.1915,18,37,0.0204081632653061,0.0,72.1794871794872
p081,1,49,0.0665,0.185,26,40,0.0816326530612244,0.12,69.7954822954823
p081,1,50,0.063,0.2005,23,46,0.0204081632653061,0.06,90.78144078144078
p081,1,51,0.063,0.2095,21,42,0.0816326530612244,0.12,67.8926178926179
p081,2,0,0.0605,0.193,18,42,0.0612244897959183,0.1,65.28286528286529
p081,2,1,0.065,0.222,13,23,0.3469387755102041,0.38,31.543686543686544
p081,2,2,0.064,0.18,18,36,0.0204081632653061,0.06,66.05616605616605
p081,2,3,0.064,0.1985,20,46,0.0612244897959183,0.1,75.17297517297517
p081,2,4,0.064,0.199,23,45,0.0,0.0,97.43589743589745
p081,2,5,0.065,0.2065,19,40,0.0,0.02,79.41188441188442
p081,2,6,0.067,0.218,26,45,0.0,0.0,95.57046057046055
p081,2,7,0.074,0.1935,19,38,0.0,0.04,72.85307285307286
p081,2,8,0.071,0.1975,18,39,0.0204081632653061,0.04,70.0875050875051
p081,2,9,0.068,0.203,19,36,0.0612244897959183,0.1,59.01912901912903
p081,2,10,0.063,0.197,20,45,0.0408163265306122,0.08,78.12372812372813
p081,2,11,0.072,0.2045,21,46,0.0408163265306122,0.04,83.58567358567359
p081,2,12,0.065,0.203,17,45,0.0408163265306122,0.06,72.5946275946276
p081,2,13,0.0685,0.2145,24,42,0.0408163265306122,0.08,79.54820204820204
p081,2,14,0.068,0.213,15,33,0.0204081632653061,0.0,62.68268268268268
p081,2,15,0.068,0.2065,23,44,0.0612244897959183,0.1,78.79934879934882
p081,2,16,0.0705,0.2355,22,49,0.0204081632653061,0.08,83.38016588016588
p081,2,17,0.0725,0.2105,19,42,0.0612244897959183,0.06,68.94331144331144
p081,2,18,0.0685,0.178,22,45,0.0612244897959183,0.06,81.2851037851038
p081,2,19,0.063,0.214,21,46,0.0204081632653061,0.06,85.26878526878527
p081,2,20,0.063,0.206,22,47,0.0204081632653061,0.04,91.53439153439152
p081,2,21,0.064,0.219,16,36,0.0816326530612244,0.14,45.49274549274549
p081,2,22,0.067,0.195,22,45,0.0204081632653061,0.0,91.95970695970696
p081,2,23,0.0665,0.1935,21,45,0.0816326530612244,0.1,73.2956857956858
p081,2,24,0.062,0.218,21,40,0.1020408163265306,0.0,73.20782320782321
p081,2,25,0.071,0.2035,18,35,0.1428571428571428,0.18,37.71062271062271
p081,2,26,0.068,0.217,20,33,0.0408163265306122,0.02,67.57328757328759
p081,2,27,0.068,0.2095,17,38,0.1020408163265306,0.16,46.20356620356621
p081,2,28,0.0715,0.2085,17,38,0.0408163265306122,0.08,60.020597520597526
p081,2,29,0.0675,0.2325,19,39,0.0816326530612244,0.14,54.297071797071794
p081,2,30,0.0695,0.218,23,44,0.0204081632653061,0.02,89.46036696036695
p081,2,31,0.084,0.2245,20,41,0.0408163265306122,0.06,68.28366828366829
p081,2,32,0.068,0.217,17,38,0.0816326530612244,0.14,49.68561968561969
p081,2,33,0.068,0.1925,18,44,0.0408163265306122,0.1,69.27553927553929
p081,2,34,0.066,0.203,22,44,0.1020408163265306,0.14,68.42897842897843
p081,2,35,0.0715,0.1965,22,45,0.0204081632653061,0.02,89.03642653642653
p081,2,36,0.064,0.216,21,47,0.0612244897959183,0.12,76.03317603317605
p081,2,37,0.0555,0.225,22,43,0.0,0.0,90.63899063899063
p081,2,38,0.068,0.222,21,42,0.0204081632653061,0.0,83.94295394295396
p081,2,39,0.0675,0.2275,24,45,0.0408163265306122,0.04,86.03485353485354
p081,2,40,0.064,0.2425,19,41,0.0408163265306122,0.1,65.15911515911516
p081,2,41,0.068,0.216,22,40,0.0,0.02,84.88950488950489
p081,2,42,0.08,0.226,20,42,0.0204081632653061,0.0,78.3044583044583
p081,2,43,0.071,0.2185,22,45,0.0204081632653061,0.04,86.1024211024211
p081,2,44,0.063,0.1825,22,46,0.0408163265306122,0.06,86.01953601953602
p081,2,45,0.064,0.182,21,45,0.1020408163265306,0.04,77.06552706552706
p081,2,46,0.0655,0.2125,22,41,0.0,0.02,87.11714461714462
p081,2,47,0.0665,0.213,19,41,0.1224489795918367,0.08,59.844872344872336
p081,2,48,0.067,0.1714999999999999,20,38,0.0204081632653061,0.0,78.22344322344321
p081,2,49,0.068,0.2155,22,39,0.0408163265306122,0.04,77.04374704374705
p081,2,50,0.069,0.2305,20,43,0.0,0.04,80.43235543235544
p081,2,51,0.068,0.2075,19,41,0.1020408163265306,0.1,60.56738056738055
p082,1,0,0.1155,0.282,17,36,0.1020408163265306,0.2,23.22083072083072
p082,1,1,0.1285,0.268,16,41,0.0408163265306122,0.04,45.66211816211816
p082,1,2,0.1275,0.2865,18,39,0.0408163265306122,0.06,44.39431189431191
p082,1,3,0.1135,0.3095,21,42,0.0816326530612244,0.14,44.24504174504175
p082,1,4,0.1275,0.273,20,44,0.0,0.04,63.53158103158103
p082,1,5,0.122,0.265,23,45,0.0408163265306122,0.02,71.15676115676116
p082,1,6,0.0985,0.2775,8,22,0.4489795918367347,0.42,18.01194051194051
p082,1,7,0.1235,0.272,14,34,0.2040816326530612,0.24,12.610110110110112
p082,1,8,0.1485,0.3405,18,47,0.0204081632653061,0.02,53.78235378235377
p082,1,9,0.139,0.32,21,45,0.0204081632653061,0.04,58.56130856130856
p082,1,10,0.1555,0.333,19,43,0.0204081632653061,0.04,49.93399993399993
p082,1,11,0.135,0.387,21,46,0.0,0.1,51.36345136345136
p082,1,12,0.151,0.3345,21,43,0.0816326530612244,0.1,41.84734184734185
p082,1,13,0.15,0.351,18,39,0.0408163265306122,0.1,32.68653268653269
p082,1,14,0.1305,0.2945,18,41,0.0816326530612244,0.24,29.570312070312077
p082,1,15,0.1405,0.2855,20,38,0.0816326530612244,0.12,36.10918610918611
p082,1,16,0.1425,0.287,18,41,0.0408163265306122,0.08,43.50889350889352
p082,1,17,0.1515,0.3675,19,45,0.0408163265306122,0.04,46.66369666369666
p082,1,18,0.134,0.3775,20,43,0.0408163265306122,0.14,36.67073667073667
p082,1,19,0.1275,0.3085,19,41,0.0408163265306122,0.1,43.433460933460935
p082,1,20,0.131,0.322,16,41,0.0612244897959183,0.1,31.72496672496673
p082,1,21,0.1365,0.3015,18,36,0.0612244897959183,0.04,36.969936969936974
p082,1,22,0.1495,0.3125,20,43,0.0204081632653061,0.02,56.21885621885622
p082,1,23,0.135,0.315,18,42,0.0816326530612244,0.04,40.92994092994093
p082,1,24,0.135,0.324,16,39,0.0408163265306122,0.12,28.775478775478778
p082,1,25,0.1265,0.3075,22,42,0.0612244897959183,0.06,53.51931601931603
p082,1,26,0.1255,0.2525,17,40,0.0204081632653061,0.04,51.407808907808906
p082,1,27,0.1245,0.3155,19,41,0.0408163265306122,0.14,39.74334224334224
p082,1,28,0.151,0.325,20,43,0.0,0.02,57.34855734855736
p082,1,29,0.144,0.33,16,42,0.0408163265306122,0.02,41.28029128029127
p082,1,30,0.14,0.348,19,43,0.0204081632653061,0.1,42.87694287694288
p082,1,31,0.1505,0.392,21,41,0.0,0.04,50.5087505087505
p082,1,32,0.126,0.3365,20,40,0.0408163265306122,0.1,42.08670208670209
p082,1,33,0.1455,0.313,18,40,0.0408163265306122,0.04,43.32794332794333
p082,1,34,0.1555,0.443,19,45,0.0,0.06,49.02319902319903
p082,1,35,0.1675,0.428,21,47,0.0,0.02,60.05291005291005
p082,1,36,0.1555,0.464,19,42,0.0612244897959183,0.06,38.03418803418805
p082,1,37,0.156,0.3565,17,45,0.0408163265306122,0.02,44.85474485474486
p082,1,38,0.1545,0.352,21,46,0.0408163265306122,0.1,48.7036487036487
p082,1,39,0.151,0.3105,19,41,0.0204081632653061,0.02,51.47400147400148
p082,1,40,0.1674999999999999,0.5685,20,43,0.0,0.02,52.54375254375254
p082,1,41,0.1255,0.3665,21,44,0.0816326530612244,0.14,38.24629574629575
p082,1,42,0.147,0.3315,18,43,0.0612244897959183,0.1,37.38573738573739
p082,1,43,0.1465,0.31,15,34,0.0204081632653061,0.04,33.55498355498356
p082,1,44,0.158,0.3675,22,44,0.0204081632653061,0.02,56.757306757306765
p082,1,45,0.16,0.497,17,39,0.0204081632653061,0.0,39.74358974358975
p082,1,46,0.1475,0.3765,22,46,0.0612244897959183,0.06,50.30525030525032
p082,1,47,0.146,0.3295,21,39,0.0612244897959183,0.04,45.156145156145165
p082,1,48,0.1405,0.3685,24,47,0.0204081632653061,0.08,57.32875732875734
p082,1,49,0.139,0.3185,22,40,0.1020408163265306,0.14,35.89908589908589
p082,1,50,0.1515,0.305,24,44,0.0,0.02,67.77546777546777
p082,1,51,0.1435,0.3775,20,42,0.1020408163265306,0.14,28.24582824582824
p082,2,0,0.114,0.267,16,40,0.1224489795918367,0.14,29.149479149479134
p082,2,1,0.1245,0.3065,18,45,0.0816326530612244,0.18,34.92588742588743
p082,2,2,0.119,0.2785,19,42,0.0,0.0,63.763488763488766
p082,2,3,0.1195,0.294,20,46,0.0612244897959183,0.16,47.644375144375154
p082,2,4,0.1169999999999999,0.286,22,43,0.0408163265306122,0.06,61.59637659637664
p082,2,5,0.126,0.288,19,38,0.1020408163265306,0.16,29.29808929808929
p082,2,6,0.1305,0.32,23,43,0.0612244897959183,0.12,49.423131923131926
p082,2,7,0.121,0.275,20,41,0.0816326530612244,0.16,40.3979253979254
p082,2,8,0.118,0.267,20,41,0.0816326530612244,0.14,43.76486376486377
p082,2,9,0.12,0.266,18,36,0.0612244897959183,0.08,40.15312015312016
p082,2,10,0.129,0.294,19,37,0.0,0.0,53.42072842072843
p082,2,11,0.1185,0.2895,20,43,0.0408163265306122,0.04,57.97883047883048
p082,2,12,0.126,0.31,18,38,0.1428571428571428,0.2,18.101178101178103
p082,2,13,0.134,0.2935,17,43,0.0408163265306122,0.06,44.89324489324489
p082,2,14,0.1275,0.307,21,45,0.0408163265306122,0.1,53.47372097372098
p082,2,15,0.112,0.2965,19,40,0.0816326530612244,0.12,40.42933042933044
p082,2,16,0.125,0.2855,19,42,0.0,0.0,61.63421663421664
p082,2,17,0.127,0.3185,21,44,0.0,0.02,63.328878328878325
p082,2,18,0.1285,0.3135,22,46,0.0408163265306122,0.08,58.0998305998306
p082,2,19,0.124,0.283,20,44,0.0408163265306122,0.0,62.30571230571231
p082,2,20,0.12,0.2825,21,44,0.0204081632653061,0.06,62.51449251449253
p082,2,21,0.1145,0.2775,21,44,0.0612244897959183,0.1,55.858908358908366
p082,2,22,0.103,0.257,20,42,0.0612244897959183,0.1,55.70400070400071
p082,2,23,0.1235,0.285,20,41,0.0408163265306122,0.06,52.822850322850336
p082,2,24,0.12,0.2855,23,49,0.0408163265306122,0.1,64.73759473759475
p082,2,25,0.105,0.2735,20,40,0.1428571428571428,0.08,43.340098340098336
p082,2,26,0.125,0.3075,21,45,0.0408163265306122,0.02,61.426316426316426
p082,2,27,0.1235,0.273,19,33,0.1224489795918367,0.12,27.58937508937509
p082,2,28,0.12,0.268,19,39,0.1224489795918367,0.18,29.777909777909773
p082,2,29,0.126,0.264,19,42,0.0,0.02,61.6964216964217
p082,2,30,0.1245,0.284,23,46,0.0816326530612244,0.16,52.21680471680472
p082,2,31,0.1255,0.293,21,43,0.0408163265306122,0.1,52.787210287210286
p082,2,32,0.126,0.2645,20,45,0.0408163265306122,0.04,61.25972125972126
p082,2,33,0.1265,0.2725,19,41,0.0408163265306122,0.06,50.978863478863474
p082,2,34,0.119,0.3045,19,43,0.0408163265306122,0.14,44.71806971806973
p082,2,35,0.118,0.2935,17,37,0.1224489795918367,0.2,20.37554037554038
p082,2,36,0.1175,0.3359999999999999,23,41,0.1836734693877551,0.2,33.27330077330078
p082,2,37,0.1175,0.282,19,38,0.1020408163265306,0.14,33.774351274351275
p082,2,38,0.124,0.299,23,47,0.0204081632653061,0.06,68.51851851851852
p082,2,39,0.128,0.2795,20,42,0.0612244897959183,0.08,49.35121935121936
p082,2,40,0.1295,0.2875,21,44,0.0,0.02,65.83674333674334
p082,2,41,0.138,0.3105,23,44,0.0612244897959183,0.04,58.23020823020824
p082,2,42,0.127,0.2784999999999999,22,38,0.0204081632653061,0.02,59.64057464057465
p082,2,43,0.121,0.289,19,39,0.1020408163265306,0.16,31.670516670516665
p082,2,44,0.114,0.295,20,40,0.0612244897959183,0.14,43.01334301334302
p082,2,45,0.1275,0.2995,18,38,0.1632653061224489,0.2,18.795086295086296
p082,2,46,0.122,0.288,18,39,0.0816326530612244,0.18,29.68066968066969
p082,2,47,0.1255,0.3025,21,44,0.0816326530612244,0.06,52.06010956010957
p082,2,48,0.1315,0.3755,19,47,0.0408163265306122,0.14,40.01322751322752
p082,2,49,0.131,0.282,21,45,0.0612244897959183,0.02,60.16934516934517
p082,2,50,0.144,0.324,21,43,0.0,0.06,56.12590612590612
p082,2,51,0.1225,0.2935,21,42,0.1020408163265306,0.06,48.73024123024123
p082,2,52,0.1235,0.334,19,43,0.1224489795918367,0.16,29.31802681802681
p082,2,53,0.1265,0.261,18,39,0.0816326530612244,0.12,36.86749936749938
p082,2,54,0.1235,0.2835,20,41,0.0816326530612244,0.12,42.65554015554017
p082,2,55,0.118,0.275,22,45,0.0,0.04,71.63724163724163
p082,2,56,0.1175,0.267,20,43,0.0204081632653061,0.0,66.55383405383405
p083,1,0,0.089,0.2115,21,39,0.0,0.02,76.67695167695167
p083,1,1,0.089,0.223,19,45,0.0204081632653061,0.04,74.22339922339921
p083,1,2,0.09,0.2285,18,43,0.0408163265306122,0.04,66.1087461087461
p083,1,3,0.082,0.2324999999999999,19,39,0.0,0.04,69.62775962775963
p083,1,4,0.0825,0.2289999999999999,19,43,0.1224489795918367,0.14,51.44229394229395
p083,1,5,0.0895,0.241,22,46,0.0612244897959183,0.04,75.96555346555347
p083,1,6,0.089,0.2445,17,41,0.1224489795918367,0.14,41.01711601711601
p083,1,7,0.0895,0.2525,20,47,0.0204081632653061,0.0,79.8001573001573
p083,1,8,0.091,0.2245,18,42,0.0612244897959183,0.1,57.052492052492056
p083,1,9,0.098,0.2605,21,44,0.0,0.0,77.8912978912979
p083,1,10,0.09,0.2595,17,42,0.0,0.0,67.8082478082478
p083,1,11,0.088,0.2275,20,46,0.0,0.02,81.90685190685191
p083,1,12,0.082,0.2355,18,38,0.0,0.0,69.36815936815937
p083,1,13,0.0985,0.257,21,41,0.0,0.0,74.27644677644678
p083,1,14,0.089,0.2525,20,44,0.0204081632653061,0.0,76.07305107305109
p083,1,15,0.0985,0.284,19,33,0.0204081632653061,0.04,51.75282425282425
p083,1,16,0.0895,0.243,18,45,0.0408163265306122,0.04,67.34044484044483
p083,1,17,0.0965,0.2645,19,40,0.0816326530612244,0.04,54.73041723041723
p083,1,18,0.097,0.275,21,46,0.0204081632653061,0.04,73.15738815738816
p083,1,19,0.0975,0.284,18,41,0.0612244897959183,0.0,57.52612502612504
p083,1,20,0.106,0.2515,19,39,0.0204081632653061,0.0,63.33432333432333
p083,1,21,0.1055,0.285,20,44,0.0204081632653061,0.0,68.89122639122641
p083,1,22,0.09,0.276,18,39,0.0,0.02,62.83954283954285
p083,1,23,0.09,0.2309999999999999,19,42,0.0,0.0,75.42300542300545
p083,1,24,0.097,0.252,17,43,0.0612244897959183,0.04,57.32782232782233
p083,1,25,0.089,0.2915,15,38,0.0612244897959183,0.14,37.22816222816223
p083,1,26,0.089,0.305,21,44,0.0204081632653061,0.06,67.64319264319265
p083,1,27,0.096,0.273,17,35,0.0408163265306122,0.1,42.03280203280203
p083,1,28,0.097,0.2395,18,41,0.0204081632653061,0.0,66.86153186153187
p083,1,29,0.0885,0.2885,18,40,0.1020408163265306,0.14,40.21161271161271
p083,1,30,0.09,0.2515,16,42,0.0,0.0,66.22809622809623
p083,1,31,0.094,0.272,19,35,0.1428571428571428,0.2,28.05882805882806
p083,1,32,0.089,0.251,17,42,0.0204081632653061,0.0,66.51624151624152
p083,1,33,0.089,0.2675,18,45,0.0408163265306122,0.08,61.3033363033363
p083,1,34,0.09,0.26,19,39,0.1020408163265306,0.12,45.65807565807565
p083,1,35,0.0965,0.2314999999999999,19,44,0.0,0.02,74.53758703758704
p083,1,36,0.097,0.257,22,44,0.0,0.02,79.008844008844
p083,1,37,0.101,0.2835,21,45,0.0,0.02,74.30490930490929
p083,1,38,0.089,0.2575,16,35,0.0204081632653061,0.0,54.51027951027951
p083,1,39,0.0905,0.2435,21,43,0.0204081632653061,0.02,75.86385836385837
p083,1,40,0.082,0.264,17,41,0.0612244897959183,0.08,53.43024343024344
p083,1,41,0.089,0.293,22,48,0.0204081632653061,0.04,76.92335192335193
p083,1,42,0.082,0.2435,22,38,0.1836734693877551,0.16,46.609686609686605
p083,1,43,0.112,0.347,23,45,0.0204081632653061,0.0,69.56230956230957
p083,1,44,0.0975,0.4845,21,41,0.0,0.0,62.9029304029304
p083,1,45,0.097,0.2685,22,45,0.0,0.0,80.99159599159599
p083,1,46,0.09,0.3655,18,39,0.0408163265306122,0.08,43.563123563123575
p083,2,0,0.09,0.2605,16,40,0.1020408163265306,0.16,36.04351604351604
p083,2,1,0.089,0.2525,18,39,0.1632653061224489,0.2,33.94850894850895
p083,2,2,0.089,0.217,19,41,0.0,0.0,75.78045078045078
p083,2,3,0.089,0.235,21,46,0.0612244897959183,0.08,70.60054560054562
p083,2,4,0.08,0.2515,13,21,0.5306122448979592,0.22,25.01930501930502
p083,2,5,0.088,0.2195,22,43,0.0204081632653061,0.06,77.53874753874754
p083,2,6,0.097,0.28,22,42,0.0,0.0,75.994290994291
p083,2,7,0.088,0.2375,18,41,0.1224489795918367,0.18,40.63316063316064
p083,2,8,0.09,0.2435,20,41,0.0612244897959183,0.08,60.720390720390725
p083,2,9,0.089,0.2115,18,39,0.0204081632653061,0.04,65.30129030129031
p083,2,10,0.0865,0.235,20,37,0.0204081632653061,0.0,69.44568194568195
p083,2,11,0.089,0.2285,15,38,0.0,0.0,63.640288640288645
p083,2,12,0.0895,0.2319999999999999,17,40,0.0204081632653061,0.02,63.8831413831414
p083,2,13,0.091,0.2185,18,41,0.0,0.0,72.77315777315778
p083,2,14,0.089,0.2565,19,38,0.0204081632653061,0.04,61.8956868956869
p083,2,15,0.097,0.217,20,45,0.0,0.0,81.38484638484637
p083,2,16,0.0815,0.269,21,46,0.0204081632653061,0.04,77.44846494846493
p083,2,17,0.089,0.2525,21,46,0.0204081632653061,0.02,79.16625416625418
p083,2,18,0.088,0.2319999999999999,24,47,0.0612244897959183,0.06,79.03474903474905
p083,2,19,0.0895,0.252,21,43,0.0816326530612244,0.12,58.84898634898636
p083,2,20,0.0854999999999999,0.26,21,45,0.0204081632653061,0.02,77.96678546678548
p083,2,21,0.081,0.2235,18,37,0.0816326530612244,0.14,47.038632038632045
p083,2,22,0.082,0.2445,20,41,0.0408163265306122,0.06,66.75785675785677
p083,2,23,0.09,0.2885,20,43,0.1224489795918367,0.1,49.78527978527978
p083,2,24,0.082,0.248,20,40,0.0816326530612244,0.0,65.91910591910592
p083,2,25,0.089,0.2595,21,42,0.1020408163265306,0.08,58.257983257983255
p083,2,26,0.0825,0.231,19,35,0.0612244897959183,0.04,57.38779988779989
p083,2,27,0.082,0.212,18,41,0.0816326530612244,0.12,54.93174493174494
p083,2,28,0.0825,0.22,17,39,0.0408163265306122,0.08,57.53245003245004
p083,2,29,0.0895,0.2595,21,44,0.0204081632653061,0.08,70.22684772684774
p083,2,30,0.089,0.256,21,45,0.0408163265306122,0.06,71.44919644919646
p083,2,31,0.0849999999999999,0.207,20,41,0.0,0.02,78.2629332629333
p083,2,32,0.082,0.2355,19,37,0.0816326530612244,0.2,44.27658427658428
p083,2,33,0.09,0.2365,20,42,0.0612244897959183,0.1,60.851290851290855
p083,2,34,0.089,0.2185,22,40,0.0612244897959183,0.04,70.64454564454566
p083,2,35,0.09,0.2285,23,46,0.0,0.0,90.32527032527032
p083,2,36,0.089,0.2585,19,44,0.0612244897959183,0.1,59.07033407033408
p083,2,37,0.094,0.2475,20,39,0.0,0.0,71.35377135377136
p083,2,38,0.09,0.2405,22,45,0.0408163265306122,0.06,75.14360514360516
p083,2,39,0.09,0.2715,25,47,0.0204081632653061,0.02,83.07021307021309
p083,2,40,0.0905,0.2485,20,35,0.0,0.0,66.95879945879945
p083,2,41,0.097,0.245,17,35,0.0204081632653061,0.0,56.23772123772124
p083,2,42,0.094,0.232,18,42,0.0204081632653061,0.0,69.6086196086196
p083,2,43,0.089,0.276,18,41,0.0408163265306122,0.12,51.62057662057663
p083,2,44,0.09,0.238,19,44,0.0408163265306122,0.0,72.52450252450252
p083,2,45,0.09,0.216,19,43,0.0204081632653061,0.04,72.12190212190211
p083,2,46,0.089,0.2314999999999999,21,40,0.0816326530612244,0.08,60.877635877635896
p083,2,47,0.0905,0.237,22,45,0.0408163265306122,0.02,79.07861157861159
p083,2,48,0.082,0.2035,17,40,0.0204081632653061,0.02,68.22140822140823
p083,2,49,0.0895,0.21,21,44,0.0816326530612244,0.08,68.03894553894555
p083,2,50,0.083,0.252,24,47,0.0816326530612244,0.1,72.13856713856714
p084,1,0,0.072,0.256,20,38,0.0,0.0,74.45896445896446
p084,1,1,0.072,0.2745,20,46,0.0204081632653061,0.06,74.92701492701492
p084,1,2,0.072,0.2485,17,41,0.0612244897959183,0.08,57.36274736274736
p084,1,3,0.075,0.258,21,41,0.0408163265306122,0.08,67.6022726022726
p084,1,4,0.072,0.24,19,42,0.0408163265306122,0.0,74.04591404591405
p084,1,5,0.068,0.272,21,42,0.0204081632653061,0.1,69.67868967868968
p084,1,6,0.068,0.268,19,47,0.0408163265306122,0.04,74.9020449020449
p084,1,7,0.072,0.24,20,44,0.0204081632653061,0.0,81.37192137192137
p084,1,8,0.072,0.2475,19,41,0.0204081632653061,0.04,70.69036069036069
p084,1,9,0.068,0.253,23,45,0.0,0.02,89.97700997700997
p084,1,10,0.072,0.246,20,41,0.0,0.02,77.45426745426745
p084,1,11,0.0705,0.25,18,44,0.0408163265306122,0.12,62.47409497409498
p084,1,12,0.07,0.2585,19,37,0.0,0.02,69.17004917004915
p084,1,13,0.072,0.2445,19,38,0.0,0.02,71.37731137731139
p084,1,14,0.067,0.3075,19,43,0.0408163265306122,0.12,58.650573650573655
p084,1,15,0.0579999999999999,0.214,18,31,0.3673469387755102,0.04,50.3074503074503
p084,1,16,0.068,0.2555,17,37,0.0408163265306122,0.0,62.27458227458228
p084,1,17,0.061,0.2745,22,47,0.0204081632653061,0.02,86.57943657943657
p084,1,18,0.066,0.2339999999999999,21,44,0.0408163265306122,0.02,81.54924154924156
p084,1,19,0.068,0.237,23,46,0.0204081632653061,0.04,88.62785862785863
p084,1,20,0.067,0.2485,16,37,0.0408163265306122,0.0,60.83242583242584
p084,1,21,0.0655,0.2635,20,40,0.0408163265306122,0.0,73.05803055803055
p084,1,22,0.072,0.258,17,40,0.0,0.0,69.68000968000968
p084,1,23,0.067,0.2665,22,45,0.0,0.04,84.63094963094962
p084,1,24,0.0655,0.2635,19,37,0.0,0.04,67.8891253891254
p084,1,25,0.0705,0.243,17,42,0.0816326530612244,0.04,60.87524337524338
p084,1,26,0.0685,0.2745,18,39,0.0408163265306122,0.08,57.79128029128029
p084,1,27,0.0675,0.251,20,41,0.0204081632653061,0.08,70.08868758868759
p084,1,28,0.068,0.252,20,44,0.0204081632653061,0.0,81.12310112310114
p084,1,29,0.072,0.2605,17,40,0.0612244897959183,0.08,54.87949487949488
p084,1,30,0.072,0.264,17,44,0.0,0.06,68.65205865205866
p084,1,31,0.0715,0.2845,19,43,0.0,0.0,75.75446325446326
p084,1,32,0.076,0.288,17,41,0.0408163265306122,0.1,52.98551298551299
p084,1,33,0.072,0.268,19,47,0.0408163265306122,0.02,75.8015158015158
p084,1,34,0.0685,0.2605,20,41,0.0204081632653061,0.04,72.6033451033451
p084,1,35,0.072,0.2635,20,44,0.0,0.02,79.54866954866957
p084,1,36,0.072,0.264,21,43,0.0,0.0,82.44937244937245
p084,1,37,0.072,0.269,22,45,0.0,0.02,85.04207504207504
p084,1,38,0.068,0.2485,16,36,0.0204081632653061,0.02,59.84137984137984
p084,1,39,0.0715,0.2645,21,41,0.0408163265306122,0.0,75.19236269236269
p084,1,40,0.0735,0.24,17,40,0.0204081632653061,0.0,68.74371624371625
p084,1,41,0.0705,0.266,24,48,0.0408163265306122,0.02,85.88266838266838
p084,1,42,0.068,0.2435,18,38,0.0204081632653061,0.0,69.51973951973953
p084,1,43,0.0685,0.268,27,46,0.0204081632653061,0.04,85.4057079057079
p084,1,44,0.064,0.2345,22,46,0.0612244897959183,0.0,86.39133639133638
p084,1,45,0.0685,0.2655,20,44,0.0612244897959183,0.06,69.33524183524185
p084,2,0,0.0695,0.2455,18,43,0.0612244897959183,0.06,65.05519255519256
p084,2,1,0.072,0.26,19,36,0.0204081632653061,0.0,66.73255673255672
p084,2,2,0.068,0.27,19,47,0.0204081632653061,0.06,75.23094523094524
p084,2,3,0.0715,0.2665,23,45,0.0,0.0,89.64417714417715
p084,2,4,0.071,0.292,19,42,0.0204081632653061,0.06,65.90420090420092
p084,2,5,0.072,0.2744999999999999,23,43,0.0612244897959183,0.0,79.01736901736903
p084,2,6,0.071,0.281,20,44,0.0204081632653061,0.06,71.95035695035695
p084,2,7,0.066,0.278,19,39,0.0,0.0,72.58643258643258
p084,2,8,0.065,0.2804999999999999,19,39,0.0204081632653061,0.04,66.4896214896215
p084,2,9,0.068,0.2785,21,45,0.0408163265306122,0.06,74.1969441969442
p084,2,10,0.065,0.2725,20,45,0.0204081632653061,0.02,79.21553421553422
p084,2,11,0.0725,0.2715,19,45,0.0,0.04,75.67806817806817
p084,2,12,0.0655,0.3,24,43,0.0408163265306122,0.1,71.13412863412863
p084,2,13,0.064,0.26,15,33,0.0204081632653061,0.02,57.07850707850708
p084,2,14,0.0695,0.276,22,46,0.0,0.02,86.21866371866372
p084,2,15,0.068,0.2865,24,46,0.0,0.02,87.90570790570791
p084,2,16,0.069,0.281,20,42,0.0408163265306122,0.0,73.03704803704802
p084,2,17,0.0685,0.284,18,42,0.0204081632653061,0.02,68.62299112299114
p084,2,18,0.068,0.2915,21,44,0.0204081632653061,0.02,77.6982476982477
p084,2,19,0.071,0.2575,19,41,0.0,0.0,76.01211101211102
p084,2,20,0.0745,0.3015,20,44,0.0408163265306122,0.04,68.53587103587104
p084,2,21,0.072,0.2875,22,46,0.0612244897959183,0.06,73.62571362571364
p084,2,22,0.062,0.2655,19,38,0.1428571428571428,0.0,56.365156365156366
p084,2,23,0.0635,0.277,18,37,0.0612244897959183,0.0,61.07481107481107
p084,2,24,0.0705,0.2555,20,37,0.0204081632653061,0.02,69.35130185130184
p084,2,25,0.067,0.2845,19,43,0.0204081632653061,0.04,70.74123574123574
p084,2,26,0.07,0.2785,23,47,0.0,0.02,89.5123695123695
p084,2,27,0.0655,0.2585,19,40,0.0,0.06,70.38392788392788
p084,2,28,0.068,0.275,21,44,0.0,0.0,83.58270358270359
p084,2,29,0.067,0.276,18,37,0.0,0.02,65.75163075163074
p084,2,30,0.065,0.276,21,41,0.0612244897959183,0.04,69.5041745041745
p084,2,31,0.07,0.266,22,40,0.0408163265306122,0.04,72.79455279455279
p084,2,32,0.061,0.2575,23,44,0.1020408163265306,0.0,79.14397914397915
p084,2,33,0.071,0.256,18,40,0.0,0.02,70.64740564740566
p084,2,34,0.0685,0.2804999999999999,22,43,0.0,0.02,82.16015466015466
p084,2,35,0.069,0.278,22,43,0.0612244897959183,0.04,73.29664829664829
p084,2,36,0.067,0.3155,23,43,0.0408163265306122,0.06,72.92913792913794
p084,2,37,0.072,0.298,21,37,0.0204081632653061,0.04,65.26900526900528
p084,2,38,0.0735,0.2615,17,34,0.0204081632653061,0.0,58.8992563992564
p084,2,39,0.0695,0.323,19,42,0.0,0.02,69.24289674289673
p084,2,40,0.0675,0.2845,20,40,0.0408163265306122,0.0,70.47973797973798
p084,2,41,0.0685,0.28,19,43,0.0612244897959183,0.0,69.77634227634228
p084,2,42,0.071,0.268,21,41,0.0,0.0,79.72296472296473
p084,2,43,0.0685,0.256,19,41,0.0204081632653061,0.02,72.52469502469502
p084,2,44,0.071,0.26,18,41,0.0408163265306122,0.0,68.6190036190036
p084,2,45,0.07,0.271,22,43,0.0204081632653061,0.02,80.37301037301037
p084,2,46,0.07,0.269,19,43,0.0408163265306122,0.06,67.34569734569736
p084,2,47,0.0715,0.295,21,39,0.1632653061224489,0.06,52.11488961488963
p085,1,0,0.094,0.3595,15,31,0.1632653061224489,0.26,10.875160875160878
p085,1,1,0.1015,0.259,13,26,0.3061224489795918,0.34,19.149506649506645
p085,1,2,0.112,0.316,17,46,0.0204081632653061,0.02,57.80989780989781
p085,1,3,0.1035,0.325,18,39,0.0408163265306122,0.08,44.4028919028919
p085,1,4,0.1015,0.315,22,39,0.0,0.02,65.72135322135323
p085,1,5,0.111,0.2855,19,42,0.0612244897959183,0.04,54.12098912098913
p085,1,6,0.099,0.3205,19,39,0.1632653061224489,0.18,27.14170214170214
p085,1,7,0.1135,0.2985,15,39,0.0204081632653061,0.0,49.7010472010472
p085,1,8,0.1175,0.3445,22,47,0.0204081632653061,0.04,64.98248248248248
p085,1,9,0.103,0.2895,14,30,0.2040816326530612,0.28,15.739310739310746
p085,1,10,0.109,0.3255,18,42,0.0204081632653061,0.04,52.97412797412797
p085,1,11,0.123,0.326,21,42,0.0,0.0,62.81825781825782
p085,1,12,0.1205,0.3255,19,40,0.0408163265306122,0.08,43.96822646822648
p085,1,13,0.1165,0.3315,19,42,0.0,0.02,57.201569701569696
p085,1,14,0.1115,0.305,17,38,0.0612244897959183,0.12,34.75247225247226
p085,1,15,0.1095,0.2715,20,36,0.1224489795918367,0.14,34.16606166606166
p085,1,16,0.1095,0.3085,19,43,0.0612244897959183,0.1,47.90232540232541
p085,1,17,0.111,0.356,23,45,0.0612244897959183,0.02,62.2857472857473
p085,1,18,0.111,0.345,19,42,0.0408163265306122,0.0,54.24968924968925
p085,1,19,0.1185,0.358,19,39,0.0816326530612244,0.06,36.99905949905951
p085,1,20,0.132,0.3145,20,42,0.0408163265306122,0.0,54.68369468369469
p085,1,21,0.113,0.294,19,41,0.0612244897959183,0.04,51.51189651189652
p085,1,22,0.1195,0.316,19,39,0.0204081632653061,0.02,51.81172931172932
p085,1,23,0.1015,0.3085,21,38,0.0408163265306122,0.06,54.24339174339176
p085,1,24,0.0925,0.2895,17,38,0.2244897959183673,0.12,31.30402380402381
p085,1,25,0.123,0.3045,18,37,0.0,0.02,49.56544456544457
p085,1,26,0.1015,0.327,20,46,0.0612244897959183,0.08,56.03419353419354
p085,1,27,0.0995,0.2965,16,28,0.3265306122448979,0.36,15.871943371943374
p085,1,28,0.112,0.295,18,43,0.0612244897959183,0.04,51.83304183304184
p085,1,29,0.125,0.335,16,40,0.0408163265306122,0.1,32.95113795113796
p085,1,30,0.113,0.3325,24,45,0.0,0.06,67.60106260106261
p085,1,31,0.1125,0.3395,14,31,0.1428571428571428,0.24,8.472400972400969
p085,1,32,0.101,0.313,18,39,0.0612244897959183,0.16,36.41097141097142
p085,1,33,0.13,0.338,17,39,0.0204081632653061,0.02,42.34762234762234
p085,1,34,0.1164999999999999,0.3389999999999999,16,43,0.0816326530612244,0.18,26.25138875138879
p085,1,35,0.108,0.329,18,47,0.0408163265306122,0.08,53.18747318747319
p085,1,36,0.1015,0.28,21,43,0.0816326530612244,0.12,53.18904068904069
p085,1,37,0.1125,0.323,16,40,0.1020408163265306,0.08,31.83752433752433
p085,1,38,0.125,0.3075,19,44,0.0204081632653061,0.0,59.615164615164616
p085,1,39,0.1205,0.3045,18,43,0.0408163265306122,0.06,49.387381887381885
p085,1,40,0.111,0.299,18,40,0.0612244897959183,0.06,45.97273097273099
p085,1,41,0.1149999999999999,0.358,22,48,0.0204081632653061,0.14,54.96710996711
p085,1,42,0.105,0.3335,20,44,0.0204081632653061,0.0,64.15541915541915
p085,1,43,0.137,0.3125,16,35,0.0204081632653061,0.0,38.29048829048829
p085,1,44,0.1225,0.3075,21,40,0.0204081632653061,0.0,59.844102344102346
p085,1,45,0.1115,0.2965,17,38,0.0204081632653061,0.04,47.77263527263528
p085,1,46,0.093,0.226,14,22,0.3673469387755102,0.4,24.47661947661948
p085,1,47,0.114,0.3305,20,49,0.0816326530612244,0.1,49.75689975689976
p085,1,48,0.1215,0.2985,19,40,0.0408163265306122,0.04,50.13653763653764
p085,1,49,0.1125,0.455,26,44,0.0408163265306122,0.12,52.066544566544565
p085,1,50,0.121,0.3409999999999999,20,41,0.0816326530612244,0.1,39.346874346874365
p085,1,51,0.114,0.2945,22,45,0.0,0.0,74.34137434137433
p085,2,0,0.1195,0.4155,20,45,0.0204081632653061,0.04,54.32743182743183
p085,2,1,0.108,0.3555,21,42,0.0816326530612244,0.16,39.09810909810911
p085,2,2,0.12,0.3415,20,47,0.0,0.04,62.30659230659231
p085,2,3,0.1135,0.3535,22,46,0.0,0.0,69.83656733656734
p085,2,4,0.0985,0.31,20,41,0.0408163265306122,0.08,54.42087692087693
p085,2,5,0.1325,0.383,24,42,0.0,0.02,58.76170126170126
p085,2,6,0.119,0.313,16,36,0.1020408163265306,0.12,22.45899745899746
p085,2,7,0.1215,0.3425,17,41,0.0204081632653061,0.08,40.92952842952843
p085,2,8,0.107,0.367,13,30,0.1836734693877551,0.3,7.029172029172032
p085,2,9,0.1075,0.348,21,40,0.0204081632653061,0.02,57.50962500962501
p085,2,10,0.1085,0.3175,21,44,0.0408163265306122,0.02,63.07183557183558
p085,2,11,0.092,0.2815,16,34,0.2448979591836734,0.3,19.159159159159163
p085,2,12,0.111,0.3115,17,40,0.0204081632653061,0.02,50.806135806135806
p085,2,13,0.108,0.43,21,43,0.0,0.1,53.7077737077737
p085,2,14,0.1305,0.3675,19,39,0.0408163265306122,0.08,36.1010186010186
p085,2,15,0.121,0.36,14,35,0.1020408163265306,0.16,12.292347292347287
p085,2,16,0.12,0.3575,21,43,0.0204081632653061,0.04,55.576785576785575
p085,2,17,0.081,0.3705,15,33,0.2653061224489796,0.38,12.869297869297869
p085,2,18,0.1205,0.368,21,46,0.0408163265306122,0.08,52.16818466818467
p085,2,19,0.1149999999999999,0.2835,16,30,0.3265306122448979,0.0,30.149435149435178
p085,2,20,0.1205,0.3105,19,42,0.0408163265306122,0.02,53.589386089386096
p085,2,21,0.1159999999999999,0.4285,21,45,0.0612244897959183,0.04,52.77981277981281
p085,2,22,0.089,0.301,18,33,0.3673469387755102,0.02,37.4982124982125
p085,2,23,0.126,0.3405,21,39,0.0204081632653061,0.04,50.72171072171073
p085,2,24,0.1169999999999999,0.334,19,37,0.1020408163265306,0.12,29.25799425799428
p085,2,25,0.119,0.3535,22,42,0.0816326530612244,0.04,50.17132517132518
p085,2,26,0.1015,0.4215,21,42,0.1020408163265306,0.04,47.62413512413513
p085,2,27,0.1215,0.33,18,34,0.0612244897959183,0.04,34.52917202917204
p085,2,28,0.118,0.365,22,42,0.0204081632653061,0.0,60.104830104830114
p085,2,29,0.1169999999999999,0.3245,19,40,0.0408163265306122,0.08,44.90165990165993
p085,2,30,0.1115,0.388,22,45,0.0408163265306122,0.04,58.61314611314612
p085,2,31,0.119,0.373,22,43,0.0204081632653061,0.0,60.34798534798535
p085,2,32,0.118,0.3045,19,38,0.0,0.0,56.27077627077628
p085,2,33,0.1185,0.3215,17,42,0.0408163265306122,0.08,42.647015147015146
p085,2,34,0.11,0.408,22,44,0.0408163265306122,0.06,55.83638583638585
p085,2,35,0.1225,0.3365,21,38,0.1020408163265306,0.1,35.59402809402809
p085,2,36,0.1285,0.413,23,44,0.0204081632653061,0.12,50.63797313797314
p085,2,37,0.119,0.3455,19,45,0.0816326530612244,0.16,36.56431156431157
p085,2,38,0.121,0.3535,20,42,0.0408163265306122,0.08,45.991430991431
p085,2,39,0.127,0.373,22,42,0.0204081632653061,0.02,55.30932030932031
p085,2,40,0.1315,0.3355,21,39,0.1428571428571428,0.18,22.66401016401016
p085,2,41,0.133,0.376,21,35,0.0,0.02,44.90638990638991
p085,2,42,0.1115,0.368,21,40,0.1224489795918367,0.2,27.835665335665336
p085,2,43,0.103,0.4305,14,26,0.2448979591836734,0.3,7.380952380952384
p085,2,44,0.13,0.3415,18,40,0.0204081632653061,0.04,43.80842380842381
p085,2,45,0.119,0.3435,18,38,0.0408163265306122,0.1,35.72666072666073
p085,2,46,0.107,0.361,20,39,0.0816326530612244,0.0,47.373362373362376
p085,2,47,0.118,0.3195,20,42,0.0816326530612244,0.04,49.05091905091907
p085,2,48,0.127,0.3165,21,41,0.0204081632653061,0.02,57.30197230197231
p085,2,49,0.1195,0.329,21,38,0.0816326530612244,0.12,37.58816508816509
p085,2,50,0.1025,0.3095,19,39,0.1020408163265306,0.1,39.57878207878208
p085,2,51,0.105,0.3095,16,36,0.0408163265306122,0.02,42.54479754479755
p085,2,52,0.1225,0.3565,20,46,0.0204081632653061,0.02,58.3987008987009
p085,2,53,0.106,0.415,22,45,0.0612244897959183,0.14,48.282458282458286
p085,2,54,0.1,0.3185,21,43,0.0612244897959183,0.06,57.62883762883763
p086,1,0,0.132,0.37,19,37,0.0204081632653061,0.06,37.16232716232716
p086,1,1,0.1215,0.4425,18,46,0.0204081632653061,0.04,50.371387871387874
p086,1,2,0.105,0.354,17,43,0.0204081632653061,0.0,53.67845867845868
p086,1,3,0.1325,0.372,18,36,0.0,0.0,41.11658361658361
p086,1,4,0.1135,0.344,21,44,0.0612244897959183,0.04,54.995902495902506
p086,1,5,0.114,0.372,19,42,0.0612244897959183,0.04,44.74804474804476
p086,1,6,0.1115,0.3395,19,38,0.0204081632653061,0.0,51.93393943393943
p086,1,7,0.125,0.3535,19,39,0.0,0.0,50.98125598125599
p086,1,8,0.1165,0.405,16,40,0.0,0.0,45.1923076923077
p086,1,9,0.127,0.3925,23,45,0.0,0.0,65.76923076923077
p086,1,10,0.122,0.3415,19,44,0.0,0.0,59.3069993069993
p086,1,11,0.122,0.366,19,35,0.0204081632653061,0.04,39.23142923142923
p086,1,12,0.1275,0.346,18,39,0.0,0.0,48.755816255816256
p086,1,13,0.1215,0.3855,18,41,0.0204081632653061,0.0,47.66483516483516
p086,1,14,0.1275,0.3585,23,46,0.0204081632653061,0.04,62.2990297990298
p086,1,15,0.124,0.376,18,42,0.0408163265306122,0.0,45.97069597069598
p086,1,16,0.119,0.3419999999999999,21,40,0.0408163265306122,0.02,52.991177991178
p086,1,17,0.106,0.3405,18,38,0.1632653061224489,0.16,21.66188166188166
p086,1,18,0.127,0.3735,21,42,0.0204081632653061,0.0,54.78021978021979
p086,1,19,0.1115,0.358,17,39,0.0408163265306122,0.04,40.51757801757802
p086,1,20,0.1245,0.3355,20,40,0.0408163265306122,0.0,51.8032043032043
p086,1,21,0.1275,0.359,17,35,0.1224489795918367,0.16,10.844828344828343
p086,1,22,0.1385,0.363,17,40,0.0,0.0,44.40759440759441
p086,1,23,0.138,0.4125,20,41,0.0204081632653061,0.04,45.74684574684574
p086,1,24,0.133,0.3475,16,42,0.0408163265306122,0.0,41.61848661848662
p086,1,25,0.1385,0.432,19,40,0.0,0.0,48.16849816849817
p086,1,26,0.127,0.3645,19,38,0.0,0.0,48.12191312191313
p086,1,27,0.135,0.433,18,41,0.0204081632653061,0.0,44.68864468864469
p086,1,28,0.1355,0.406,21,44,0.0,0.02,56.20675620675621
p086,1,29,0.135,0.383,16,39,0.0,0.0,39.74358974358975
p086,1,30,0.13,0.371,23,41,0.0612244897959183,0.08,45.57667557667558
p086,1,31,0.127,0.383,17,41,0.0204081632653061,0.0,43.97435897435898
p086,1,32,0.127,0.3875,19,43,0.0204081632653061,0.0,51.30036630036631
p086,1,33,0.14,0.4045,17,40,0.0204081632653061,0.0,41.02564102564103
p086,1,34,0.138,0.398,22,48,0.0,0.0,64.28571428571429
p086,1,35,0.1225,0.355,20,40,0.0408163265306122,0.06,44.77188727188727
p086,1,36,0.133,0.349,17,39,0.0204081632653061,0.0,42.38408738408739
p086,1,37,0.127,0.379,20,43,0.0204081632653061,0.0,53.681318681318686
p086,1,38,0.1215,0.35,20,39,0.1020408163265306,0.0,42.64113014113014
p086,1,39,0.1165,0.3285,18,38,0.1632653061224489,0.0,35.17789767789768
p086,1,40,0.101,0.3445,19,36,0.3265306122448979,0.0,37.08362208362209
p086,1,41,0.122,0.337,18,37,0.0408163265306122,0.04,39.93652993652993
p086,1,42,0.121,0.422,28,44,0.1224489795918367,0.06,46.07448107448107
p086,1,43,0.1345,0.379,22,44,0.0,0.0,60.43956043956044
p086,1,44,0.127,0.3695,22,45,0.0204081632653061,0.0,61.357676357676354
p086,2,0,0.14,0.3595,18,45,0.0408163265306122,0.04,45.08354508354508
p086,2,1,0.1275,0.3815,21,37,0.1020408163265306,0.1,29.467846967846967
p086,2,2,0.149,0.411,19,47,0.0,0.0,57.142857142857146
p086,2,3,0.1305,0.367,23,45,0.0,0.02,63.68464618464619
p086,2,4,0.146,0.3795,20,42,0.0,0.04,49.40984940984941
p086,2,5,0.135,0.4215,25,45,0.0204081632653061,0.04,58.01790801790802
p086,2,6,0.132,0.3855,21,44,0.0,0.02,56.682946682946685
p086,2,7,0.1275,0.3615,18,37,0.0,0.0,44.64016214016214
p086,2,8,0.1355,0.4025,21,40,0.0204081632653061,0.04,46.845746845746845
p086,2,9,0.1305,0.3935,19,42,0.0,0.0,51.56593406593407
p086,2,10,0.1425,0.362,20,44,0.0408163265306122,0.04,48.31314831314831
p086,2,11,0.138,0.385,18,43,0.0,0.0,49.63369963369964
p086,2,12,0.1345,0.3445,20,38,0.0204081632653061,0.0,48.45724845724845
p086,2,13,0.122,0.345,18,41,0.0612244897959183,0.06,40.03113003113004
p086,2,14,0.133,0.3875,19,43,0.0204081632653061,0.04,46.168091168091166
p086,2,15,0.138,0.3835,23,46,0.0408163265306122,0.08,53.215303215303216
p086,2,16,0.122,0.365,19,35,0.2040816326530612,0.18,12.082852082852083
p086,2,17,0.1455,0.3695,18,42,0.0816326530612244,0.06,33.62263362263364
p086,2,18,0.1225,0.361,20,43,0.0204081632653061,0.0,55.95394845394845
p086,2,19,0.122,0.3545,21,44,0.0,0.02,60.91575091575092
p086,2,20,0.13,0.375,19,39,0.0204081632653061,0.02,43.606023606023605
p086,2,21,0.135,0.395,21,44,0.0408163265306122,0.0,53.2967032967033
p086,2,22,0.1245,0.426,20,39,0.1020408163265306,0.0,39.62454212454213
p086,2,23,0.14,0.3735,17,32,0.0408163265306122,0.0,30.952380952380956
p086,2,24,0.1245,0.354,20,40,0.0612244897959183,0.06,42.014844514844526
p086,2,25,0.1425,0.411,18,37,0.0,0.0,41.94139194139194
p086,2,26,0.138,0.376,22,44,0.0,0.0,60.43956043956044
p086,2,27,0.1375,0.3505,22,45,0.0204081632653061,0.0,61.5929115929116
p086,2,28,0.1375,0.39,21,42,0.0,0.04,51.790801790801794
p086,2,29,0.138,0.4125,21,45,0.0204081632653061,0.04,53.25600325600326
p086,2,30,0.124,0.3535,21,39,0.1020408163265306,0.12,32.965382965382965
p086,2,31,0.127,0.346,21,41,0.0204081632653061,0.0,56.200871200871205
p086,2,32,0.148,0.3865,25,48,0.0,0.02,64.81481481481481
p086,2,33,0.1305,0.354,20,41,0.0,0.0,54.56673706673707
p086,2,34,0.1405,0.3645,19,41,0.0204081632653061,0.0,47.92044792044792
p086,2,35,0.1355,0.371,26,47,0.0816326530612244,0.02,55.4912054912055
p086,2,36,0.143,0.4005,20,35,0.0,0.02,42.28734228734229
p086,2,37,0.137,0.3835,21,38,0.0,0.02,48.51444851444851
p086,2,38,0.1295,0.3485,19,39,0.0204081632653061,0.0,48.02937552937553
p086,2,39,0.1085,0.3545,18,34,0.2653061224489796,0.2,12.685185185185183
p086,2,40,0.124,0.3725,20,41,0.0408163265306122,0.04,45.79689579689581
p086,2,41,0.1225,0.3765,20,43,0.0408163265306122,0.0,52.37179487179488
p086,2,42,0.13,0.3465,21,42,0.0204081632653061,0.0,56.71858671858672
p086,2,43,0.136,0.367,22,41,0.0204081632653061,0.04,51.10935110935111
p086,2,44,0.1125,0.325,21,40,0.2040816326530612,0.02,44.33573683573684
p086,2,45,0.1465,0.362,16,37,0.0204081632653061,0.0,35.8996358996359
p086,2,46,0.1275,0.378,20,46,0.0612244897959183,0.0,52.64652014652015
p086,2,47,0.135,0.3995,22,43,0.0204081632653061,0.0,56.77655677655678
p087,1,0,0.096,0.287,16,31,0.1020408163265306,0.16,24.269984269984267
p087,1,1,0.095,0.288,16,43,0.0204081632653061,0.0,60.285065285065286
p087,1,2,0.095,0.256,17,38,0.0816326530612244,0.12,41.20499620499621
p087,1,3,0.095,0.32,21,41,0.0612244897959183,0.12,50.54950554950556
p087,1,4,0.091,0.256,20,41,0.0408163265306122,0.0,69.01940401940402
p087,1,5,0.087,0.2565,21,46,0.0612244897959183,0.06,70.77643577643578
p087,1,6,0.0875,0.304,16,39,0.0204081632653061,0.06,49.78541728541728
p087,1,7,0.096,0.352,18,36,0.1020408163265306,0.14,26.94133694133693
p087,1,8,0.088,0.287,19,43,0.0,0.0,71.57564157564158
p087,1,9,0.096,0.288,17,42,0.0204081632653061,0.06,55.590315590315605
p087,1,10,0.091,0.287,23,47,0.0204081632653061,0.04,79.42871442871443
p087,1,11,0.096,0.352,19,42,0.0,0.0,61.88232188232189
p087,1,12,0.095,0.288,19,36,0.0204081632653061,0.04,54.74985974985975
p087,1,13,0.095,0.2875,18,37,0.0408163265306122,0.1,45.76450076450077
p087,1,14,0.096,0.288,20,41,0.0204081632653061,0.02,65.15482515482516
p087,1,15,0.096,0.3359999999999999,21,43,0.0,0.0,69.52787952787953
p087,1,16,0.0795,0.3355,20,43,0.0612244897959183,0.08,56.57528407528408
p087,1,17,0.096,0.288,19,45,0.0204081632653061,0.0,69.75392975392975
p087,1,18,0.0915,0.288,21,45,0.0408163265306122,0.0,73.2063107063107
p087,1,19,0.095,0.3359999999999999,21,45,0.0408163265306122,0.12,56.45706145706148
p087,1,20,0.095,0.3155,18,41,0.1224489795918367,0.1,38.56609356609356
p087,1,21,0.096,0.2885,20,38,0.0612244897959183,0.08,50.94116094116095
p087,1,22,0.095,0.288,22,48,0.0408163265306122,0.0,77.31803231803232
p087,1,23,0.087,0.272,18,41,0.0408163265306122,0.1,54.34901934901935
p087,1,24,0.096,0.28,20,43,0.0408163265306122,0.1,58.731368731368725
p087,1,25,0.095,0.3195,18,39,0.0204081632653061,0.06,51.210056210056216
p087,1,26,0.095,0.288,16,44,0.0408163265306122,0.06,53.63060863060864
p087,1,27,0.096,0.319,22,42,0.0204081632653061,0.04,66.24382624382625
p087,1,28,0.0955,0.492,21,39,0.0408163265306122,0.18,39.3864468864469
p087,1,29,0.095,0.344,18,38,0.0,0.02,53.560208560208565
p087,1,30,0.095,0.288,16,39,0.0204081632653061,0.0,55.15686015686016
p087,1,31,0.0955,0.32,18,43,0.0,0.02,62.25381975381976
p087,1,32,0.0955,0.288,20,44,0.0204081632653061,0.06,65.41632291632293
p087,1,33,0.096,0.288,17,42,0.0,0.02,61.67497167497168
p087,1,34,0.095,0.256,18,45,0.0408163265306122,0.0,68.43332343332344
p087,1,35,0.096,0.3,21,38,0.1224489795918367,0.14,39.47254947254947
p087,1,36,0.095,0.288,18,41,0.0204081632653061,0.06,56.92731192731193
p087,1,37,0.096,0.304,21,46,0.0,0.0,76.57723657723658
p087,1,38,0.096,0.36,23,44,0.0204081632653061,0.1,61.52922152922153
p087,1,39,0.095,0.288,18,44,0.1020408163265306,0.12,45.69410069410069
p087,1,40,0.095,0.32,18,44,0.0408163265306122,0.1,51.48560648560649
p087,1,41,0.088,0.256,20,42,0.0612244897959183,0.04,64.93108493108492
p087,1,42,0.088,0.304,19,43,0.0408163265306122,0.12,54.00092400092401
p087,1,43,0.095,0.3115,23,48,0.0,0.04,78.40483340483341
p087,1,44,0.096,0.288,20,37,0.0408163265306122,0.0,59.49751949751951
p087,1,45,0.096,0.256,26,47,0.0408163265306122,0.06,77.1085371085371
p087,1,46,0.095,0.288,22,43,0.0,0.06,71.39617639617639
p087,1,47,0.0955,0.3,23,46,0.0,0.04,78.15488565488566
p087,2,0,0.095,0.287,17,41,0.0816326530612244,0.12,41.94804694804696
p087,2,1,0.096,0.2714999999999999,21,42,0.0408163265306122,0.02,68.0885280885281
p087,2,2,0.088,0.2515,19,47,0.0,0.0,80.25740025740025
p087,2,3,0.095,0.3195,22,44,0.0204081632653061,0.06,67.14412214412214
p087,2,4,0.096,0.32,20,46,0.0,0.14,59.631719631719626
p087,2,5,0.096,0.2885,19,40,0.0408163265306122,0.14,47.94970794970797
p087,2,6,0.096,0.3195,22,45,0.0,0.04,72.42088242088242
p087,2,7,0.095,0.3195,19,42,0.0408163265306122,0.1,51.35250635250636
p087,2,8,0.0915,0.256,18,38,0.0,0.0,65.05420255420255
p087,2,9,0.096,0.287,21,41,0.0408163265306122,0.04,63.40307340307341
p087,2,10,0.087,0.288,15,40,0.0816326530612244,0.12,40.0897050897051
p087,2,11,0.096,0.288,19,42,0.0408163265306122,0.02,61.67497167497169
p087,2,12,0.096,0.288,17,39,0.0816326530612244,0.12,39.045749045749055
p087,2,13,0.088,0.3475,23,42,0.0408163265306122,0.08,61.5920315920316
p087,2,14,0.096,0.352,18,38,0.0816326530612244,0.14,31.88639188639189
p087,2,15,0.0955,0.288,21,44,0.0,0.0,75.73378323378324
p087,2,16,0.088,0.288,23,46,0.0408163265306122,0.1,70.82434082434084
p087,2,17,0.095,0.2714999999999999,20,44,0.0408163265306122,0.04,66.65792165792168
p087,2,18,0.095,0.272,21,42,0.0408163265306122,0.02,68.27657327657327
p087,2,19,0.088,0.348,21,45,0.0204081632653061,0.08,63.007183007183016
p087,2,20,0.088,0.284,20,41,0.1020408163265306,0.12,48.67691867691867
p087,2,21,0.0955,0.288,20,37,0.0,0.02,62.52662002662003
p087,2,22,0.096,0.288,20,45,0.0204081632653061,0.0,72.13488213488215
p087,2,23,0.096,0.288,20,36,0.1020408163265306,0.0,51.07261107261108
p087,2,24,0.096,0.304,21,42,0.1428571428571428,0.08,47.37495737495738
p087,2,25,0.095,0.287,19,35,0.1020408163265306,0.06,42.19224719224719
p087,2,26,0.0915,0.319,19,40,0.1020408163265306,0.16,36.97337447337447
p087,2,27,0.0915,0.287,19,41,0.0,0.0,68.17820567820569
p087,2,28,0.096,0.3045,23,45,0.0,0.0,80.00704000704
p087,2,29,0.095,0.319,20,43,0.0408163265306122,0.04,60.62111562111562
p087,2,30,0.096,0.288,20,41,0.0204081632653061,0.04,63.30297330297331
p087,2,31,0.096,0.287,17,39,0.0,0.0,59.78076978076978
p087,2,32,0.088,0.316,22,42,0.0612244897959183,0.16,52.57587257587258
p087,2,33,0.096,0.3355,20,44,0.0816326530612244,0.14,45.992255992256
p087,2,34,0.096,0.2885,22,42,0.0816326530612244,0.18,49.1910591910592
p087,2,35,0.095,0.2875,23,49,0.0204081632653061,0.06,76.57443157443159
p087,2,36,0.096,0.319,18,40,0.0408163265306122,0.1,46.21940621940623
p087,2,37,0.096,0.288,21,44,0.0204081632653061,0.04,69.53007953007953
p087,2,38,0.088,0.316,21,42,0.1020408163265306,0.12,49.13671913671913
p087,2,39,0.0915,0.256,23,42,0.0612244897959183,0.08,67.53690503690505
p087,2,40,0.096,0.288,21,35,0.0,0.02,62.22442222442223
p087,2,41,0.096,0.288,17,39,0.1020408163265306,0.14,34.81294481294481
p087,2,42,0.096,0.319,17,39,0.0612244897959183,0.08,42.02730202730204
p087,2,43,0.096,0.288,20,46,0.0612244897959183,0.1,59.395769395769406
p087,2,44,0.088,0.312,21,44,0.0408163265306122,0.06,64.7996347996348
p087,2,45,0.096,0.2714999999999999,19,45,0.0612244897959183,0.0,66.64367664367666
p087,2,46,0.096,0.288,20,43,0.0204081632653061,0.06,64.01522401522402
p087,2,47,0.095,0.287,20,42,0.0816326530612244,0.06,55.92851092851095
p087,2,48,0.064,0.2714999999999999,19,41,0.0816326530612244,0.06,61.198011198011216
p087,2,49,0.095,0.2875,19,41,0.0816326530612244,0.1,48.51175351175352
p087,2,50,0.096,0.32,20,44,0.0204081632653061,0.02,65.7977757977758
p087,2,51,0.0955,0.288,20,40,0.0816326530612244,0.1,49.44155694155695
p088,1,0,0.08,0.376,16,34,0.0612244897959183,0.14,26.08465608465609
p088,1,1,0.079,0.371,18,47,0.0204081632653061,0.06,60.12083512083512
p088,1,2,0.088,0.3355,17,38,0.0204081632653061,0.0,53.16767316767317
p088,1,3,0.079,0.4115,22,43,0.0204081632653061,0.12,58.76068376068376
p088,1,4,0.088,0.344,21,45,0.0408163265306122,0.06,62.87848287848289
p088,1,5,0.079,0.331,20,42,0.0612244897959183,0.04,59.56643456643457
p088,1,6,0.079,0.383,16,41,0.0204081632653061,0.0,53.02197802197802
p088,1,7,0.0795,0.311,20,47,0.0204081632653061,0.0,76.32525382525381
p088,1,8,0.08,0.319,19,44,0.0,0.02,69.7073997073997
p088,1,9,0.079,0.328,22,43,0.0,0.0,76.75725175725175
p088,1,10,0.0795,0.356,17,43,0.0204081632653061,0.08,52.14227964227965
p088,1,11,0.0805,0.3035,19,46,0.0,0.0,75.55585805585805
p088,1,12,0.08,0.32,19,40,0.0,0.02,64.47909447909448
p088,1,13,0.072,0.312,19,39,0.0204081632653061,0.04,61.669801669801664
p088,1,14,0.0755,0.388,19,42,0.0612244897959183,0.02,55.66646316646317
p088,1,15,0.072,0.236,18,33,0.3061224489795918,0.02,48.05233805233806
p088,1,16,0.0834999999999999,0.316,18,41,0.0408163265306122,0.0,60.03720753720757
p088,1,17,0.0805,0.3515,19,40,0.0408163265306122,0.02,56.44498894498895
p088,1,18,0.072,0.276,18,37,0.1428571428571428,0.14,36.78337678337677
p088,1,19,0.08,0.284,22,45,0.0204081632653061,0.02,79.25485925485926
p088,1,20,0.08,0.296,16,37,0.0408163265306122,0.0,52.98243298243298
p088,1,21,0.08,0.32,18,40,0.0816326530612244,0.02,52.57433257433258
p088,1,22,0.0795,0.304,18,42,0.0816326530612244,0.12,47.599825099825104
p088,1,23,0.072,0.3399999999999999,18,41,0.0,0.04,61.43110143110144
p088,1,24,0.072,0.324,19,43,0.0,0.0,71.68146168146168
p088,1,25,0.08,0.332,16,41,0.0408163265306122,0.0,54.50703450703451
p088,1,26,0.076,0.32,19,39,0.0,0.0,66.001276001276
p088,1,27,0.072,0.42,21,42,0.0,0.02,68.4045584045584
p088,1,28,0.08,0.3195,18,40,0.0204081632653061,0.0,61.61909161909162
p088,1,29,0.08,0.312,20,42,0.0408163265306122,0.06,61.75934175934176
p088,1,30,0.072,0.312,17,41,0.0,0.0,65.55665555665556
p088,1,31,0.079,0.2755,22,46,0.0,0.0,85.85866085866085
p088,1,32,0.0795,0.3355,18,44,0.0408163265306122,0.06,57.32823482823483
p088,1,33,0.079,0.3155,20,45,0.0408163265306122,0.04,67.34509234509234
p088,1,34,0.08,0.384,17,43,0.0408163265306122,0.06,49.79242979242979
p088,1,35,0.08,0.32,18,42,0.0,0.0,66.51409651409652
p088,1,36,0.08,0.372,20,39,0.0408163265306122,0.14,44.4997744997745
p088,1,37,0.0725,0.2955,19,43,0.0,0.0,74.41526691526693
p088,1,38,0.08,0.36,17,40,0.0204081632653061,0.0,55.184085184085184
p088,1,39,0.072,0.3399999999999999,20,38,0.1020408163265306,0.0,54.14579414579416
p088,1,40,0.072,0.3075,16,40,0.0,0.0,62.344102344102346
p088,1,41,0.072,0.396,26,49,0.0204081632653061,0.04,75.34391534391534
p088,1,42,0.08,0.344,18,38,0.0408163265306122,0.06,48.66602866602867
p088,1,43,0.079,0.2515,22,36,0.2244897959183673,0.22,42.1072171072171
p088,1,44,0.0875,0.4205,22,43,0.0,0.02,68.37708587708589
p088,1,45,0.072,0.304,22,43,0.0,0.0,80.82632082632084
p088,1,46,0.079,0.3235,19,39,0.0204081632653061,0.02,60.7038357038357
p088,2,0,0.08,0.344,17,44,0.0816326530612244,0.12,43.65992365992366
p088,2,1,0.08,0.368,22,44,0.0612244897959183,0.08,59.246939246939256
p088,2,2,0.088,0.324,18,43,0.0408163265306122,0.08,53.32167332167332
p088,2,3,0.0875,0.399,22,44,0.0,0.0,71.51098901098901
p088,2,4,0.095,0.4034999999999999,20,43,0.0204081632653061,0.04,57.59666259666261
p088,2,5,0.092,0.38,22,42,0.0612244897959183,0.12,49.62148962148964
p088,2,6,0.087,0.328,22,43,0.0,0.0,74.85248985248985
p088,2,7,0.08,0.3475,17,39,0.0,0.0,57.53423753423754
p088,2,8,0.095,0.364,20,41,0.0204081632653061,0.06,54.08160908160909
p088,2,9,0.0955,0.3795,20,41,0.0204081632653061,0.0,58.61721611721612
p088,2,10,0.087,0.3755,19,45,0.0,0.0,65.76923076923077
p088,2,11,0.088,0.432,18,47,0.0204081632653061,0.02,61.48148148148149
p088,2,12,0.0839999999999999,0.42,25,45,0.0,0.02,74.15547415547418
p088,2,13,0.088,0.3355,15,31,0.0816326530612244,0.1,29.256399256399263
p088,2,14,0.088,0.3475,21,44,0.0,0.0,71.56354156354156
p088,2,15,0.079,0.368,23,45,0.0,0.0,77.6983026983027
p088,2,16,0.08,0.324,19,41,0.0408163265306122,0.0,62.45069245069245
p088,2,17,0.076,0.3395,19,42,0.0204081632653061,0.02,63.66267366267366
p088,2,18,0.079,0.3635,21,44,0.0204081632653061,0.02,67.87199287199287
p088,2,19,0.08,0.3595,18,41,0.0,0.0,61.27809127809128
p088,2,20,0.08,0.3355,20,40,0.0204081632653061,0.0,64.77939477939478
p088,2,21,0.08,0.3319999999999999,22,45,0.0408163265306122,0.04,70.21725021725022
p088,2,22,0.08,0.3435,18,37,0.1020408163265306,0.06,40.29117029117028
p088,2,23,0.088,0.336,17,33,0.0408163265306122,0.0,45.608465608465615
p088,2,24,0.08,0.3595,19,38,0.0204081632653061,0.0,57.43193743193744
p088,2,25,0.076,0.32,18,37,0.0,0.0,61.056221056221055
p088,2,26,0.08,0.3045,22,44,0.0,0.02,78.3017083017083
p088,2,27,0.088,0.328,22,44,0.0204081632653061,0.0,73.5154935154935
p088,2,28,0.08,0.312,19,42,0.0,0.0,69.6958496958497
p088,2,29,0.08,0.324,23,45,0.0,0.0,81.86461186461186
p088,2,30,0.076,0.36,19,37,0.2040816326530612,0.0,42.76650276650276
p088,2,31,0.08,0.36,20,41,0.0204081632653061,0.0,63.608993608993615
p088,2,32,0.08,0.3475,22,47,0.0204081632653061,0.08,69.90704990704991
p088,2,33,0.088,0.372,19,40,0.0,0.0,59.22097922097922
p088,2,34,0.088,0.372,21,42,0.0204081632653061,0.0,64.16603416603417
p088,2,35,0.08,0.3,23,43,0.1224489795918367,0.0,67.41719741719741
p088,2,36,0.088,0.348,18,30,0.0,0.0,51.55012155012155
p088,2,37,0.087,0.3075,23,40,0.0,0.0,75.43934043934044
p088,2,38,0.0875,0.304,15,32,0.1632653061224489,0.16,19.83018733018733
p088,2,39,0.0795,0.312,19,47,0.0204081632653061,0.02,71.99234949234949
p088,2,40,0.087,0.3475,22,41,0.0204081632653061,0.04,64.25177925177925
p088,2,41,0.08,0.32,18,41,0.0612244897959183,0.0,58.08918808918809
p088,2,42,0.08,0.328,20,39,0.0816326530612244,0.0,57.10523710523711
p088,2,43,0.088,0.332,19,42,0.0408163265306122,0.0,61.02718102718103
p088,2,44,0.088,0.352,21,41,0.0204081632653061,0.02,63.03413303413304
p088,2,45,0.088,0.32,21,40,0.0612244897959183,0.04,58.34152834152835
p088,2,46,0.088,0.312,21,41,0.0,0.02,69.41908941908942
p088,2,47,0.08,0.336,19,41,0.0204081632653061,0.0,63.63044363044363
p089,1,0,0.121,0.303,20,38,0.0,0.02,56.23574123574124
p089,1,1,0.115,0.3365,19,45,0.0204081632653061,0.02,58.52341352341352
p089,1,2,0.1205,0.312,17,41,0.0204081632653061,0.0,51.62808412808414
p089,1,3,0.12,0.3185,18,39,0.0816326530612244,0.14,30.807510807510813
p089,1,4,0.1265,0.3085,20,45,0.0612244897959183,0.08,50.65161315161316
p089,1,5,0.1195,0.298,21,45,0.1020408163265306,0.08,50.98837848837849
p089,1,6,0.1285,0.311,16,44,0.0408163265306122,0.1,39.64841214841215
p089,1,7,0.1295,0.3545,22,47,0.0612244897959183,0.08,52.65873015873017
p089,1,8,0.1335,0.3245,17,41,0.0204081632653061,0.02,45.42974292974293
p089,1,9,0.139,0.363,19,43,0.0,0.04,49.31194931194931
p089,1,10,0.1275,0.3285,21,43,0.0408163265306122,0.12,46.90561440561441
p089,1,11,0.1335,0.3429999999999999,17,42,0.0408163265306122,0.12,33.21973071973073
p089,1,12,0.136,0.36,19,39,0.0,0.02,46.33589633589634
p089,1,13,0.1145,0.29,17,34,0.1428571428571428,0.2,15.332117832117836
p089,1,14,0.1315,0.3075,19,39,0.0,0.0,54.03824153824154
p089,1,15,0.1305,0.375,18,42,0.0408163265306122,0.1,35.16381766381766
p089,1,16,0.1425,0.357,21,41,0.0204081632653061,0.0,53.43310343310343
p089,1,17,0.1435,0.346,19,42,0.0612244897959183,0.1,37.03318703318705
p089,1,18,0.1305,0.341,18,39,0.0204081632653061,0.0,46.161078661078655
p089,1,19,0.1345,0.336,22,44,0.0408163265306122,0.04,55.67765567765567
p089,1,20,0.124,0.3369999999999999,19,40,0.0408163265306122,0.06,43.83559383559385
p089,1,21,0.1345,0.3885,17,41,0.0612244897959183,0.08,30.138380138380143
p089,1,22,0.135,0.337,20,44,0.0408163265306122,0.04,50.81565081565082
p089,1,23,0.134,0.3355,18,44,0.0408163265306122,0.06,44.35204435204435
p089,1,24,0.145,0.3645,18,40,0.0612244897959183,0.04,35.791835791835794
p089,1,25,0.1335,0.372,20,48,0.0204081632653061,0.04,53.65830115830116
p089,1,26,0.13,0.3435,18,44,0.0408163265306122,0.06,44.50362450362451
p089,1,27,0.1345,0.354,16,42,0.0204081632653061,0.1,33.85143385143385
p089,1,28,0.1315,0.33,20,44,0.0408163265306122,0.1,46.55603405603406
p089,1,29,0.1225,0.3355,19,39,0.0816326530612244,0.14,30.8915233915234
p089,1,30,0.129,0.349,22,45,0.1020408163265306,0.14,40.44676544676545
p089,1,31,0.131,0.335,15,37,0.0816326530612244,0.1,22.91450791450792
p089,1,32,0.129,0.358,18,42,0.0,0.04,47.33992233992234
p089,1,33,0.1355,0.3765,20,44,0.0204081632653061,0.1,44.03744403744404
p089,1,34,0.14,0.319,19,42,0.0204081632653061,0.06,48.20149820149821
p089,1,35,0.129,0.348,17,43,0.1224489795918367,0.2,19.993344993345
p089,1,36,0.13,0.363,19,43,0.0204081632653061,0.04,47.88337788337788
p089,1,37,0.1365,0.343,18,43,0.0408163265306122,0.06,42.31924231924232
p089,1,38,0.1345,0.341,19,45,0.0,0.08,50.37455037455037
p089,1,39,0.1365,0.383,19,42,0.0816326530612244,0.16,26.3939763939764
p089,1,40,0.1375,0.3385,23,44,0.0,0.02,64.42211442211442
p089,1,41,0.1275,0.3405,16,37,0.1632653061224489,0.06,19.758137258137257
p089,1,42,0.0905,0.401,19,38,0.2040816326530612,0.0,39.2948717948718
p089,1,43,0.109,0.432,22,42,0.0612244897959183,0.06,51.12942612942614
p089,1,44,0.105,0.3915,18,43,0.0408163265306122,0.04,48.07285307285307
p089,1,45,0.1265,0.3265,24,48,0.0408163265306122,0.02,66.49327899327899
p089,1,46,0.1325,0.3135,18,38,0.0408163265306122,0.04,41.07093357093357
p089,1,47,0.126,0.332,27,45,0.0,0.02,68.25957825957826
p089,1,48,0.1245,0.339,23,49,0.0,0.04,68.62827112827112
p089,1,49,0.118,0.292,21,42,0.0612244897959183,0.06,54.71372471372472
p089,2,0,0.1185,0.31,17,47,0.0612244897959183,0.08,47.82747032747034
p089,2,1,0.1295,0.2855,21,43,0.0612244897959183,0.06,53.90833140833141
p089,2,2,0.119,0.317,21,47,0.0,0.02,69.22994422994424
p089,2,3,0.1295,0.328,22,46,0.0,0.02,66.72774422774422
p089,2,4,0.132,0.3225,21,42,0.0,0.0,61.02575102575103
p089,2,5,0.129,0.3355,24,44,0.0,0.02,65.9128909128909
p089,2,6,0.1385,0.3345,19,43,0.0,0.02,54.01665401665402
p089,2,7,0.1295,0.311,19,39,0.0,0.0,54.164081664081664
p089,2,8,0.126,0.3295,20,39,0.0,0.04,51.822811822811815
p089,2,9,0.1185,0.321,20,42,0.0816326530612244,0.08,45.07801757801759
p089,2,10,0.1245,0.3285,18,44,0.0408163265306122,0.1,43.61094611094611
p089,2,11,0.131,0.3505,17,45,0.0408163265306122,0.08,40.61407561407562
p089,2,12,0.1225,0.345,23,45,0.0204081632653061,0.06,61.706954206954215
p089,2,13,0.1305,0.344,19,41,0.0816326530612244,0.14,30.70001320001321
p089,2,14,0.1245,0.3245,19,44,0.0612244897959183,0.08,45.86319836319837
p089,2,15,0.121,0.3185,20,42,0.0,0.0,61.66424666424666
p089,2,16,0.138,0.4285,20,47,0.0408163265306122,0.1,45.5026455026455
p089,2,17,0.1295,0.374,19,41,0.0204081632653061,0.06,42.585470085470085
p089,2,18,0.1275,0.303,17,41,0.1020408163265306,0.14,28.37554587554587
p089,2,19,0.1295,0.415,20,47,0.0204081632653061,0.16,43.399470899470906
p089,2,20,0.123,0.3485,20,46,0.0204081632653061,0.02,59.08045408045408
p089,2,21,0.1185,0.318,20,42,0.0408163265306122,0.1,48.2883707883708
p089,2,22,0.12,0.331,20,45,0.0204081632653061,0.02,60.26444026444026
p089,2,23,0.125,0.3115,21,36,0.1428571428571428,0.14,26.471581471581477
p089,2,24,0.1145,0.357,21,40,0.1020408163265306,0.02,45.41824791824792
p089,2,25,0.105,0.326,18,34,0.0408163265306122,0.04,41.23909623909624
p089,2,26,0.1195,0.3085,19,38,0.0204081632653061,0.02,51.28042878042879
p089,2,27,0.1315,0.316,18,37,0.0408163265306122,0.1,34.22117172117172
p089,2,28,0.133,0.374,22,46,0.0,0.0,63.24175824175824
p089,2,29,0.13,0.3235,19,41,0.0,0.06,49.80232980232981
p089,2,30,0.141,0.362,21,44,0.0204081632653061,0.02,54.92690492690493
p089,2,31,0.135,0.315,18,37,0.0204081632653061,0.04,41.66254166254166
p089,2,32,0.1395,0.3635,21,43,0.0204081632653061,0.04,51.64285164285164
p089,2,33,0.1305,0.363,21,43,0.0816326530612244,0.1,39.82782232782234
p089,2,34,0.147,0.3355,22,46,0.0204081632653061,0.0,64.37646437646437
p089,2,35,0.1345,0.345,21,48,0.0204081632653061,0.04,58.62290862290863
p089,2,36,0.141,0.323,21,42,0.0408163265306122,0.1,46.47834647834648
p089,2,37,0.117,0.306,17,43,0.0816326530612244,0.14,35.52030052030052
p089,2,38,0.129,0.3375,25,47,0.0612244897959183,0.08,56.860431860431866
p089,2,39,0.128,0.315,21,35,0.0204081632653061,0.04,47.66986766986767
p089,2,40,0.142,0.362,22,45,0.0204081632653061,0.08,53.03435303435304
p089,2,41,0.136,0.35,18,38,0.0408163265306122,0.06,35.20828520828521
p089,2,42,0.1325,0.3605,17,45,0.0,0.0,51.425243925243926
p089,2,43,0.1195,0.324,20,41,0.1632653061224489,0.22,26.85545435545436
p089,2,44,0.1265,0.4255,20,42,0.1224489795918367,0.2,23.94688644688644
p089,2,45,0.138,0.3265,19,45,0.0816326530612244,0.1,40.450340450340455
p089,2,46,0.1295,0.3235,19,43,0.0408163265306122,0.06,47.72357522357523
p089,2,47,0.1245,0.3165,20,42,0.0612244897959183,0.1,44.628997128997135
p089,2,48,0.1305,0.3335,20,42,0.0612244897959183,0.06,45.202427702427705
p089,2,49,0.131,0.3295,20,40,0.0408163265306122,0.04,47.15248215248215
p089,2,50,0.128,0.3205,21,41,0.0408163265306122,0.02,54.282524282524285
p089,2,51,0.128,0.3695,21,43,0.0,0.06,52.999922999923
p089,2,52,0.1195,0.3235,19,41,0.0612244897959183,0.1,41.45576895576896
p090,1,0,0.094,0.2675,20,37,0.0,0.02,64.93581493581493
p090,1,1,0.102,0.262,19,46,0.0408163265306122,0.06,64.27350427350429
p090,1,2,0.101,0.2455,17,42,0.0612244897959183,0.08,52.04033704033704
p090,1,3,0.0995,0.2535,21,39,0.0408163265306122,0.06,61.50713900713901
p090,1,4,0.0955,0.2515,19,44,0.0612244897959183,0.06,61.92711942711944
p090,1,5,0.1165,0.289,22,47,0.0816326530612244,0.08,59.92957242957244
p090,1,6,0.0815,0.2405,17,32,0.4081632653061224,0.06,39.25532675532676
p090,1,7,0.1025,0.2585,22,47,0.0612244897959183,0.04,72.40061490061491
p090,1,8,0.102,0.261,21,45,0.0,0.02,76.31906631906631
p090,1,9,0.11,0.2575,18,41,0.0204081632653061,0.04,58.26078826078827
p090,1,10,0.0985,0.259,21,42,0.0,0.04,71.65459415459415
p090,1,11,0.108,0.284,17,41,0.0,0.08,52.38062238062239
p090,1,12,0.095,0.267,19,43,0.0816326530612244,0.12,51.27605627605627
p090,1,13,0.1025,0.2575,20,38,0.0,0.04,63.34320584320584
p090,1,14,0.1085,0.2595,20,41,0.0204081632653061,0.06,61.32778382778383
p090,1,15,0.101,0.267,19,44,0.0612244897959183,0.1,55.36234036234037
p090,1,16,0.103,0.2785,20,39,0.0612244897959183,0.12,47.853842853842856
p090,1,17,0.1025,0.2575,21,42,0.0408163265306122,0.04,66.0904585904586
p090,1,18,0.1005,0.294,18,44,0.0408163265306122,0.14,49.07498157498159
p090,1,19,0.1095,0.252,19,42,0.0612244897959183,0.0,61.53518903518904
p090,1,20,0.1105,0.2585,20,45,0.0204081632653061,0.06,66.07989857989857
p090,1,21,0.096,0.262,19,43,0.0816326530612244,0.04,58.94586894586895
p090,1,22,0.1055,0.2605,18,36,0.0612244897959183,0.1,42.30419980419981
p090,1,23,0.0925,0.2435,21,42,0.0816326530612244,0.08,61.40720390720392
p090,1,24,0.1015,0.248,17,37,0.0,0.0,59.81104731104731
p090,1,25,0.103,0.253,21,48,0.0,0.04,77.59402259402259
p090,1,26,0.1105,0.2735,18,41,0.0204081632653061,0.02,58.39199089199089
p090,1,27,0.11,0.24,18,41,0.0204081632653061,0.02,61.864391864391855
p090,1,28,0.0945,0.268,22,43,0.0612244897959183,0.12,60.81881331881331
p090,1,29,0.1,0.27,21,42,0.0204081632653061,0.06,65.96354596354597
p090,1,30,0.0975,0.242,17,42,0.0204081632653061,0.04,61.68962918962919
p090,1,31,0.1,0.279,21,44,0.0,0.02,73.7114037114037
p090,1,32,0.099,0.2645,17,40,0.0612244897959183,0.12,44.34681934681935
p090,1,33,0.0995,0.2915,21,45,0.0408163265306122,0.06,65.3956428956429
p090,1,34,0.101,0.2535,17,43,0.0204081632653061,0.04,60.98719598719598
p090,1,35,0.097,0.2695,18,39,0.0204081632653061,0.0,61.294426294426295
p090,1,36,0.1,0.325,19,44,0.0204081632653061,0.04,60.11209011209011
p090,1,37,0.093,0.259,20,42,0.0204081632653061,0.06,66.35036135036135
p090,1,38,0.098,0.2815,20,43,0.0408163265306122,0.1,58.10502810502811
p090,1,39,0.096,0.2615,20,43,0.0408163265306122,0.1,60.58322058322059
p090,1,40,0.1105,0.257,13,33,0.0204081632653061,0.0,48.159230659230666
p090,1,41,0.094,0.252,21,41,0.0816326530612244,0.12,55.21345521345523
p090,1,42,0.094,0.2295,21,43,0.1020408163265306,0.12,57.64885764885764
p090,1,43,0.0935,0.227,18,38,0.0204081632653061,0.04,61.3962588962589
p090,1,44,0.0955,0.25,22,46,0.0612244897959183,0.0,77.33978483978484
p090,1,45,0.101,0.2595,21,42,0.0204081632653061,0.02,70.48020548020548
p090,1,46,0.102,0.2675,25,43,0.0,0.04,76.01436601436602
p090,1,47,0.095,0.238,23,45,0.0408163265306122,0.08,74.73247973247973
p090,2,0,0.1169999999999999,0.276,17,41,0.0816326530612244,0.12,37.81105281105284
p090,2,1,0.1045,0.3165,23,47,0.0204081632653061,0.1,67.70592020592021
p090,2,2,0.1155,0.3085,19,44,0.0204081632653061,0.04,58.07326557326558
p090,2,3,0.116,0.327,22,43,0.0408163265306122,0.08,55.87851587851589
p090,2,4,0.108,0.3045,21,41,0.0,0.0,67.25978725978726
p090,2,5,0.11,0.2955,23,44,0.0,0.0,76.2925562925563
p090,2,6,0.1045,0.294,19,39,0.0,0.02,59.96631246631247
p090,2,7,0.109,0.281,17,40,0.0,0.0,58.56818356818357
p090,2,8,0.109,0.2835,19,36,0.0,0.0,57.95163295163295
p090,2,9,0.116,0.268,21,43,0.0204081632653061,0.0,69.19182919182919
p090,2,10,0.105,0.284,20,44,0.0204081632653061,0.02,67.25852225852226
p090,2,11,0.109,0.3065,19,43,0.0612244897959183,0.1,48.22157322157323
p090,2,12,0.106,0.315,25,47,0.0204081632653061,0.06,71.2026312026312
p090,2,13,0.099,0.265,15,38,0.0204081632653061,0.04,51.52102652102652
p090,2,14,0.111,0.2895,23,46,0.0,0.04,75.51546051546052
p090,2,15,0.1095,0.2915,24,45,0.0204081632653061,0.08,68.30569580569582
p090,2,16,0.109,0.294,22,43,0.0408163265306122,0.04,64.55218955218955
p090,2,17,0.104,0.267,18,41,0.0816326530612244,0.06,49.74369974369976
p090,2,18,0.112,0.3315,22,46,0.0204081632653061,0.06,64.45940445940445
p090,2,19,0.115,0.3085,18,45,0.0408163265306122,0.06,52.86060786060786
p090,2,20,0.113,0.2945,19,39,0.0612244897959183,0.06,47.04589204589205
p090,2,21,0.0975,0.285,22,45,0.0,0.0,79.22089672089672
p090,2,22,0.106,0.296,20,35,0.1020408163265306,0.04,42.9051029051029
p090,2,23,0.1075,0.3175,19,40,0.0816326530612244,0.08,43.10236060236061
p090,2,24,0.1055,0.2745,17,31,0.0408163265306122,0.0,47.5979550979551
p090,2,25,0.103,0.266,22,46,0.0,0.02,79.24347424347425
p090,2,26,0.101,0.2905,18,37,0.0408163265306122,0.1,44.03562903562904
p090,2,27,0.1145,0.296,23,44,0.0,0.04,71.46737396737396
p090,2,28,0.118,0.3115,21,43,0.0816326530612244,0.1,47.95916795916797
p090,2,29,0.113,0.2945,20,40,0.0,0.02,61.55545655545655
p090,2,30,0.115,0.2775,20,43,0.0204081632653061,0.04,62.3943173943174
p090,2,31,0.1085,0.3455,23,43,0.0204081632653061,0.04,64.27798677798678
p090,2,32,0.103,0.272,20,39,0.0612244897959183,0.08,52.20819720819721
p090,2,33,0.1055,0.281,19,36,0.1428571428571428,0.18,25.701883201883195
p090,2,34,0.114,0.2965,20,45,0.0204081632653061,0.04,63.29461329461329
p090,2,35,0.1165,0.286,21,40,0.0,0.02,63.953926453926464
p090,2,36,0.1185,0.324,22,44,0.0408163265306122,0.04,60.56933306933306
p090,2,37,0.112,0.3115,23,46,0.0408163265306122,0.0,72.01696201696203
p090,2,38,0.116,0.309,20,35,0.0,0.0,54.83131483131482
p090,2,39,0.1015,0.287,18,37,0.0204081632653061,0.04,52.2034397034397
p090,2,40,0.112,0.3005,19,41,0.0,0.02,60.0940500940501
p090,2,41,0.116,0.363,19,40,0.0408163265306122,0.1,39.43404943404944
p090,2,42,0.1095,0.2804999999999999,19,44,0.0204081632653061,0.0,66.00834350834351
p090,2,43,0.1135,0.275,18,43,0.0408163265306122,0.06,54.00700150700151
p090,2,44,0.1115,0.2995,22,42,0.0612244897959183,0.1,54.1878416878417
p090,2,45,0.1135,0.32,22,44,0.0408163265306122,0.04,62.16020966020966
p090,2,46,0.1185,0.2725,16,37,0.0408163265306122,0.04,42.46441496441496
p090,2,47,0.1035,0.27,19,42,0.0408163265306122,0.0,63.54291104291104
p090,2,48,0.1045,0.301,23,48,0.0612244897959183,0.08,66.34741884741887
p091,1,0,0.132,0.299,20,37,0.0204081632653061,0.04,48.502238502238505
p091,1,1,0.137,0.3045,18,45,0.0408163265306122,0.04,50.58905058905059
p091,1,2,0.133,0.316,16,36,0.1020408163265306,0.14,16.973511973511968
p091,1,3,0.137,0.3145,22,42,0.0408163265306122,0.1,49.71014971014972
p091,1,4,0.152,0.2775,20,44,0.0408163265306122,0.0,60.475310475310486
p091,1,5,0.1405,0.3075,21,47,0.0408163265306122,0.0,63.6994136994137
p091,1,6,0.1495,0.34,18,48,0.0204081632653061,0.0,55.68425568425568
p091,1,7,0.145,0.3295,21,45,0.0,0.0,63.69501369501369
p091,1,8,0.1485,0.327,19,40,0.0,0.02,50.92125092125092
p091,1,9,0.1315,0.3035,22,43,0.0612244897959183,0.1,50.307587807587815
p091,1,10,0.1375,0.3285,18,40,0.0408163265306122,0.06,39.92453992453992
p091,1,11,0.132,0.287,20,45,0.0,0.02,64.19265419265419
p091,1,12,0.141,0.2815,18,38,0.0816326530612244,0.1,33.59953359953361
p091,1,13,0.148,0.3005,18,39,0.0204081632653061,0.04,45.67809567809568
p091,1,14,0.137,0.3275,18,44,0.0204081632653061,0.0,53.08935308935309
p091,1,15,0.142,0.312,23,40,0.0204081632653061,0.02,59.56560956560957
p091,1,16,0.1275,0.272,15,41,0.0204081632653061,0.0,51.584469084469085
p091,1,17,0.13,0.289,19,40,0.0204081632653061,0.02,53.296483296483295
p091,1,18,0.1445,0.2925,20,44,0.0408163265306122,0.04,55.27010527010527
p091,1,19,0.1455,0.31,18,40,0.0612244897959183,0.02,43.09914309914311
p091,1,20,0.1525,0.287,18,38,0.0204081632653061,0.0,49.45109945109945
p091,1,21,0.1415,0.308,21,45,0.0204081632653061,0.0,63.46621346621347
p091,1,22,0.142,0.2575,17,34,0.0,0.02,45.42399542399542
p091,1,23,0.136,0.2804999999999999,20,47,0.0408163265306122,0.06,58.46560846560848
p091,1,24,0.1325,0.2985,18,42,0.0612244897959183,0.04,45.31968781968783
p091,1,25,0.134,0.2885,15,37,0.1020408163265306,0.14,20.770220770220764
p091,1,26,0.1325,0.266,22,43,0.0,0.02,68.37351087351088
p091,1,27,0.132,0.2804999999999999,17,37,0.0408163265306122,0.08,37.12657712657714
p091,1,28,0.1485,0.2725,19,42,0.0204081632653061,0.0,58.41170841170841
p091,1,29,0.1385,0.321,18,43,0.0,0.0,54.838904838904845
p091,1,30,0.147,0.303,19,43,0.0,0.0,59.02165902165902
p091,1,31,0.147,0.2935,20,44,0.0408163265306122,0.06,53.31815331815332
p091,1,32,0.1385,0.303,17,47,0.0816326530612244,0.1,40.604890604890606
p091,1,33,0.141,0.3075,19,43,0.0,0.04,54.86750486750487
p091,1,34,0.1365,0.284,18,42,0.0612244897959183,0.1,40.85844085844087
p091,1,35,0.146,0.2895,19,42,0.0,0.0,59.090959090959096
p091,1,36,0.145,0.32,21,42,0.0204081632653061,0.08,51.011451011451015
p091,1,37,0.149,0.311,17,46,0.0204081632653061,0.0,54.92415492415492
p091,1,38,0.148,0.2925,20,44,0.0,0.0,63.73571373571374
p091,1,39,0.1415,0.262,19,41,0.0816326530612244,0.08,43.63044363044363
p091,1,40,0.148,0.2865,16,40,0.0,0.0,49.684299684299695
p091,1,41,0.127,0.292,22,47,0.1020408163265306,0.1,52.89646789646789
p091,1,42,0.143,0.3025,17,34,0.0816326530612244,0.1,23.988273988274
p091,1,43,0.1195,0.2915,21,38,0.1632653061224489,0.28,28.643506143506148
p091,1,44,0.1125,0.289,19,30,0.4081632653061224,0.48,20.670313170313168
p091,1,45,0.136,0.2835,22,42,0.0,0.02,64.98256498256498
p091,1,46,0.123,0.277,23,45,0.0204081632653061,0.04,70.24656524656525
p091,1,47,0.145,0.283,19,38,0.0204081632653061,0.02,50.380600380600384
p091,2,0,0.133,0.2804999999999999,18,43,0.0612244897959183,0.06,46.43264143264145
p091,2,1,0.1285,0.2575,20,41,0.0816326530612244,0.1,45.919518419518425
p091,2,2,0.133,0.3145,18,48,0.0204081632653061,0.08,51.06749606749606
p091,2,3,0.1305,0.2975,22,47,0.0204081632653061,0.08,62.888245388245394
p091,2,4,0.152,0.295,20,42,0.0204081632653061,0.04,54.83670483670485
p091,2,5,0.142,0.2845,21,40,0.0612244897959183,0.08,47.23899723899725
p091,2,6,0.1325,0.275,22,42,0.0408163265306122,0.08,55.87309837309838
p091,2,7,0.1545,0.2875,19,41,0.0204081632653061,0.06,50.07260007260008
p091,2,8,0.1385,0.2795,16,38,0.1020408163265306,0.16,21.10132110132109
p091,2,9,0.142,0.2675,21,37,0.0612244897959183,0.08,45.094545094545104
p091,2,10,0.128,0.2695,21,44,0.0204081632653061,0.02,65.61473561473561
p091,2,11,0.1465,0.2725,19,43,0.0204081632653061,0.0,59.69375969375969
p091,2,12,0.152,0.313,18,43,0.0,0.06,50.08415008415009
p091,2,13,0.1425,0.3155,20,44,0.0408163265306122,0.08,49.26409926409927
p091,2,14,0.143,0.3205,15,35,0.0816326530612244,0.08,22.939422939422943
p091,2,15,0.152,0.3175,22,45,0.0204081632653061,0.04,61.19251119251118
p091,2,16,0.142,0.3225,24,45,0.0,0.0,69.15761915761917
p091,2,17,0.1365,0.3,19,41,0.0408163265306122,0.0,51.995951995952
p091,2,18,0.133,0.274,20,43,0.0,0.02,62.69175769175769
p091,2,19,0.141,0.305,20,44,0.0204081632653061,0.0,60.10351010351011
p091,2,20,0.1405,0.29,19,42,0.0204081632653061,0.06,51.10440110440111
p091,2,21,0.1375,0.3005,18,39,0.1020408163265306,0.14,26.895026895026888
p091,2,22,0.144,0.3085,21,41,0.1224489795918367,0.16,31.568381568381565
p091,2,23,0.143,0.302,20,36,0.1224489795918367,0.02,36.39078639078639
p091,2,24,0.138,0.3055,20,41,0.0612244897959183,0.0,51.44540144540144
p091,2,25,0.1425,0.2945,21,37,0.0408163265306122,0.02,50.32835032835033
p091,2,26,0.147,0.2975,18,41,0.0,0.02,52.77530277530277
p091,2,27,0.14,0.2825,21,45,0.0,0.0,68.3997183997184
p091,2,28,0.1515,0.3085,19,41,0.0,0.04,52.2033022033022
p091,2,29,0.1395,0.2855,21,43,0.0408163265306122,0.04,57.06970706970707
p091,2,30,0.1415,0.28,18,35,0.0,0.0,48.68659868659869
p091,2,31,0.152,0.2815,21,43,0.0204081632653061,0.04,59.85105985105985
p091,2,32,0.143,0.3115,22,45,0.0408163265306122,0.06,57.56030756030756
p091,2,33,0.1355,0.3005,23,47,0.0204081632653061,0.02,69.69111969111968
p091,2,34,0.147,0.3025,20,47,0.0408163265306122,0.06,56.26340626340626
p091,2,35,0.1425,0.283,21,41,0.0408163265306122,0.06,52.90400290400291
p091,2,36,0.1555,0.322,21,41,0.0,0.04,55.61385561385561
p091,2,37,0.1445,0.2925,24,46,0.0816326530612244,0.1,54.65960465960467
p091,2,38,0.146,0.3,19,34,0.0612244897959183,0.1,31.381381381381388
p091,2,39,0.15,0.302,21,39,0.0204081632653061,0.04,52.670802670802665
p091,2,40,0.1475,0.293,16,35,0.0816326530612244,0.1,23.840323840323848
p091,2,41,0.154,0.3155,18,45,0.0204081632653061,0.04,51.868901868901865
p091,2,42,0.147,0.3375,22,43,0.0204081632653061,0.04,56.62640662640661
p091,2,43,0.151,0.3035,19,39,0.1224489795918367,0.08,32.15028215028215
p091,2,44,0.1445,0.3215,20,41,0.0408163265306122,0.08,44.81734481734481
p091,2,45,0.163,0.331,22,41,0.0204081632653061,0.02,56.56480656480656
p091,2,46,0.1525,0.2935,20,43,0.0408163265306122,0.02,55.73980573980574
p091,2,47,0.1355,0.2755,15,27,0.2040816326530612,0.26,9.759759759759756
p091,2,48,0.164,0.3419999999999999,19,40,0.0612244897959183,0.06,38.57318857318859
p091,2,49,0.155,0.3055,21,45,0.0204081632653061,0.0,63.71646371646372
p092,1,0,0.0925,0.277,18,35,0.0408163265306122,0.06,48.55039105039105
p092,1,1,0.0895,0.2905,16,45,0.0408163265306122,0.06,55.97193347193348
p092,1,2,0.09,0.277,17,39,0.0612244897959183,0.12,43.95637395637396
p092,1,3,0.085,0.2744999999999999,22,45,0.0204081632653061,0.06,75.31163031163032
p092,1,4,0.085,0.2575,19,45,0.0612244897959183,0.08,63.25671825671825
p092,1,5,0.097,0.2755,20,46,0.0408163265306122,0.02,70.19728519728518
p092,1,6,0.0895,0.2595,17,43,0.0408163265306122,0.06,58.8918863918864
p092,1,7,0.0825,0.263,22,44,0.0816326530612244,0.08,66.7812592812593
p092,1,8,0.091,0.28,17,43,0.0204081632653061,0.06,58.86364386364386
p092,1,9,0.0875,0.265,20,44,0.0,0.06,72.0043395043395
p092,1,10,0.085,0.26,22,45,0.0408163265306122,0.06,74.38212938212939
p092,1,11,0.095,0.31,19,41,0.0,0.1,55.78331078331078
p092,1,12,0.09,0.27,19,37,0.0,0.02,63.25699325699325
p092,1,13,0.0875,0.255,19,39,0.0408163265306122,0.12,53.896671396671394
p092,1,14,0.095,0.273,20,41,0.0612244897959183,0.08,56.57696157696159
p092,1,15,0.0895,0.2815,21,45,0.0408163265306122,0.04,70.62944812944814
p092,1,16,0.09,0.2605,20,35,0.0204081632653061,0.04,59.7919897919898
p092,1,17,0.09,0.276,18,44,0.0204081632653061,0.0,68.72069872069873
p092,1,18,0.09,0.2805,19,40,0.0612244897959183,0.0,60.76109076109076
p092,1,19,0.0985,0.2465,20,41,0.0,0.0,72.94654544654546
p092,1,20,0.091,0.261,19,43,0.0816326530612244,0.06,58.384593384593394
p092,1,21,0.0905,0.2605,17,38,0.0612244897959183,0.08,47.91063041063041
p092,1,22,0.084,0.2905,23,49,0.0408163265306122,0.08,74.66037466037466
p092,1,23,0.086,0.256,17,39,0.0408163265306122,0.1,51.24366124366125
p092,1,24,0.094,0.2625,21,46,0.0204081632653061,0.08,71.41922141922142
p092,1,25,0.089,0.251,17,37,0.0204081632653061,0.04,56.4022814022814
p092,1,26,0.094,0.2775,16,44,0.0408163265306122,0.0,60.47531047531047
p092,1,27,0.09,0.266,21,40,0.0408163265306122,0.1,60.0961400961401
p092,1,28,0.0875,0.2595,19,38,0.0408163265306122,0.12,52.16416966416966
p092,1,29,0.095,0.2855,20,45,0.0204081632653061,0.04,68.91952391952391
p092,1,30,0.103,0.2805,19,43,0.0,0.04,64.95115995115995
p092,1,31,0.089,0.261,16,44,0.0612244897959183,0.12,49.82537482537484
p092,1,32,0.0905,0.2705,20,47,0.0408163265306122,0.08,67.97190047190047
p092,1,33,0.0895,0.3,19,44,0.0,0.02,69.34739684739687
p092,1,34,0.085,0.2665,17,43,0.1428571428571428,0.12,41.8022968022968
p092,1,35,0.0905,0.2625,19,42,0.0408163265306122,0.08,59.98149248149248
p092,1,36,0.088,0.2775,18,44,0.0408163265306122,0.08,59.25837925837925
p092,1,37,0.09,0.273,19,42,0.0204081632653061,0.04,65.13414513414513
p092,1,38,0.095,0.2545,22,41,0.0,0.06,72.18542718542719
p092,1,39,0.088,0.248,19,47,0.0204081632653061,0.06,72.67124267124267
p092,1,40,0.09,0.2625,18,43,0.0408163265306122,0.06,60.85349085349086
p092,1,41,0.09,0.291,21,41,0.0408163265306122,0.1,58.87568887568889
p092,1,42,0.091,0.275,17,40,0.0204081632653061,0.0,61.07354607354608
p092,1,43,0.0895,0.272,20,44,0.0612244897959183,0.12,58.12903562903565
p092,1,44,0.0905,0.2775,23,42,0.0816326530612244,0.08,63.24189574189575
p092,1,45,0.0945,0.267,24,43,0.0204081632653061,0.04,75.46917796917796
p092,1,46,0.091,0.2705,23,42,0.0816326530612244,0.14,58.26799326799327
p092,1,47,0.08,0.2655,22,44,0.0204081632653061,0.04,77.97280797280797
p092,2,0,0.094,0.3035,16,39,0.1428571428571428,0.2,22.891022891022896
p092,2,1,0.088,0.2915,19,46,0.0612244897959183,0.12,56.71737671737673
p092,2,2,0.082,0.2675,20,45,0.0204081632653061,0.06,71.96471196471197
p092,2,3,0.091,0.277,21,46,0.0,0.04,76.76671176671175
p092,2,4,0.082,0.2955,21,41,0.0408163265306122,0.12,58.47814847814848
p092,2,5,0.088,0.2825,21,43,0.0,0.04,73.0842930842931
p092,2,6,0.088,0.264,22,44,0.1020408163265306,0.1,61.13883113883114
p092,2,7,0.088,0.283,18,39,0.0408163265306122,0.1,50.44572044572045
p092,2,8,0.091,0.2515,17,40,0.0204081632653061,0.02,61.57404657404658
p092,2,9,0.088,0.255,19,37,0.0612244897959183,0.12,48.83256883256883
p092,2,10,0.087,0.273,18,37,0.1836734693877551,0.24,29.80854480854481
p092,2,11,0.0875,0.2725,17,40,0.0,0.04,60.83437833437833
p092,2,12,0.082,0.269,18,42,0.1428571428571428,0.2,37.809677809677815
p092,2,13,0.087,0.2675,17,46,0.0816326530612244,0.12,52.21501721501721
p092,2,14,0.081,0.2665,19,40,0.0816326530612244,0.16,47.10958210958211
p092,2,15,0.088,0.3045,20,38,0.0204081632653061,0.1,54.15437415437415
p092,2,16,0.0875,0.2735,17,41,0.0612244897959183,0.1,49.31791681791682
p092,2,17,0.088,0.2725,21,43,0.0,0.04,74.08529408529408
p092,2,18,0.08,0.2725,19,37,0.1836734693877551,0.28,33.9062139062139
p092,2,19,0.0825,0.2665,21,44,0.0408163265306122,0.1,66.96000946000947
p092,2,20,0.082,0.292,18,40,0.1836734693877551,0.26,32.943272943272945
p092,2,21,0.082,0.229,17,35,0.1428571428571428,0.14,34.162074162074155
p092,2,22,0.082,0.2925,20,42,0.0204081632653061,0.12,60.06050006050006
p092,2,23,0.088,0.2855,21,46,0.0204081632653061,0.02,76.1010461010461
p092,2,24,0.0945,0.3055,20,40,0.0204081632653061,0.02,62.478164978164976
p092,2,25,0.082,0.261,20,46,0.0816326530612244,0.12,61.1990011990012
p092,2,26,0.0815,0.295,22,40,0.0612244897959183,0.06,62.92075042075044
p092,2,27,0.0785,0.311,19,46,0.1224489795918367,0.12,49.88447238447238
p092,2,28,0.088,0.2545,18,35,0.0408163265306122,0.02,55.57777557777558
p092,2,29,0.082,0.242,16,31,0.2244897959183673,0.22,25.49406549406549
p092,2,30,0.088,0.264,18,45,0.0408163265306122,0.12,58.18807818807819
p092,2,31,0.082,0.2794999999999999,18,38,0.0816326530612244,0.16,40.62513062513064
p092,2,32,0.082,0.257,20,41,0.0816326530612244,0.14,53.33729333729335
p092,2,33,0.076,0.239,16,33,0.1836734693877551,0.26,27.22293722293723
p092,2,34,0.088,0.264,20,40,0.0408163265306122,0.04,63.94713394713395
p092,2,35,0.088,0.2485,19,40,0.0204081632653061,0.04,65.49868549868549
p092,2,36,0.082,0.264,21,43,0.0204081632653061,0.08,70.28006028006028
p092,2,37,0.081,0.3175,19,41,0.1020408163265306,0.16,40.90557590557589
p092,2,38,0.088,0.276,17,32,0.0204081632653061,0.06,48.439868439868434
p092,2,39,0.0849999999999999,0.2515,23,42,0.0816326530612244,0.14,61.59846659846664
p092,2,40,0.088,0.251,23,48,0.0,0.0,89.83125983125984
p092,2,41,0.082,0.264,17,37,0.1020408163265306,0.2,34.28087428087427
p092,2,42,0.082,0.248,18,35,0.1632653061224489,0.18,30.93742093742094
p092,2,43,0.087,0.2915,22,41,0.0408163265306122,0.02,69.32828432828433
p092,2,44,0.076,0.2445,16,27,0.2857142857142857,0.28,26.67238667238668
p092,2,45,0.0849999999999999,0.258,19,32,0.0204081632653061,0.02,59.42156442156445
p092,2,46,0.094,0.274,21,40,0.0204081632653061,0.04,66.27946627946628
p092,2,47,0.088,0.258,18,38,0.0204081632653061,0.04,59.60267960267961
p092,2,48,0.0785,0.254,18,43,0.0816326530612244,0.14,52.27312477312478
p092,2,49,0.076,0.2794999999999999,18,34,0.0816326530612244,0.14,38.77734877734879
p092,2,50,0.082,0.267,20,44,0.0408163265306122,0.02,72.05546205546206
p092,2,51,0.082,0.257,18,41,0.1020408163265306,0.16,44.34258434258433
p092,2,52,0.082,0.286,20,44,0.0204081632653061,0.1,65.12710512710514
p092,2,53,0.088,0.27,19,39,0.0408163265306122,0.0,63.38723338723338
p092,2,54,0.082,0.2515,20,40,0.0816326530612244,0.1,56.30949630949632
p092,2,55,0.082,0.2665,20,37,0.1224489795918367,0.0,55.459195459195456
p092,2,56,0.082,0.264,20,43,0.0204081632653061,0.08,67.8991078991079
p092,2,57,0.082,0.261,18,38,0.1428571428571428,0.18,33.482273482273484
p093,1,0,0.0805,0.2635,20,39,0.0,0.02,71.11460361460361
p093,1,1,0.0825,0.278,15,36,0.2040816326530612,0.22,24.33551683551683
p093,1,2,0.082,0.251,17,39,0.0204081632653061,0.04,60.63305063305063
p093,1,3,0.088,0.2865,23,44,0.0408163265306122,0.06,72.11409211409213
p093,1,4,0.084,0.2324999999999999,20,42,0.0816326530612244,0.1,60.29931029931032
p093,1,5,0.0835,0.263,20,46,0.0204081632653061,0.06,73.34007084007084
p093,1,6,0.0815,0.272,14,38,0.0612244897959183,0.12,42.81768031768033
p093,1,7,0.082,0.2545,19,38,0.0408163265306122,0.06,59.52974952974953
p093,1,8,0.084,0.274,19,40,0.0,0.04,66.27946627946628
p093,1,9,0.085,0.2595,17,40,0.0,0.02,64.58276958276957
p093,1,10,0.095,0.281,21,41,0.0816326530612244,0.0,63.18356818356818
p093,1,11,0.097,0.291,18,40,0.0204081632653061,0.08,53.01691801691802
p093,1,12,0.0835,0.274,19,43,0.0,0.08,66.54096404096403
p093,1,13,0.0905,0.274,17,35,0.0,0.0,57.26338976338976
p093,1,14,0.0895,0.262,21,43,0.0204081632653061,0.02,74.25010175010175
p093,1,15,0.074,0.216,17,32,0.3469387755102041,0.02,47.1971971971972
p093,1,16,0.0775,0.18,16,27,0.4081632653061224,0.0,46.78571428571428
p093,1,17,0.0835,0.2575,18,35,0.0612244897959183,0.02,53.96795146795147
p093,1,18,0.082,0.261,17,37,0.2244897959183673,0.02,44.63408463408464
p093,1,19,0.0795,0.2115,18,33,0.2244897959183673,0.02,48.71907621907621
p093,1,20,0.089,0.2295,20,42,0.0204081632653061,0.0,75.81125081125082
p093,1,21,0.0825,0.249,20,43,0.0816326530612244,0.04,65.84240834240835
p093,1,22,0.086,0.2355,20,38,0.0204081632653061,0.02,68.94487894487895
p093,1,23,0.0895,0.2475,22,47,0.0612244897959183,0.06,74.74510224510225
p093,1,24,0.086,0.251,17,39,0.0408163265306122,0.06,55.44786544786546
p093,1,25,0.089,0.2915,20,45,0.0408163265306122,0.08,63.66283866283866
p093,1,26,0.099,0.3245,17,35,0.0,0.02,48.33267333267333
p093,1,27,0.0885,0.2765,17,44,0.0408163265306122,0.02,62.414034914034914
p093,1,28,0.0815,0.2565,21,43,0.0,0.04,77.23451473451472
p093,1,29,0.087,0.2995,19,39,0.0204081632653061,0.04,59.34962434962435
p093,1,30,0.0865,0.241,17,43,0.0408163265306122,0.06,61.458023958023965
p093,1,31,0.082,0.2285,19,41,0.1020408163265306,0.1,55.13194513194512
p093,1,32,0.0905,0.244,18,42,0.0,0.02,69.76985226985227
p093,1,33,0.0895,0.251,22,45,0.0,0.02,82.67721017721017
p093,1,34,0.0844999999999999,0.2475,18,41,0.0408163265306122,0.02,64.80411730411733
p093,1,35,0.0815,0.273,20,46,0.0204081632653061,0.02,76.51896401896401
p093,1,36,0.085,0.242,19,43,0.0204081632653061,0.02,72.56162756162756
p093,1,37,0.0854999999999999,0.275,19,43,0.0204081632653061,0.06,65.43557293557295
p093,1,38,0.083,0.259,19,36,0.2040816326530612,0.12,38.81678381678381
p093,1,39,0.089,0.2375,20,40,0.0816326530612244,0.1,56.04423104423105
p093,1,40,0.091,0.261,13,32,0.0612244897959183,0.06,42.08422708422709
p093,1,41,0.0795,0.271,20,41,0.0612244897959183,0.06,62.319489819489824
p093,1,42,0.0849999999999999,0.241,19,39,0.0204081632653061,0.02,67.53352253352256
p093,1,43,0.088,0.248,21,47,0.0,0.02,83.51780351780353
p093,1,44,0.09,0.296,22,44,0.0408163265306122,0.08,66.45414645414645
p093,1,45,0.082,0.2505,21,46,0.0408163265306122,0.06,74.94846494846496
p093,1,46,0.093,0.3389999999999999,25,45,0.0,0.02,75.41602041602043
p093,1,47,0.083,0.2415,24,43,0.0,0.02,84.99262999262999
p093,1,48,0.0895,0.2784999999999999,21,39,0.0204081632653061,0.02,67.47024497024499
p093,2,0,0.0815,0.238,19,44,0.0204081632653061,0.02,75.07741257741257
p093,2,1,0.086,0.283,20,36,0.0204081632653061,0.02,61.62602162602164
p093,2,2,0.089,0.2725,19,44,0.1224489795918367,0.06,54.22977922977923
p093,2,3,0.092,0.2725,22,44,0.0408163265306122,0.12,64.62660462660462
p093,2,4,0.0854999999999999,0.2305,21,44,0.0,0.02,82.01863951863955
p093,2,5,0.0875,0.269,22,40,0.1020408163265306,0.0,64.88843238843239
p093,2,6,0.0875,0.261,19,41,0.0,0.02,69.88133738133739
p093,2,7,0.088,0.2535,17,40,0.0,0.0,66.32093632093633
p093,2,8,0.0875,0.2695,20,38,0.0,0.02,67.56528506528507
p093,2,9,0.0875,0.2684999999999999,19,37,0.0816326530612244,0.1,47.07116457116459
p093,2,10,0.088,0.264,19,44,0.0204081632653061,0.04,69.07533907533907
p093,2,11,0.094,0.2745,17,44,0.0204081632653061,0.0,65.53751553751555
p093,2,12,0.0865,0.262,21,37,0.0816326530612244,0.1,52.72181522181523
p093,2,13,0.0795,0.2365,16,33,0.2040816326530612,0.08,35.8991133991134
p093,2,14,0.0885,0.247,20,44,0.0204081632653061,0.04,73.03894553894554
p093,2,15,0.086,0.2555,22,43,0.0,0.04,78.64413864413864
p093,2,16,0.085,0.248,24,47,0.0204081632653061,0.06,82.9093379093379
p093,2,17,0.0945,0.248,21,42,0.0612244897959183,0.0,70.26892276892278
p093,2,18,0.0865,0.2985,21,46,0.0,0.06,73.83413633413633
p093,2,19,0.088,0.276,20,44,0.0,0.04,72.63604263604263
p093,2,20,0.084,0.224,20,36,0.0,0.0,72.24092224092225
p093,2,21,0.0885,0.2655,19,45,0.0204081632653061,0.0,73.7918962918963
p093,2,22,0.089,0.242,21,38,0.0816326530612244,0.02,62.81803781803782
p093,2,23,0.0755,0.2245,18,37,0.2857142857142857,0.16,39.253346753346754
p093,2,24,0.09,0.251,19,37,0.0408163265306122,0.06,56.69328669328669
p093,2,25,0.0845,0.252,18,33,0.0816326530612244,0.08,45.06184756184757
p093,2,26,0.0835,0.244,20,41,0.0,0.04,73.06452056452056
p093,2,27,0.092,0.2555,20,41,0.1224489795918367,0.16,44.49273449273449
p093,2,28,0.0854999999999999,0.2395,21,41,0.1428571428571428,0.04,58.75306625306627
p093,2,29,0.0805,0.247,18,38,0.2040816326530612,0.06,46.35192885192885
p093,2,30,0.0915,0.2385,20,42,0.0816326530612244,0.02,65.32040282040282
p093,2,31,0.095,0.258,19,40,0.0,0.04,65.26202026202026
p093,2,32,0.095,0.2725,20,39,0.0816326530612244,0.08,51.681956681956684
p093,2,33,0.094,0.2715,22,42,0.0204081632653061,0.02,73.32662332662333
p093,2,34,0.093,0.278,23,48,0.0,0.0,85.93808093808093
p093,2,35,0.092,0.267,18,42,0.0,0.0,68.96225896225896
p093,2,36,0.0945,0.274,20,42,0.0204081632653061,0.02,68.1954206954207
p093,2,37,0.087,0.259,23,45,0.0612244897959183,0.08,72.15418715418717
p093,2,38,0.083,0.2325,20,35,0.0204081632653061,0.0,67.96516296516296
p093,2,39,0.088,0.267,20,36,0.0,0.0,66.98423698423699
p093,2,40,0.087,0.2555,18,39,0.0612244897959183,0.08,52.90746790746792
p093,2,41,0.086,0.2475,18,41,0.0204081632653061,0.0,68.67977867977869
p093,2,42,0.096,0.3305,21,41,0.0408163265306122,0.06,57.1968671968672
p093,2,43,0.089,0.2315,18,42,0.0816326530612244,0.08,56.298881298881305
p093,2,44,0.0905,0.244,21,42,0.0204081632653061,0.04,72.67990517990519
p093,2,45,0.0865,0.255,22,41,0.0408163265306122,0.04,71.24913374913375
p093,2,46,0.09,0.238,19,43,0.0408163265306122,0.0,71.24245124245124
p093,2,47,0.092,0.2845,19,41,0.0408163265306122,0.0,63.547503547503545
p093,2,48,0.0875,0.254,20,45,0.0204081632653061,0.02,75.7102432102432
p093,2,49,0.0945,0.2645,21,39,0.0408163265306122,0.02,65.3002178002178
p094,1,0,0.0725,0.289,17,35,0.0612244897959183,0.1,43.64548614548616
p094,1,1,0.071,0.255,16,43,0.0204081632653061,0.0,69.30265430265432
p094,1,2,0.0725,0.2955,18,44,0.0408163265306122,0.02,66.70260920260921
p094,1,3,0.072,0.287,20,35,0.0816326530612244,0.1,48.72663872663873
p094,1,4,0.072,0.255,20,42,0.1224489795918367,0.1,56.14229614229614
p094,1,5,0.072,0.331,21,47,0.0408163265306122,0.0,76.1089661089661
p094,1,6,0.07,0.243,18,47,0.0204081632653061,0.0,80.63206063206063
p094,1,7,0.072,0.2465,21,45,0.0,0.0,86.76522676522677
p094,1,8,0.072,0.2635,18,41,0.0,0.0,72.79246279246279
p094,1,9,0.072,0.268,21,42,0.0,0.0,80.76692076692076
p094,1,10,0.072,0.2635,18,41,0.0,0.0,72.79246279246279
p094,1,11,0.072,0.247,18,37,0.0,0.0,69.31590931590931
p094,1,12,0.072,0.244,17,37,0.0,0.0,67.23525723525724
p094,1,13,0.072,0.3115,20,45,0.0204081632653061,0.04,71.7931117931118
p094,1,14,0.073,0.273,23,44,0.0204081632653061,0.04,81.26967626967627
p094,1,15,0.071,0.252,18,39,0.0408163265306122,0.02,65.00385000385
p094,1,16,0.072,0.288,20,47,0.0204081632653061,0.0,80.41327041327042
p094,1,17,0.072,0.264,22,43,0.0408163265306122,0.02,78.21656821656822
p094,1,18,0.072,0.2355,21,41,0.0204081632653061,0.0,80.35717035717035
p094,1,19,0.072,0.2715,17,38,0.0204081632653061,0.0,63.38360338360339
p094,1,20,0.072,0.2595,20,38,0.0612244897959183,0.04,63.26205326205326
p094,1,21,0.071,0.2715,16,40,0.0612244897959183,0.12,47.931832931832936
p094,1,22,0.071,0.26,18,42,0.0,0.04,70.95925595925597
p094,1,23,0.0725,0.3235,20,41,0.0,0.0,71.42931392931393
p094,1,24,0.071,0.287,17,42,0.0408163265306122,0.0,64.81739981739982
p094,1,25,0.088,0.3125,20,40,0.0,0.0,67.55788755788755
p094,1,26,0.073,0.304,20,39,0.0,0.02,68.84626384626384
p094,1,27,0.072,0.2545,18,40,0.0204081632653061,0.0,70.03036003036003
p094,1,28,0.072,0.2515,19,44,0.0,0.0,80.22077022077022
p094,1,29,0.071,0.272,18,44,0.0,0.0,76.02586102586102
p094,1,30,0.072,0.272,19,41,0.0,0.0,74.32256432256432
p094,1,31,0.071,0.288,18,47,0.0612244897959183,0.04,67.42385242385244
p094,1,32,0.073,0.3075,20,44,0.0408163265306122,0.04,68.29241329241329
p094,1,33,0.072,0.271,17,40,0.0204081632653061,0.06,60.44220044220044
p094,1,34,0.072,0.304,19,42,0.0612244897959183,0.1,55.99929599929601
p094,1,35,0.072,0.287,22,39,0.0,0.02,75.54796554796555
p094,1,36,0.088,0.296,20,47,0.0204081632653061,0.04,72.09924209924209
p094,1,37,0.072,0.2794999999999999,16,34,0.2448979591836734,0.0,40.7879307879308
p094,1,38,0.072,0.288,21,39,0.0408163265306122,0.0,70.15686015686016
p094,1,39,0.072,0.264,18,46,0.0204081632653061,0.04,73.06801306801307
p094,1,40,0.072,0.3405,23,48,0.0408163265306122,0.0,79.9199199199199
p094,1,41,0.0794999999999999,0.2885,19,40,0.0408163265306122,0.04,61.13753863753866
p094,1,42,0.071,0.272,27,45,0.0204081632653061,0.06,81.27616627616628
p094,1,43,0.073,0.288,23,45,0.0,0.0,87.13488213488215
p094,1,44,0.072,0.288,19,44,0.0204081632653061,0.0,74.18616418616419
p094,2,0,0.072,0.2565,17,44,0.0408163265306122,0.0,70.1964601964602
p094,2,1,0.072,0.252,19,35,0.0,0.0,68.63225863225863
p094,2,2,0.072,0.256,21,45,0.0,0.0,85.8142758142758
p094,2,3,0.072,0.2675,22,43,0.0,0.02,82.62812262812263
p094,2,4,0.072,0.2715,21,40,0.0,0.0,77.85246785246785
p094,2,5,0.072,0.3155,22,43,0.0,0.02,77.82331782331784
p094,2,6,0.088,0.272,18,40,0.0,0.0,66.85003685003684
p094,2,7,0.072,0.231,19,36,0.0,0.0,72.01641201641202
p094,2,8,0.072,0.264,19,39,0.0204081632653061,0.0,70.17831017831018
p094,2,9,0.0635,0.2165,19,44,0.0,0.02,83.77718377718377
p094,2,10,0.072,0.256,17,45,0.0204081632653061,0.0,73.9095139095139
p094,2,11,0.072,0.304,23,41,0.0408163265306122,0.1,66.62200662200662
p094,2,12,0.104,0.296,18,33,0.0,0.02,51.09395109395109
p094,2,13,0.072,0.2635,21,44,0.0,0.02,81.92962192962193
p094,2,14,0.072,0.304,23,45,0.0,0.0,85.77137577137579
p094,2,15,0.073,0.248,19,39,0.0204081632653061,0.0,71.54181654181654
p094,2,16,0.072,0.272,18,42,0.0408163265306122,0.0,68.46175846175845
p094,2,17,0.072,0.288,20,42,0.0204081632653061,0.0,74.003014003014
p094,2,18,0.072,0.256,18,41,0.0,0.0,73.54321354321354
p094,2,19,0.0695,0.252,19,38,0.1020408163265306,0.12,50.05777755777755
p094,2,20,0.072,0.272,21,43,0.0612244897959183,0.04,70.8020108020108
p094,2,21,0.072,0.2435,20,39,0.0816326530612244,0.0,67.46845746845746
p094,2,22,0.072,0.256,18,37,0.0612244897959183,0.0,61.27215127215127
p094,2,23,0.056,0.224,19,36,0.0204081632653061,0.0,72.24092224092225
p094,2,24,0.056,0.248,19,39,0.0,0.0,76.06562606562608
p094,2,25,0.071,0.2555,21,44,0.0,0.0,84.82036982036982
p094,2,26,0.071,0.255,23,44,0.0204081632653061,0.02,85.3995203995204
p094,2,27,0.0705,0.247,19,39,0.0,0.0,74.61810711810712
p094,2,28,0.071,0.2355,21,45,0.0,0.0,88.1044231044231
p094,2,29,0.056,0.2315,16,30,0.2653061224489796,0.3,30.83083083083083
p094,2,30,0.0635,0.2595,21,40,0.0612244897959183,0.06,68.26001826001826
p094,2,31,0.072,0.263,24,47,0.0204081632653061,0.06,84.5030745030745
p094,2,32,0.087,0.2885,19,43,0.0,0.02,69.81173481173481
p094,2,33,0.072,0.244,20,41,0.0,0.0,79.50631950631951
p094,2,34,0.072,0.272,22,43,0.0612244897959183,0.04,73.18296318296318
p094,2,35,0.072,0.256,22,37,0.0,0.0,77.93881793881793
p094,2,36,0.072,0.256,20,37,0.0,0.0,73.17691317691317
p094,2,37,0.071,0.2645,18,40,0.0204081632653061,0.02,67.41560241560241
p094,2,38,0.056,0.252,17,41,0.0204081632653061,0.0,71.08647108647108
p094,2,39,0.072,0.2835,21,40,0.0204081632653061,0.0,74.27031427031427
p094,2,40,0.072,0.2515,18,41,0.0612244897959183,0.0,66.85080685080686
p094,2,41,0.072,0.2165,21,41,0.0,0.0,84.64002464002463
p094,2,42,0.072,0.2435,19,40,0.0408163265306122,0.0,71.13146113146114
p094,2,43,0.072,0.231,19,40,0.0204081632653061,0.0,74.76366476366478
p094,2,44,0.072,0.288,18,40,0.0408163265306122,0.0,64.2960542960543
p094,2,45,0.072,0.312,22,40,0.0612244897959183,0.08,61.629101629101626
p094,2,46,0.071,0.255,20,40,0.0204081632653061,0.0,74.98030998030997
p095,1,0,0.0885,0.2965,20,38,0.0,0.0,66.47633897633898
p095,1,1,0.086,0.487,19,43,0.0204081632653061,0.02,59.21041921041922
p095,1,2,0.087,0.3535,17,41,0.0204081632653061,0.0,55.45012045012046
p095,1,3,0.0825,0.3775,21,42,0.0,0.02,65.90455840455841
p095,1,4,0.077,0.3315,22,45,0.0408163265306122,0.0,74.68528968528967
p095,1,5,0.0825,0.361,15,39,0.0612244897959183,0.0,46.06383856383857
p095,1,6,0.083,0.3185,21,40,0.0204081632653061,0.06,62.59220759220759
p095,1,7,0.081,0.3305,20,44,0.0,0.02,70.6991056991057
p095,1,8,0.0805,0.341,19,42,0.0,0.0,66.67389917389917
p095,1,9,0.083,0.3735,21,43,0.0,0.02,67.06756206756206
p095,1,10,0.084,0.3565,21,45,0.0,0.02,71.04522104522104
p095,1,11,0.082,0.325,18,35,0.0,0.0,56.56304656304656
p095,1,12,0.08,0.301,19,39,0.0,0.0,66.95079695079694
p095,1,13,0.078,0.378,19,44,0.0204081632653061,0.02,62.39723239723239
p095,1,14,0.086,0.394,21,43,0.0204081632653061,0.0,65.82417582417582
p095,1,15,0.0825,0.449,15,40,0.0204081632653061,0.0,50.90659340659341
p095,1,16,0.077,0.4095,18,37,0.0408163265306122,0.0,50.75091575091575
p095,1,17,0.078,0.341,19,43,0.0204081632653061,0.0,66.17023617023618
p095,1,18,0.0825,0.391,19,43,0.0612244897959183,0.0,57.13369963369964
p095,1,19,0.082,0.329,19,39,0.0204081632653061,0.02,59.43899943899944
p095,1,20,0.084,0.3984999999999999,23,49,0.0204081632653061,0.06,70.63492063492063
p095,1,21,0.0775,0.2945,16,31,0.0,0.0,54.64357214357215
p095,1,22,0.0805,0.3285,21,49,0.0,0.02,77.24545974545975
p095,1,23,0.084,0.387,17,42,0.0408163265306122,0.0,53.11355311355312
p095,1,24,0.082,0.3409999999999999,19,41,0.0,0.0,65.03470503470504
p095,1,25,0.082,0.495,22,40,0.0,0.02,65.84045584045583
p095,1,26,0.078,0.436,21,44,0.0,0.02,69.54008954008953
p095,1,27,0.082,0.3429999999999999,17,40,0.0204081632653061,0.0,56.40959640959642
p095,1,28,0.079,0.3925,17,42,0.0,0.0,59.06593406593407
p095,1,29,0.0825,0.362,20,44,0.0,0.0,69.04066154066155
p095,1,30,0.0795,0.3335,17,41,0.0204081632653061,0.0,59.23783673783674
p095,1,31,0.078,0.4285,20,45,0.0204081632653061,0.02,66.06023606023606
p095,1,32,0.0825,0.3405,18,43,0.0204081632653061,0.04,59.06420156420156
p095,1,33,0.079,0.3125,18,42,0.0,0.0,67.5029425029425
p095,1,34,0.082,0.3445,20,41,0.0,0.0,67.06530706530707
p095,1,35,0.084,0.353,19,45,0.0204081632653061,0.0,66.1045661045661
p095,1,36,0.087,0.398,20,44,0.0204081632653061,0.0,64.48717948717949
p095,1,37,0.09,0.367,20,44,0.0408163265306122,0.04,58.28883828883829
p095,1,38,0.084,0.3245,18,39,0.0,0.0,61.26511126511127
p095,1,39,0.0805,0.408,22,45,0.0408163265306122,0.0,69.6978021978022
p095,1,40,0.083,0.3195,22,46,0.0204081632653061,0.0,78.12092312092312
p095,1,41,0.0865,0.405,21,42,0.0,0.0,66.80402930402931
p095,1,42,0.082,0.321,21,42,0.0,0.0,73.08066308066309
p095,1,43,0.0825,0.372,18,37,0.0204081632653061,0.0,51.92244442244442
p095,2,0,0.091,0.302,19,44,0.0204081632653061,0.02,66.40910140910141
p095,2,1,0.0854999999999999,0.331,19,35,0.0204081632653061,0.0,55.129112629112655
p095,2,2,0.0825,0.323,22,46,0.0,0.04,76.56686906686906
p095,2,3,0.084,0.3395,21,43,0.0,0.0,72.03467203467203
p095,2,4,0.086,0.3245,20,41,0.0,0.0,68.11492811492812
p095,2,5,0.084,0.356,23,46,0.0,0.02,77.13922713922715
p095,2,6,0.082,0.3185,20,37,0.0,0.02,62.68785268785269
p095,2,7,0.0785,0.3155,19,38,0.0,0.0,64.57443707443709
p095,2,8,0.082,0.33,21,42,0.0204081632653061,0.0,69.7988097988098
p095,2,9,0.083,0.341,18,40,0.0,0.02,59.281754281754274
p095,2,10,0.0815,0.3585,17,40,0.0204081632653061,0.04,51.27338877338877
p095,2,11,0.084,0.4175,22,44,0.0,0.02,70.49247049247047
p095,2,12,0.084,0.3419999999999999,19,35,0.0204081632653061,0.0,54.38515438515439
p095,2,13,0.09,0.359,20,44,0.0,0.0,67.55524755524756
p095,2,14,0.087,0.3295,23,45,0.0,0.0,79.64739464739465
p095,2,15,0.0845,0.31,19,39,0.0204081632653061,0.0,62.5975150975151
p095,2,16,0.082,0.313,19,42,0.0408163265306122,0.02,62.50580250580251
p095,2,17,0.084,0.443,20,42,0.0204081632653061,0.0,62.63736263736264
p095,2,18,0.0835,0.3205,18,42,0.0,0.0,65.63071313071313
p095,2,19,0.0815,0.333,20,40,0.0204081632653061,0.0,64.67250217250218
p095,2,20,0.0825,0.3425,22,44,0.0408163265306122,0.0,70.99261349261349
p095,2,21,0.0775,0.382,20,40,0.1020408163265306,0.0,52.097069597069584
p095,2,22,0.079,0.3155,17,31,0.0408163265306122,0.0,49.8033748033748
p095,2,23,0.084,0.3575,21,41,0.0,0.0,67.66876766876767
p095,2,24,0.077,0.336,18,37,0.0,0.02,57.364672364672366
p095,2,25,0.082,0.325,23,46,0.0,0.02,80.71852071852072
p095,2,26,0.086,0.324,22,42,0.0204081632653061,0.04,68.12427812427812
p095,2,27,0.081,0.3265,19,42,0.0,0.0,68.00630300630301
p095,2,28,0.0815,0.324,22,45,0.0,0.0,79.12651662651662
p095,2,29,0.0815,0.355,22,45,0.0204081632653061,0.0,73.64246114246116
p095,2,30,0.082,0.3155,22,45,0.0204081632653061,0.02,75.62551562551563
p095,2,31,0.082,0.306,23,48,0.0408163265306122,0.06,75.43686543686545
p095,2,32,0.0845,0.3425,21,45,0.0204081632653061,0.06,66.24291874291873
p095,2,33,0.0815,0.3165,19,43,0.0408163265306122,0.06,59.85284735284736
p095,2,34,0.0835,0.347,25,45,0.0408163265306122,0.06,68.41151591151592
p095,2,35,0.083,0.369,18,30,0.0,0.0,50.638495638495634
p095,2,36,0.0845,0.3735,23,40,0.0,0.0,69.47802197802199
p095,2,37,0.0825,0.4,19,41,0.0204081632653061,0.0,59.33150183150183
p095,2,38,0.0825,0.374,22,44,0.0408163265306122,0.0,67.93956043956045
p095,2,39,0.0845,0.324,19,45,0.0204081632653061,0.0,68.88842138842138
p095,2,40,0.0835,0.293,18,44,0.0408163265306122,0.04,62.48195998195998
p095,2,41,0.081,0.3205,21,41,0.0816326530612244,0.0,62.56294756294756
p095,2,42,0.082,0.284,19,35,0.1632653061224489,0.16,31.566621566621567
p095,2,43,0.083,0.305,19,38,0.0204081632653061,0.0,62.17310717310718
p095,2,44,0.08,0.324,19,40,0.0408163265306122,0.0,61.168641168641166
p095,2,45,0.0825,0.351,22,44,0.0204081632653061,0.0,72.52271502271502
p095,2,46,0.083,0.3015,20,38,0.0408163265306122,0.06,56.96790196790197
p097,1,0,0.079,0.2835,16,29,0.2244897959183673,0.04,35.017160017160016
p097,1,1,0.082,0.296,17,43,0.0204081632653061,0.02,63.1086031086031
p097,1,2,0.0824999999999999,0.303,18,36,0.0612244897959183,0.06,47.22983972983976
p097,1,3,0.071,0.2865,21,38,0.0,0.0,74.02495902495903
p097,1,4,0.071,0.281,20,43,0.0612244897959183,0.04,67.75825275825277
p097,1,5,0.071,0.2845,22,45,0.0408163265306122,0.02,78.96671396671398
p097,1,6,0.078,0.309,18,47,0.0408163265306122,0.06,64.18418418418419
p097,1,7,0.071,0.2735,21,45,0.0408163265306122,0.04,75.83501083501083
p097,1,8,0.071,0.2905,19,44,0.0612244897959183,0.1,60.15284515284517
p097,1,9,0.078,0.315,22,44,0.0,0.0,79.57869957869958
p097,1,10,0.0745,0.2845,19,43,0.0,0.04,71.33647383647384
p097,1,11,0.07,0.269,19,45,0.0,0.02,78.37540837540837
p097,1,12,0.071,0.275,18,39,0.0,0.0,69.31530431530432
p097,1,13,0.07,0.256,21,41,0.0204081632653061,0.04,75.07760507760507
p097,1,14,0.071,0.347,20,45,0.0204081632653061,0.0,72.1813571813572
p097,1,15,0.0785,0.3165,20,34,0.0204081632653061,0.02,57.49427999427999
p097,1,16,0.078,0.3155,18,44,0.0204081632653061,0.0,67.62388762388764
p097,1,17,0.0745,0.2875,19,40,0.0612244897959183,0.0,63.75086625086626
p097,1,18,0.078,0.2715,20,41,0.0,0.0,75.32499532499533
p097,1,19,0.0665,0.3035,18,38,0.1836734693877551,0.0,49.58516208516209
p097,1,20,0.0785,0.275,18,40,0.0204081632653061,0.04,62.72698522698522
p097,1,21,0.071,0.311,20,47,0.0204081632653061,0.0,78.34906334906334
p097,1,22,0.079,0.274,17,38,0.0,0.0,63.84763884763885
p097,1,23,0.078,0.3065,20,46,0.0408163265306122,0.06,67.91428791428793
p097,1,24,0.071,0.308,17,40,0.0408163265306122,0.02,58.2993432993433
p097,1,25,0.0785,0.304,20,43,0.0204081632653061,0.02,70.28399278399279
p097,1,26,0.0745,0.2945,20,40,0.0612244897959183,0.1,56.17185867185867
p097,1,27,0.078,0.2865,19,38,0.0,0.04,63.89268389268389
p097,1,28,0.075,0.3235,17,40,0.0204081632653061,0.0,60.02821502821504
p097,1,29,0.071,0.2675,17,42,0.0,0.0,71.53125653125653
p097,1,30,0.078,0.2905,20,45,0.0,0.04,74.84759484759485
p097,1,31,0.079,0.3914999999999999,18,43,0.0204081632653061,0.08,52.940577940577946
p097,1,32,0.071,0.353,18,43,0.1224489795918367,0.1,43.0907280907281
p097,1,33,0.074,0.309,19,42,0.0204081632653061,0.0,69.04376904376905
p097,1,34,0.071,0.2804999999999999,17,39,0.0,0.0,66.38380138380138
p097,1,35,0.078,0.3045,21,46,0.0,0.02,78.96104896104896
p097,1,36,0.079,0.277,22,41,0.0204081632653061,0.02,75.06545006545007
p097,1,37,0.078,0.286,14,33,0.0204081632653061,0.02,51.14257114257114
p097,1,38,0.078,0.283,21,40,0.0204081632653061,0.0,72.89179289179289
p097,1,39,0.0745,0.272,18,42,0.0204081632653061,0.0,70.24747274747274
p097,1,40,0.078,0.2875,22,48,0.0204081632653061,0.0,83.7966537966538
p097,1,41,0.078,0.2685,19,36,0.0408163265306122,0.0,62.07218207218207
p097,1,42,0.079,0.275,27,45,0.0,0.02,85.15576015576016
p097,1,43,0.086,0.3125,21,38,0.1836734693877551,0.08,43.77685377685378
p097,1,44,0.071,0.276,22,45,0.0,0.0,86.43132143132142
p097,2,0,0.079,0.2685,18,43,0.0204081632653061,0.02,68.95659395659395
p097,2,1,0.077,0.272,20,37,0.1020408163265306,0.04,54.77636977636977
p097,2,2,0.078,0.314,20,48,0.0,0.02,76.9111969111969
p097,2,3,0.085,0.3285,23,45,0.0,0.04,76.51998151998151
p097,2,4,0.071,0.315,20,42,0.0,0.04,70.21565521565522
p097,2,5,0.0834999999999999,0.2865,24,45,0.0,0.0,84.78503228503232
p097,2,6,0.079,0.2995,20,43,0.0204081632653061,0.04,68.76354376354378
p097,2,7,0.078,0.297,18,37,0.0,0.0,62.88233288233289
p097,2,8,0.0725,0.291,20,37,0.0204081632653061,0.0,67.17340967340967
p097,2,9,0.0785,0.281,16,38,0.0,0.0,60.88503338503338
p097,2,10,0.071,0.347,17,40,0.0204081632653061,0.0,58.62824362824364
p097,2,11,0.0725,0.2955,18,41,0.0,0.0,69.47021197021196
p097,2,12,0.0755,0.3005,19,37,0.0204081632653061,0.06,57.57166507166507
p097,2,13,0.0765,0.2915,20,44,0.0,0.0,77.52629002629003
p097,2,14,0.079,0.297,21,45,0.0,0.0,80.04350504350505
p097,2,15,0.0745,0.2785,20,44,0.0204081632653061,0.0,76.92282942282942
p097,2,16,0.071,0.29,22,45,0.0408163265306122,0.02,78.41616341616341
p097,2,17,0.0735,0.335,22,46,0.0204081632653061,0.04,75.12757262757262
p097,2,18,0.079,0.3345,17,45,0.0612244897959183,0.08,52.215677215677225
p097,2,19,0.0705,0.271,18,34,0.2448979591836734,0.02,44.9059774059774
p097,2,20,0.071,0.297,20,45,0.0204081632653061,0.0,77.18636218636219
p097,2,21,0.0715,0.3065,22,40,0.0612244897959183,0.02,67.85425535425536
p097,2,22,0.079,0.492,17,33,0.3469387755102041,0.02,30.29100529100529
p097,2,23,0.071,0.281,17,33,0.0408163265306122,0.0,55.16159016159016
p097,2,24,0.077,0.2835,19,37,0.0204081632653061,0.0,64.47177947177947
p097,2,25,0.071,0.2895,19,41,0.0,0.04,69.1052041052041
p097,2,26,0.071,0.2915,21,43,0.0,0.0,79.93471493471493
p097,2,27,0.079,0.2965,18,37,0.1020408163265306,0.14,37.82656282656282
p097,2,28,0.071,0.306,21,43,0.0816326530612244,0.08,61.55204655204656
p097,2,29,0.07,0.2665,18,36,0.0,0.0,66.55809655809655
p097,2,30,0.071,0.2815,20,41,0.0204081632653061,0.02,71.75785675785676
p097,2,31,0.071,0.3255,21,40,0.0816326530612244,0.08,55.75394075394076
p097,2,32,0.0715,0.3055,21,44,0.0816326530612244,0.0,70.17250767250768
p097,2,33,0.072,0.267,19,44,0.0,0.02,76.81736681736682
p097,2,34,0.0705,0.3115,20,41,0.0408163265306122,0.06,62.789245289245294
p097,2,35,0.0775,0.341,22,41,0.0408163265306122,0.0,68.48708598708599
p097,2,36,0.0765,0.293,22,39,0.0,0.0,75.72778822778824
p097,2,37,0.0785,0.313,20,37,0.0,0.0,65.92358842358843
p097,2,38,0.0785,0.3245,18,39,0.0408163265306122,0.04,54.10902660902661
p097,2,39,0.079,0.284,18,43,0.0204081632653061,0.0,69.25689425689426
p097,2,40,0.0785,0.289,19,34,0.0612244897959183,0.1,45.69676819676821
p097,2,41,0.0785,0.318,19,42,0.0408163265306122,0.0,64.6904871904872
p097,2,42,0.078,0.282,21,42,0.0204081632653061,0.0,75.55599555599557
p097,2,43,0.079,0.3065,19,39,0.0204081632653061,0.02,62.40553740553741
p097,2,44,0.079,0.3095,19,41,0.0408163265306122,0.0,64.14023914023915
p097,2,45,0.078,0.301,21,42,0.0204081632653061,0.0,73.65409365409367
p097,2,46,0.0925,0.3235,19,39,0.1020408163265306,0.02,47.96574046574046
p097,2,47,0.0725,0.269,20,37,0.2448979591836734,0.02,53.23804573804574
p098,1,0,0.0685,0.223,12,23,0.4489795918367347,0.52,30.610253110253108
p098,1,1,0.0955,0.2545,17,34,0.0612244897959183,0.12,38.488845988846
p098,1,2,0.08,0.2105,16,43,0.0204081632653061,0.0,71.61425161425161
p098,1,3,0.085,0.215,17,43,0.0204081632653061,0.0,72.35427735427736
p098,1,4,0.0765,0.239,18,37,0.0408163265306122,0.06,58.72782122782123
p098,1,5,0.1015,0.2275,18,41,0.1428571428571428,0.1,43.44633094633095
p098,1,6,0.078,0.207,21,46,0.0408163265306122,0.0,85.81075581075582
p098,1,7,0.089,0.261,20,47,0.0408163265306122,0.02,74.83554983554983
p098,1,8,0.092,0.307,18,37,0.1632653061224489,0.26,25.214665214665214
p098,1,9,0.0745,0.209,16,41,0.0,0.0,72.89077539077537
p098,1,10,0.0905,0.2535,14,27,0.2244897959183673,0.28,22.31910481910482
p098,1,11,0.0895,0.275,21,41,0.0816326530612244,0.18,48.42702592702593
p098,1,12,0.0805,0.2295,18,40,0.0408163265306122,0.06,62.57254507254507
p098,1,13,0.0925,0.232,19,45,0.0,0.0,78.57382107382107
p098,1,14,0.0695,0.2235,19,36,0.0204081632653061,0.04,67.27774477774477
p098,1,15,0.07,0.2105,20,39,0.0,0.04,77.06805706805707
p098,1,16,0.0885,0.2575,18,44,0.1020408163265306,0.12,50.29477279477279
p098,1,17,0.0825,0.231,20,44,0.0,0.06,76.5982190982191
p098,1,18,0.0854999999999999,0.2555,18,45,0.0816326530612244,0.1,56.72411422411425
p098,1,19,0.0895,0.247,21,47,0.0204081632653061,0.04,79.02795652795653
p098,1,20,0.0895,0.26,19,41,0.1020408163265306,0.1,50.19307769307769
p098,1,21,0.071,0.211,20,43,0.0,0.0,85.61182061182062
p098,1,22,0.0825,0.2315,18,40,0.1224489795918367,0.08,50.52049302049301
p098,1,23,0.082,0.2355,20,39,0.0204081632653061,0.02,71.17931117931117
p098,1,24,0.0885,0.2435,21,48,0.0408163265306122,0.04,77.23544973544973
p098,1,25,0.0925,0.248,16,36,0.0612244897959183,0.1,41.8887843887844
p098,1,26,0.085,0.2309999999999999,20,47,0.0,0.0,85.40469040469041
p098,1,27,0.0815,0.263,18,40,0.0204081632653061,0.06,61.36204886204886
p098,1,28,0.0895,0.265,18,42,0.0612244897959183,0.12,51.503729003729006
p098,1,29,0.085,0.245,18,33,0.1428571428571428,0.18,29.24138424138424
p098,1,30,0.078,0.2465,21,40,0.0,0.04,75.22269522269522
p098,1,31,0.0854999999999999,0.2615,19,44,0.0408163265306122,0.1,61.98431948431951
p098,1,32,0.0995,0.2445,15,38,0.0612244897959183,0.1,43.136570636570646
p098,1,33,0.0865,0.242,18,43,0.0,0.02,72.2044847044847
p098,1,34,0.1035,0.2535,21,48,0.0204081632653061,0.08,71.34026884026885
p098,1,35,0.0854999999999999,0.239,19,42,0.0204081632653061,0.06,67.75712525712528
p098,1,36,0.0835,0.252,16,46,0.0612244897959183,0.08,58.30360580360581
p098,1,37,0.092,0.245,19,42,0.0612244897959183,0.1,57.143297143297154
p098,1,38,0.0875,0.2425,18,41,0.0204081632653061,0.02,66.97128447128448
p098,1,39,0.091,0.256,17,41,0.0408163265306122,0.1,52.617287617287616
p098,1,40,0.0835,0.2355,21,41,0.0,0.04,76.29632379632379
p098,1,41,0.086,0.2465,18,43,0.0408163265306122,0.06,63.40747340747342
p098,1,42,0.0844999999999999,0.2595,17,41,0.0408163265306122,0.06,57.51826001826006
p098,1,43,0.0845,0.223,21,42,0.0408163265306122,0.04,73.82962632962634
p098,1,44,0.078,0.227,16,40,0.0204081632653061,0.0,66.5926365926366
p098,1,45,0.0775,0.251,24,49,0.0204081632653061,0.04,86.24660374660375
p098,1,46,0.0805,0.2195,17,38,0.0204081632653061,0.0,66.56499906499907
p098,1,47,0.08,0.2415,27,44,0.0,0.02,86.988966988967
p098,1,48,0.0785,0.242,24,49,0.0,0.04,89.29036179036179
p098,1,49,0.1015,0.2339999999999999,20,41,0.1224489795918367,0.18,42.53113003113004
p098,2,0,0.071,0.203,17,42,0.1020408163265306,0.08,58.32519332519333
p098,2,1,0.08,0.2175,20,38,0.0204081632653061,0.0,74.02710402710403
p098,2,2,0.081,0.2245,17,38,0.1428571428571428,0.2,34.99306999306999
p098,2,3,0.078,0.2215,21,46,0.0204081632653061,0.0,86.74025674025673
p098,2,4,0.0775,0.2065,20,35,0.1224489795918367,0.16,45.15771265771266
p098,2,5,0.0805,0.2255,19,42,0.0204081632653061,0.04,72.15080465080464
p098,2,6,0.0725,0.2035,21,45,0.0204081632653061,0.06,82.71367521367522
p098,2,7,0.073,0.213,18,39,0.0,0.0,75.04532004532005
p098,2,8,0.0795,0.2355,19,39,0.0,0.06,68.07084557084558
p098,2,9,0.082,0.22,20,42,0.0204081632653061,0.0,78.42886842886843
p098,2,10,0.07,0.2245,18,40,0.0,0.06,70.33495033495034
p098,2,11,0.072,0.2235,15,34,0.1836734693877551,0.22,29.72686972686972
p098,2,12,0.08,0.243,17,44,0.0612244897959183,0.1,58.00283800283801
p098,2,13,0.0805,0.242,24,41,0.0408163265306122,0.1,70.80440330440331
p098,2,14,0.086,0.233,16,34,0.0408163265306122,0.02,52.16216216216217
p098,2,15,0.0725,0.2229999999999999,22,45,0.0408163265306122,0.06,81.06202356202357
p098,2,16,0.0755,0.2245,24,46,0.0,0.02,92.3261998261998
p098,2,17,0.0765,0.224,21,40,0.0204081632653061,0.02,77.30298980298981
p098,2,18,0.0765,0.218,17,41,0.0816326530612244,0.08,56.96341946341946
p098,2,19,0.073,0.2235,20,43,0.0612244897959183,0.1,67.48226248226248
p098,2,20,0.0835,0.2275,20,47,0.0204081632653061,0.02,81.87937937937939
p098,2,21,0.086,0.238,19,41,0.0612244897959183,0.1,57.99051799051799
p098,2,22,0.0785,0.2334999999999999,19,39,0.0816326530612244,0.16,49.72607222607223
p098,2,23,0.07,0.194,22,43,0.0408163265306122,0.0,86.30036630036629
p098,2,24,0.0685,0.233,20,39,0.1020408163265306,0.04,63.26818576818577
p098,2,25,0.0755,0.209,17,35,0.0612244897959183,0.04,56.49476399476401
p098,2,26,0.065,0.213,20,40,0.0408163265306122,0.06,72.67657767657768
p098,2,27,0.082,0.229,20,41,0.0204081632653061,0.04,72.54221254221254
p098,2,28,0.079,0.2175,22,44,0.0,0.0,89.1003641003641
p098,2,29,0.077,0.2115,19,40,0.0612244897959183,0.06,65.20768020768021
p098,2,30,0.076,0.2095,19,41,0.0,0.0,79.62643962643962
p098,2,31,0.073,0.1965,19,41,0.0,0.02,78.78917378917377
p098,2,32,0.0775,0.2395,23,43,0.0408163265306122,0.06,78.03674553674556
p098,2,33,0.077,0.2255,19,38,0.1224489795918367,0.18,42.98820798820799
p098,2,34,0.088,0.2335,22,45,0.0,0.04,82.93425293425294
p098,2,35,0.07,0.2265,20,45,0.0,0.02,85.010615010615
p098,2,36,0.0765,0.2195,20,39,0.0408163265306122,0.06,68.00578050578052
p098,2,37,0.08,0.225,21,40,0.0204081632653061,0.0,78.22140822140821
p098,2,38,0.073,0.2175,24,44,0.0408163265306122,0.06,82.5924275924276
p098,2,39,0.073,0.231,20,34,0.0204081632653061,0.04,65.51051051051051
p098,2,40,0.0785,0.2255,19,36,0.0204081632653061,0.02,66.78653928653928
p098,2,41,0.087,0.228,17,42,0.0,0.0,71.67568667568668
p098,2,42,0.082,0.211,21,39,0.0408163265306122,0.02,73.63176363176363
p098,2,43,0.0775,0.2145,19,42,0.0408163265306122,0.0,75.28894278894279
p098,2,44,0.074,0.2195,21,42,0.0204081632653061,0.02,80.91278091278092
p098,2,45,0.076,0.205,21,41,0.0204081632653061,0.02,80.45584045584046
p098,2,46,0.0775,0.217,19,42,0.0408163265306122,0.0,75.03869253869253
p098,2,47,0.072,0.211,20,42,0.0204081632653061,0.02,79.85886985886985
p098,2,48,0.0875,0.227,20,44,0.0204081632653061,0.04,75.27904277904277
p098,2,49,0.0795,0.244,20,38,0.0204081632653061,0.02,69.64164714164714
p099,1,0,0.0854999999999999,0.2515,18,38,0.0204081632653061,0.08,57.14486464486467
p099,1,1,0.0795,0.285,15,47,0.0612244897959183,0.12,53.53103103103104
p099,1,2,0.0965,0.3,17,38,0.0204081632653061,0.0,54.6974171974172
p099,1,3,0.08,0.3275,24,44,0.0204081632653061,0.04,74.14755414755415
p099,1,4,0.086,0.293,20,43,0.0408163265306122,0.02,67.21842721842721
p099,1,5,0.0905,0.3035,20,42,0.0612244897959183,0.12,52.17368467368468
p099,1,6,0.0849999999999999,0.302,17,42,0.0204081632653061,0.02,60.511665511665534
p099,1,7,0.0805,0.2605,21,46,0.0204081632653061,0.0,82.24111474111474
p099,1,8,0.0795,0.2895,18,41,0.0612244897959183,0.14,48.298325798325806
p099,1,9,0.081,0.3065,20,44,0.0,0.0,74.95335995335995
p099,1,10,0.0895,0.2695,21,43,0.0408163265306122,0.04,69.26654676654677
p099,1,11,0.083,0.2835,19,46,0.0408163265306122,0.06,66.64516164516165
p099,1,12,0.0815,0.291,19,36,0.0,0.02,61.896649396649394
p099,1,13,0.083,0.251,18,39,0.0204081632653061,0.04,62.775907775907775
p099,1,14,0.087,0.3325,19,45,0.0,0.06,64.26772926772928
p099,1,15,0.083,0.2715,20,43,0.0,0.04,72.99491799491798
p099,1,16,0.08,0.2605,19,41,0.0408163265306122,0.04,65.10334510334509
p099,1,17,0.0795,0.275,22,48,0.0204081632653061,0.02,82.83891033891034
p099,1,18,0.0805,0.275,18,43,0.0816326530612244,0.1,53.3985358985359
p099,1,19,0.077,0.277,21,44,0.0,0.0,81.23964623964623
p099,1,20,0.081,0.255,17,37,0.0408163265306122,0.0,59.22939422939424
p099,1,21,0.0825,0.2865,17,40,0.1224489795918367,0.18,33.37477587477588
p099,1,22,0.078,0.2535,22,47,0.0204081632653061,0.02,85.34820534820535
p099,1,23,0.086,0.295,16,32,0.0,0.0,52.56971256971258
p099,1,24,0.084,0.2835,21,47,0.0408163265306122,0.08,70.5991705991706
p099,1,25,0.0805,0.293,19,41,0.0204081632653061,0.04,64.11199661199662
p099,1,26,0.079,0.304,16,41,0.0204081632653061,0.0,59.92888492888493
p099,1,27,0.0825,0.413,22,39,0.1836734693877551,0.16,34.809727309727315
p099,1,28,0.0835,0.394,22,41,0.0612244897959183,0.1,52.21509971509972
p099,1,29,0.067,0.2115,15,28,0.4489795918367347,0.04,45.08151008151008
p099,1,30,0.074,0.27,18,43,0.0816326530612244,0.16,49.89109989109989
p099,1,31,0.086,0.296,19,43,0.0204081632653061,0.04,65.06627506627507
p099,1,32,0.0854999999999999,0.2945,17,40,0.0408163265306122,0.06,52.494609994610016
p099,1,33,0.086,0.311,20,43,0.0,0.04,68.32667832667833
p099,1,34,0.0775,0.2865,17,42,0.0,0.0,68.08173558173557
p099,1,35,0.0785,0.298,19,43,0.0204081632653061,0.02,68.50364100364101
p099,1,36,0.0765,0.2785,19,41,0.0204081632653061,0.02,68.36768086768086
p099,1,37,0.082,0.283,18,42,0.0,0.0,69.74160974160974
p099,1,38,0.078,0.2845,22,42,0.0204081632653061,0.04,73.98299398299399
p099,1,39,0.0865,0.3065,18,44,0.0,0.02,67.03007953007953
p099,1,40,0.0815,0.2725,18,42,0.0612244897959183,0.08,56.36144386144387
p099,1,41,0.0815,0.3,21,42,0.0612244897959183,0.12,57.04784454784456
p099,1,42,0.0785,0.2795,18,41,0.0408163265306122,0.06,59.32578182578183
p099,1,43,0.081,0.2735,18,38,0.1224489795918367,0.16,36.7019217019217
p099,1,44,0.0765,0.273,23,47,0.0408163265306122,0.02,83.75339625339625
p099,1,45,0.0765,0.2915,21,43,0.0816326530612244,0.14,56.13841863841865
p099,1,46,0.08,0.263,26,44,0.0,0.0,86.68866668866669
p099,1,47,0.079,0.2695,24,47,0.0204081632653061,0.04,84.03760903760903
p099,1,48,0.078,0.2735,20,45,0.0408163265306122,0.04,71.7873917873918
p099,2,0,0.083,0.269,17,44,0.0612244897959183,0.1,54.68594968594969
p099,2,1,0.0815,0.2885,19,47,0.0612244897959183,0.14,57.995495495495504
p099,2,2,0.0845,0.27,20,44,0.0408163265306122,0.08,65.6043681043681
p099,2,3,0.0805,0.277,20,38,0.1224489795918367,0.18,39.38067188067188
p099,2,4,0.0854999999999999,0.244,23,45,0.0,0.04,84.85939235939239
p099,2,5,0.079,0.2774999999999999,20,43,0.0204081632653061,0.1,65.41019041019041
p099,2,6,0.1055,0.298,25,46,0.0204081632653061,0.06,71.74132924132924
p099,2,7,0.0845,0.2715,17,39,0.0,0.0,64.07041657041657
p099,2,8,0.0795,0.263,19,40,0.0,0.0,72.15569965569965
p099,2,9,0.081,0.2545,20,43,0.0408163265306122,0.08,66.7072017072017
p099,2,10,0.084,0.2755,21,44,0.1020408163265306,0.14,54.85540485540485
p099,2,11,0.0845,0.268,17,40,0.0408163265306122,0.14,47.97795047795048
p099,2,12,0.087,0.2855,16,39,0.0204081632653061,0.0,57.31187231187232
p099,2,13,0.0835,0.282,21,43,0.0,0.0,77.9094754094754
p099,2,14,0.0765,0.2555,20,40,0.0204081632653061,0.04,69.91703241703242
p099,2,15,0.083,0.2585,20,45,0.0408163265306122,0.1,66.54286154286153
p099,2,16,0.0854999999999999,0.3045,21,44,0.0204081632653061,0.1,64.82287232287234
p099,2,17,0.0835,0.303,24,48,0.0204081632653061,0.06,77.76097526097526
p099,2,18,0.0865,0.308,19,41,0.0612244897959183,0.12,49.01261151261152
p099,2,19,0.0795,0.26,18,42,0.0408163265306122,0.0,67.87724537724537
p099,2,20,0.0775,0.2715,21,48,0.0408163265306122,0.08,73.34799084799084
p099,2,21,0.0795,0.254,21,45,0.0204081632653061,0.04,78.14410564410564
p099,2,22,0.0825,0.2845,20,42,0.0204081632653061,0.0,71.85336435336436
p099,2,23,0.0875,0.277,20,43,0.0408163265306122,0.0,70.31473781473781
p099,2,24,0.0795,0.2725,19,42,0.0816326530612244,0.08,56.83763433763435
p099,2,25,0.0815,0.2795,21,45,0.0612244897959183,0.06,68.501606001606
p099,2,26,0.083,0.2765,20,42,0.0612244897959183,0.08,60.365805365805365
p099,2,27,0.087,0.2585,22,46,0.0612244897959183,0.08,71.10533610533612
p099,2,28,0.081,0.2525,18,39,0.0204081632653061,0.08,59.3982443982444
p099,2,29,0.087,0.2665,22,45,0.0,0.0,83.57274857274857
p099,2,30,0.0805,0.2755,22,42,0.0204081632653061,0.02,76.14050864050864
p099,2,31,0.078,0.253,20,45,0.0204081632653061,0.04,76.22039622039622
p099,2,32,0.081,0.2595,18,42,0.0816326530612244,0.12,51.6971366971367
p099,2,33,0.074,0.264,23,43,0.0204081632653061,0.02,82.5022825022825
p099,2,34,0.0845,0.28,17,41,0.1428571428571428,0.26,32.45033495033495
p099,2,35,0.0815,0.2685,22,46,0.0204081632653061,0.02,81.73131923131923
p099,2,36,0.083,0.2465,23,48,0.0,0.04,87.76848276848277
p099,2,37,0.0865,0.254,17,36,0.1428571428571428,0.2,28.166490666490663
p099,2,38,0.0854999999999999,0.2965,20,42,0.0408163265306122,0.12,56.44581394581397
p099,2,39,0.0895,0.2655,22,43,0.0408163265306122,0.0,75.75160325160326
p099,2,40,0.0854999999999999,0.268,21,33,0.0,0.0,67.29622479622482
p099,2,41,0.079,0.3065,24,43,0.0,0.06,75.73480073480074
p099,2,42,0.087,0.265,18,40,0.0204081632653061,0.02,63.55602855602856
p099,2,43,0.086,0.278,18,42,0.0408163265306122,0.08,57.12041712041713
p099,2,44,0.0845,0.2775,20,43,0.0816326530612244,0.12,55.105957605957606
p099,2,45,0.092,0.268,21,47,0.0204081632653061,0.02,78.18246818246818
p099,2,46,0.08,0.268,18,43,0.0816326530612244,0.1,54.21828421828423
p099,2,47,0.0865,0.2595,19,40,0.1224489795918367,0.14,43.590706090706085
p099,2,48,0.085,0.2745,20,42,0.0612244897959183,0.06,61.94166694166695
p099,2,49,0.0755,0.2535,19,35,0.2653061224489796,0.3,34.315441815441815
p099,2,50,0.082,0.261,20,39,0.0612244897959183,0.1,56.45744645744647
p099,2,51,0.0845,0.2895,18,38,0.1224489795918367,0.18,32.41513491513492
p099,2,52,0.087,0.267,20,41,0.1020408163265306,0.14,48.76486376486376
p099,2,53,0.086,0.2835,21,40,0.0204081632653061,0.0,70.93698093698093
p100,1,0,0.1115,0.266,17,40,0.0,0.06,53.91889141889143
p100,1,1,0.0854999999999999,0.218,15,41,0.1428571428571428,0.16,37.889345389345415
p100,1,2,0.0895,0.2445,19,42,0.1224489795918367,0.14,46.94202444202444
p100,1,3,0.088,0.252,18,39,0.1224489795918367,0.14,40.32131032131032
p100,1,4,0.0885,0.2525,18,36,0.1224489795918367,0.18,32.602355102355105
p100,1,5,0.0895,0.2425,17,32,0.2448979591836734,0.28,26.03925353925354
p100,1,6,0.0915,0.306,20,43,0.0816326530612244,0.12,50.5864380864381
p100,1,7,0.099,0.2545,17,42,0.1020408163265306,0.08,46.85372185372184
p100,1,8,0.1015,0.269,20,45,0.0408163265306122,0.02,68.49445599445598
p100,1,9,0.0935,0.2315,21,40,0.1428571428571428,0.2,43.40409090409091
p100,1,10,0.0975,0.24,19,43,0.0408163265306122,0.08,61.84912934912935
p100,1,11,0.0975,0.2565,17,41,0.0816326530612244,0.12,44.40586190586191
p100,1,12,0.111,0.278,21,43,0.0612244897959183,0.0,64.61939961939962
p100,1,13,0.1095,0.286,18,42,0.0204081632653061,0.08,53.10533060533061
p100,1,14,0.1095,0.273,18,42,0.0612244897959183,0.1,47.792875292875294
p100,1,15,0.0935,0.255,19,40,0.0612244897959183,0.12,51.36919886919887
p100,1,16,0.1135,0.271,18,40,0.0204081632653061,0.08,51.09034859034859
p100,1,17,0.104,0.251,19,44,0.0408163265306122,0.06,62.33431233431235
p100,1,18,0.0995,0.268,19,37,0.0816326530612244,0.12,42.41221991221992
p100,1,19,0.1,0.276,19,43,0.0816326530612244,0.08,52.88838288838289
p100,1,20,0.1,0.27,21,47,0.0408163265306122,0.04,71.84470184470185
p100,1,21,0.106,0.285,19,44,0.0612244897959183,0.06,56.07376607376608
p100,1,22,0.106,0.2895,21,44,0.0408163265306122,0.04,64.61802461802462
p100,1,23,0.1,0.2365,19,42,0.0612244897959183,0.0,65.34864534864535
p100,1,24,0.098,0.231,17,38,0.0816326530612244,0.12,42.993212993213
p100,1,25,0.092,0.2925,22,43,0.0816326530612244,0.12,56.580646580646594
p100,1,26,0.1035,0.246,16,37,0.0816326530612244,0.12,36.51918401918403
p100,1,27,0.0985,0.2345,17,37,0.1428571428571428,0.18,28.54335104335104
p100,1,28,0.1015,0.253,20,49,0.0204081632653061,0.06,71.33740883740883
p100,1,29,0.102,0.2925,18,42,0.0816326530612244,0.06,48.94938894938897
p100,1,30,0.104,0.2595,16,40,0.0204081632653061,0.04,53.44520344520345
p100,1,31,0.0945,0.2345,19,40,0.1224489795918367,0.18,40.48474298474299
p100,1,32,0.102,0.2645,19,37,0.0612244897959183,0.14,42.6964326964327
p100,1,33,0.1015,0.245,19,35,0.1020408163265306,0.18,33.73772123772124
p100,1,34,0.104,0.2465,17,37,0.1020408163265306,0.1,38.2019382019382
p100,1,35,0.0965,0.279,18,42,0.1020408163265306,0.18,38.11820061820061
p100,1,36,0.093,0.2565,16,40,0.1224489795918367,0.24,31.496826496826497
p100,1,37,0.087,0.23,15,37,0.2040816326530612,0.28,29.35094435094435
p100,1,38,0.112,0.2615,23,46,0.0,0.04,78.08016808016808
p100,1,39,0.1035,0.31,17,44,0.0612244897959183,0.08,47.55274505274506
p100,1,40,0.091,0.3025,16,42,0.1224489795918367,0.16,31.78436678436678
p100,1,41,0.102,0.271,21,38,0.1020408163265306,0.14,43.327833327833325
p100,1,42,0.0915,0.3235,17,40,0.0816326530612244,0.2,32.2901197901198
p100,1,43,0.1115,0.299,20,42,0.0408163265306122,0.06,55.560643060643066
p100,1,44,0.095,0.2325,19,39,0.1632653061224489,0.2,36.9028919028919
p100,1,45,0.0995,0.2825,21,44,0.0,0.06,69.77639727639728
p100,1,46,0.1105,0.266,13,31,0.0204081632653061,0.0,47.25832975832976
p100,1,47,0.104,0.239,21,42,0.0408163265306122,0.04,67.5851675851676
p100,1,48,0.094,0.244,18,41,0.1020408163265306,0.12,46.49044649044649
p100,1,49,0.0935,0.236,18,39,0.1224489795918367,0.2,36.90968440968441
p100,1,50,0.0955,0.2835,21,44,0.0816326530612244,0.14,53.6974611974612
p100,1,51,0.098,0.2635,20,43,0.0612244897959183,0.08,59.37772937772939
p100,1,52,0.1,0.2345,25,44,0.0,0.02,82.92776292776293
p100,1,53,0.088,0.2415,23,43,0.0816326530612244,0.16,61.31538131538131
p100,1,54,0.088,0.2585,23,46,0.0204081632653061,0.06,79.86194986194987
p100,1,55,0.1005,0.242,19,41,0.0612244897959183,0.06,57.84144034144035
p100,2,0,0.093,0.243,16,42,0.1224489795918367,0.12,40.96783596783597
p100,2,1,0.0915,0.272,19,46,0.0816326530612244,0.16,51.75133925133926
p100,2,2,0.092,0.256,20,45,0.0,0.02,76.81956681956682
p100,2,3,0.0835,0.268,22,48,0.0408163265306122,0.06,76.50257400257401
p100,2,4,0.088,0.2685,22,45,0.0204081632653061,0.06,75.19794519794519
p100,2,5,0.0849999999999999,0.245,16,36,0.1020408163265306,0.18,31.805486805486822
p100,2,6,0.093,0.2774999999999999,25,46,0.0204081632653061,0.06,76.76957176957178
p100,2,7,0.088,0.265,21,41,0.0612244897959183,0.14,55.86982586982587
p100,2,8,0.092,0.2595,18,40,0.0,0.08,59.74149974149973
p100,2,9,0.078,0.26,18,37,0.0204081632653061,0.1,54.94582494582495
p100,2,10,0.1085,0.2745,20,42,0.0204081632653061,0.04,62.96018546018546
p100,2,11,0.0895,0.2605,18,41,0.0408163265306122,0.08,56.75678425678425
p100,2,12,0.1,0.273,15,39,0.0408163265306122,0.1,43.82767382767383
p100,2,13,0.0885,0.2675,15,37,0.1020408163265306,0.22,30.001952501952506
p100,2,14,0.082,0.2835,22,43,0.1224489795918367,0.22,49.54503954503954
p100,2,15,0.0875,0.2615,18,39,0.0408163265306122,0.08,54.56877206877206
p100,2,16,0.083,0.2465,18,47,0.0204081632653061,0.08,69.77906477906478
p100,2,17,0.0955,0.2435,20,45,0.0204081632653061,0.06,71.15282865282866
p100,2,18,0.0895,0.2585,24,48,0.0408163265306122,0.12,72.85035035035037
p100,2,19,0.09,0.248,20,43,0.0612244897959183,0.08,62.83404283404284
p100,2,20,0.087,0.236,17,43,0.0612244897959183,0.04,61.31037631037631
p100,2,21,0.084,0.2525,22,46,0.0204081632653061,0.02,82.73768273768273
p100,2,22,0.09,0.242,23,45,0.0408163265306122,0.08,75.52255552255552
p100,2,23,0.094,0.2485,22,41,0.0408163265306122,0.06,68.26221826221827
p100,2,24,0.098,0.259,23,47,0.0,0.02,84.7976547976548
p100,2,25,0.0815,0.294,19,36,0.1224489795918367,0.1,39.903227403227405
p100,2,26,0.0885,0.249,23,44,0.1428571428571428,0.16,54.58477708477708
p100,2,27,0.091,0.266,17,40,0.0816326530612244,0.16,40.01677501677502
p100,2,28,0.1015,0.263,18,32,0.0408163265306122,0.02,50.23058773058773
p100,2,29,0.1075,0.3035,19,43,0.0204081632653061,0.08,55.492772992773006
p100,2,30,0.1015,0.271,22,48,0.0,0.02,80.38216788216788
p100,2,31,0.0975,0.2635,19,43,0.0408163265306122,0.08,59.49677699677701
p100,2,32,0.092,0.23,21,44,0.0408163265306122,0.02,75.75916575916575
p100,2,33,0.1025,0.264,21,41,0.0204081632653061,0.06,64.68685718685718
p100,2,34,0.109,0.249,23,46,0.0204081632653061,0.06,75.8129008129008
p100,2,35,0.0965,0.263,22,43,0.0612244897959183,0.1,62.6949751949752
p100,2,36,0.0985,0.2339999999999999,19,39,0.0816326530612244,0.08,52.32152482152484
p100,2,37,0.097,0.24,23,48,0.0,0.02,86.93765193765194
p100,2,38,0.093,0.246,18,41,0.0816326530612244,0.14,47.05744205744207
p100,2,39,0.0965,0.253,21,42,0.0,0.02,74.58323708323708
p100,2,40,0.105,0.2585,22,43,0.0408163265306122,0.0,72.76182776182776
p100,2,41,0.0885,0.245,25,44,0.0408163265306122,0.1,72.44549494549496
p100,2,42,0.096,0.2665,21,37,0.0,0.02,66.94067694067695
p100,2,43,0.105,0.2375,17,39,0.0204081632653061,0.0,60.21191521191522
p100,2,44,0.098,0.228,19,42,0.0204081632653061,0.04,67.73388773388773
p100,2,45,0.088,0.252,18,41,0.1632653061224489,0.2,36.80075680075681
p100,2,46,0.0849999999999999,0.24,21,44,0.0816326530612244,0.12,62.40366740366744
p100,2,47,0.107,0.263,19,46,0.0612244897959183,0.04,62.453827453827465
p100,2,48,0.092,0.2515,23,47,0.0204081632653061,0.1,77.18861718861719
p100,2,49,0.096,0.258,20,42,0.0204081632653061,0.04,67.5880275880276
p100,2,50,0.094,0.215,20,42,0.0408163265306122,0.02,71.83942183942186
p100,2,51,0.088,0.228,21,43,0.0204081632653061,0.02,78.01064801064801
p100,2,52,0.096,0.242,20,43,0.0204081632653061,0.02,72.32353232353232
p100,2,53,0.0865,0.232,20,42,0.0612244897959183,0.1,62.13507463507464
p100,2,54,0.0875,0.2075,18,34,0.1428571428571428,0.2,32.3998998998999
